title|lang
The Sleepwalker|English
The Phoenix Incident|English
Vampire Journals|English
The Voices|English
The Voices|English
Three Blind Mice|English
Three Blind Mice|English
Three Blind Mice|English
Three Blind Mice|English
Transfer|German
The Tomorrow Man|English
The Tomorrow Man|English
The Tomorrow Man|English
The Vigil|Spanish
The Vigil|English
The Vigil|English
Wildest Dreams|English
Zombiegeddon|English
With Friends Like These...|English
One of Them|English
Out of Reach|English
Out of Reach|English
Noor|Hindi
Noor|Urdu
Men to Boys|
Passion Lane|English
Mulva 2: Kill Teen Ape!|English
Martial Law II: Undercover|English
Nowhere to Run|English
Nowhere to Run|English
No Logo|English
Outside the Law: Stories from Guantanamo|English
Neowolf|English
Motives|English
One in a Million|English
Night of the Demons III|English
Princess of Mars|English
Recipe for Love|English
Recipe for Love|Filipino
Playground|Polish
Playground|French (France)
Playground|English
Hobbs End|English
Hurricane Strip|English
Halo Legends|English
Fugitive Rage|English
Gimme Shelter|English
Gimme Shelter|English
Lords of the Barrio|English
Labor of Love|Bangla
Living Is Winning|English
Killer|English
Killer|
Killer|English
Killer|Russian
Love on a Leash|English
Leroy & Stitch|English
Life on Mars|
Loaded Guns: The Movie|English
Lost Prophets: Search for the Collective|English
Malpractice|English
Leprechaun in the Hood|English
Let Freedom Ring|English
Legend of the Chupacabra|English
The Lifeguard|English
Spark|English
Spark|English
Spark|Chinese
Swimming Upstream|English
Swimming Upstream|English
The Fourth Wall|English
The Land Before Time III: The Time of the Great Giving|English
The Bond|English
The Bond|
Stripperland|English
The Dope Game|English
Strive|English
The Amazing Bulk|English
The Mysterious Stone Monuments of Markawasi Peru|English
Sublime: Stories, Tales, Lies & Exaggerations|
Styx|English
Styx|English
Styx|English
Vampires and Other Stereotypes|English
The Prophecy II|English
The Van|English
The Van|English
Wave Babes|English
The Skulls II|English
White Room|English
Toe to Toe|English
The Stoneman|English
War of the Worlds 2: The Next Wave|English
Vampegeddon|English
The Stick Up Kids|English
Vapid Shallow Models Must Die!|
The Quest|English
The Quest|English
The Quest|English
Why Did I Get Married?|English
The Vulture's Eye|English
The Pig Who Cried Werewolf|English
The Worst Horror Movie Ever Made: The Re-Make|English
The Whistler|English
The Whistler|French (Canada)
The Whistler|English
Silent Voice|French (Canada)
Silent Voice|French (Canada)
Real|English (United Kingdom)
Real|Japanese
Real|English
Ravage|English
Ravage|English
Psychos in the Woods|English
Shadow People|English
Shadow People|English
Recoil|English
Recoil|English
Recoil|
Recoil|English
Rank|English
Sombrero|English
Reprisal|English
Run|
Run|English
Run|English
Run|English
Run|French (France)
Run|English (United Kingdom)
Run|English
Run|
Run|English
Run|English
Risen|English
Risen|English
Risen|English
Risen|English
Return in Red|English
Room for Rent|English
Room for Rent|English
Pickup|English
Silent Warnings|English
Pop Skull|English
Poker|French (Canada)
Poker|French (Canada)
Poker|Spanish
Quiet Nights of Blood and Pain|English
Runaways|English
Puppet Master 4|English
Run Baby Run|Malayalam
Run Baby Run|Tamil
Remembrance|German
Remembrance|English
Playa in the Pulpit|English
RSTC: Reserve Spy Training Corps|English
Robotech II: The Sentinels|English
Snitch in New York|English
Slender|English
Terror in the Tropics|
The Awakening|English
The Awakening|English
The Awakening|English
The Awakening|French (Canada)
The Awakening|English
Stolen Good|English
The Box|English
The Box|French (Canada)
The Box|English
The Box|English
The Box|English
The Box|English
The Box|Spanish
The Box|Korean
The Box|French (Canada)
The Kumite|
The Jena 6|English
Stranded|English
Stranded|English
Stranded|English
Stranded|English
Stranded|English
Stranded|
Stranded|English
Stranded|English
Stranded|Tagalog
Stranded|English
The Hunters|English
The Hunters|English
The Hunters|English
The Hunters|Greek
Conlon Nancarrow: Virtuoso of the Player Piano|English
Chick Magnet|English
Chill Out|German
Black Ice|Finnish
Black Ice|English
Black Ice|English
Baby Blues|English
Baby Blues|English
Baby Blues|Chinese
Charlotte's Web 2: Wilbur's Great Adventure|English
Backstage at Budz House|English
Children of the Living Dead|English
Daddy's Girl|English
Daddy's Girl|English
Cyclone|English
Asylum of Terror|English
City of Motherly Love|Unknown language
Crossing the Line|English
Crossing the Line|English
Crossing the Line|English
Crossing the Line|English
Crossing the Line|English
Coons! Night of the Bandits of the Night|English
Ben Hur|
Ben Hur|English
Black Light|English
Black Light|French (Canada)
Batman Beyond: Return of the Joker|English
Barbie as the Princess and the Pauper|English
Big Guns|English
Champions|Chinese
Champions|English
Champions|Spanish (Spain)
Champions|English
Champions|English
Chain of Fools|English
Bratz: Pampered Petz|English
Christmas Miracle|English
Catching Up|English
Bound by Lies|English
Boxing Day|
Boxing Day|
Boxing Day|English (United Kingdom)
Boxing Day|English
Breathless|Korean
Breathless|French (France)
Breathless|English
Breathless|English
Burning Bush|
Curse of the Wolf|English
Chasing Yesterday|English
Demons at the Door|English
Down the Road|English
Death of a Superhero|English
Dead Life|English
Enough|English
Dark Angel: The Ascent|English
Death of the Dead|English
Early Release|English
For Amor|English
Erza: Fear of a Faceless God|English
Force of Nature|English
Force of Nature|English
Dead or Alive|Japanese
Dead or Alive|English
Dead Cold|English
Exhumed|English
Exhumed|
Flatland|English
Flatland|English
Dog's Life|English
Diamonds|English
Diamonds|English
Fortune Teller|
Daniel|English
Dance or Die|English
Endless Orgy for the Goddess of Perversion|English
Demon's Kiss|English
Demon's Kiss|English
Embrace|English
Embrace|English
Embrace|Chinese
Dead in the Water|English
Dead in the Water|English
Dead in the Water|English
Dead in the Water|English
Dead in the Water|English
Ghoulies IV|English
Hard Ride to Hell|English
Futurama: Into the Wild Green Yonder|English
Invitation|Korean
Invitation|English
Helium|Danish
Helium|Dutch
Honorable Men|English
HairKuTT|English
I Am Woman|English (Australia)
Identity Crisis|English
Invisible Mom II|English
Area 88|Japanese
Animusic|
Alice in Wonderland|English
Alice in Wonderland|
Alice in Wonderland|Malayalam
Alice in Wonderland|English
Alice in Wonderland|English
Alice in Wonderland|English
Alice in Wonderland|English
Alice in Wonderland|English
Alice in Wonderland|English
Alice in Wonderland|
Alice in Wonderland|English (Australia)
Alice in Wonderland|English
Acedia|English
A Perfect Day|Italian
A Perfect Day|English
A Perfect Day|English
A Perfect Day|Arabic
Alien Agent|English
50/50|English
Air Rage|English
Addicted to Murder|English
All About Us|English
2-Headed Shark Attack|English
3 Musketeers|English
A Reckoning|English
100 Million BC|English
American Herro|Kurdish
A Dangerous Man|English
Buzz|English
Buzz|English
Beyond the Known World|
Blood Out|English
Touched|English
Touched|English
Touched|English
Touched|English
Werewolf: The Devil's Hound|English
The Warrior Class|English
Volition|English
The Prophecy: Forsaken|English
The Tutor|English
Unsolved Suburbia|English
Til Death Do Us Part|English
The War of the Worlds|English
Tycus|English
Walking Tall: Lone Justice|English
Trancers 6|English
Wild Fire|English
Zen|Japanese
Zydeco|English
Lulu|English
Lulu|English
Lulu|English
Lulu|French (Canada)
Lulu|French (France)
Midnight Tango|English (United Kingdom)
Perfect Target|English
Others|
One Night Stand|English
One Night Stand|Hindi
One Night Stand|English
One Night Stand|English
One Night Stand|English
One Night Stand|English
Nightcrawler|English
One Way Out|English
One Way Out|English
One Way Out|English
Merlin and the War of the Dragons|English
On the Road|English
On the Road|English (United Kingdom)
Peaches|English
Peaches|Spanish
Peaches|English
Peaches|English
Meat Market 2|English
One Chance|English
Mania|English
Mania|English
Mania|English
Mania|English
Mask|English
Mask|English
Return to House on Haunted Hill|English
Rail Kings|English
Requiem for a Vampire|French (Canada)
Solomon|English
Harry Knuckles and the Pearl Necklace|English
Intuition|English
Intuition|Spanish
Insaniac|English
Harley's Hill|English
Hookers at the Point|
Kama Sutra|English
Looking Forward|English
Life After Death|
Listen|Arabic
Listen|English
Listen|English
Listen|Portuguese
Listen|Arabic
Lord Help Us|English
Man Hunt|English
Johnny|Polish
Johnny|English
Johnny|English
Johnny|English
Johnny|Telugu
K-9: P.I.|English
Stacker|English
The Night Shift|English
The Night Shift|Korean
The Gamers|English
The Land Before Time VII: The Stone of Cold Fire|English
The Kiss|Spanish
The Kiss|English
The Kiss|English
The Kiss|
The Kiss|English
The Kiss|English
The Kiss|Japanese
The Girl Next Door|English
The Girl Next Door|English
The Girl Next Door|English
The Girl Next Door|English
The Girl Next Door|English
The Legend of Pancho Barnes and the Happy Bottom Riding Club|English
That One Summer|English
Star Trek: Of Gods and Men|English
The Fight|English
The Fight|
The Fight|
The Game|English
The Game|English
The Game|English
The Game|English
The Chase|English
The Chase|English
The Chase|Korean
The Chase|Korean
The Chase|English
The Chase|Japanese
The Chase|English
The Chase|English
Sparky|
Speed|Korean
Speed|English
Speed|Hindi
Speed|English
Speed|English
The Hot Karl|English
The Good Mother|English
The Good Mother|English
The Psycho Legacy|
The Spirit of '76|English
Vacancy 2: The First Cut|English
Vampire Assassin|English
We Remember Marilyn|English
Vibrations|English
Trapped|English
Trapped|Dutch
Trapped|English
Trapped|English
Trapped|German
Trapped|Hindi
Trapped|English
Trapped|Arabic
Trapped|French (France)
Trapped|English
Trapped|English
Trapped|Persian
Untitled|English
Two Hands|English (Australia)
Time to Pay|English
Warriors of Honor|English
Video Letter|Japanese
The Suitcase|English
Tricks of the Trade|English
Whatever It Takes|English
Whatever It Takes|English
Whatever It Takes|English
Whatever It Takes|English
Whatever It Takes|English
The Violent Kind|English
The Violent Kind|English
Red Rose of Normandy|English
Pray 2: The Woods|English
Plato's Run|English
Small Town Girl|English
Small Town Girl|English
Return to Sleepaway Camp|English
Sand Sharks|English
Sniper 2|English
Pocahontas|English
Simple Things|English
Simple Things|Russian
Prodigal|English
Prodigal|English
Silent Venom|English
Revamped|English
Private|Arabic
Royal Faceoff|English
Playing for Keeps|English
Playing for Keeps|English
Playing for Keeps|English
Playing for Keeps|English
Rare and Unseen: The Beatles|
Progression|
Rise of the Undead|English
Shoebox|Bangla
Shadows|English
Shadows|Macedonian
Shadows|
Shadows|English
Shadows|English
Shadows|Chinese
Shadows|English
Shattered Lives|English
Puppet Master: Axis of Evil|English
Raising Hell|English
Stripped Naked|English
Steps|English
Sweat|Polish
Sweat|
Sweat|English
Starship Troopers 2: Hero of the Federation|English
The Mystical Adventures of Billy Owens|English
TerrorStorm: A History of Government-Sponsored Terrorism|English
The Case for Christ|English
The Case for Christ|English
Succubus|German
Collapse|English
Collapse|English
Collapse|English
Collapse|English
Castle Freak|English
Boomtown|English
Christmas Town|English
Christmas Town|English
Christmas Town|English
Camp Daze|English
Cannonball|English
Bionicle 3: Web of Shadows|English
Cosmonaut|Italian
Contagious|English
Belle's Magical World|English
Dad|English
Chihuly in the Light of Jerusalem|English
Butchered|English
Avril Lavigne: The Whole Picture|English
Avril Lavigne: The Whole Picture|English
Bloodfist IV: Die Trying|English
Bollywood and Vine|English
Blood and Oil: The Middle East in World War I|English
Blurred|English
Brother Bear 2|English
Cyborg 2|English
Clash of the Empires|English
Brotherly Love|English
Brotherly Love|English
Brotherly Love|English
Brotherly Love|English
Comic Book Villains|English
Bionicle: The Legend Reborn|English
Black Summer|Korean
Elevator|Romany
Elevator|English
Dragon Fighter|English
E|Malayalam
False Face|English
Final Mission|English
Final Mission|English
Dog Park|English
Dog Park|English
Expose|English
Flick's Chicks|English
Dragon Half|
Dragon Half|
East L.A. King|English
Dear Chelsey|English
Down the Barrel|English
Felt|English
F.T.W.|English
Echoes|Spanish
Echoes|English
Echoes|English
Echoes|English
Flesh of the Living|English
Devon's Ghost: Legend of the Bloody Boy|English
Fearless|English
Fearless|Chinese
Dr. Ravi & Mr. Hyde|English
Dead Enders|English
Envy|
Envy|English
Envy|English
Envy|English
Forever Yours|English
Forever Yours|English
Eat the Rich: The Cannibal Murders|English
Flowers|Basque
Flowers|English
Flowers|English
Flowers|Japanese
Flowers|
Directions|Bulgarian
Good Grief|English
Happily After|English
Hookers in Revolt|English
Haunting Fear|English
High: The True Tale of American Marijuana|English
Hell's Highway|English
Hell's Highway|English
Hell's Highway|English
Fresh|English
Fresh|English
Fresh|English
I Be Done Been Was Is|English
Hellgate: The House That Screamed 2|English
Furies|Vietnamese
Heaven|English
Heaven|English
Heaven|English
Heaven|English
Heaven|English
Hamlet & Hutch|English
Geronimo|English
Geronimo|English
Geronimo|English
Geronimo|English
Geronimo|French (Canada)
Gone|English
Gone|English
Gone|English
Gone|English
Gone|Swedish
Gone|English
Gone|English
Gold Diggin': For Love of Money|English
Hunch|
Heart of Gold|Hindi
Heart of Gold|English (United Kingdom)
Haywire|English
A Bad Situationist|English
3 A.M.|Thai
A Shepherd of Pure Heart|English
A Siren in the Dark|English
Almost Elvis|English
Abandoned|Hungarian
Abandoned|English
Abandoned|English
Abandoned|
Abandoned|English
Abandoned|English
American Bandits: Frank and Jesse James|English
American High School|English
All the Lonely People|Spanish
A Cold Day in Hell|English
A Matter of Time|English
A Matter of Time|English
A Matter of Time|English
Art Safari|
All Hands on Deck|French (France)
All Hands on Deck|English
A Mother's Prayer|English
A Mother's Prayer|English
Behind Closed Doors|English
Behind Closed Doors|Arabic
Breakout|English
Breakout|English
Breakout|English
Breakout|English
Breakout|English (United Kingdom)
Breakout|English (United Kingdom)
The Scarecrow|English
The Scarecrow|
Tom and Jerry Meet Sherlock Holmes|English
Video Violence 2|English
Tsunami Beach Club|English
Tsunami Beach Club|English
The Pink Floyd and Syd Barrett Story|English
Wake the Witch|English
Tremors II: Aftershocks|English
Under the Bed|English
Under the Bed|English
Torn|English
Torn|English
Torn|Polish
Torn|English
Tiny Toon Adventures: How I Spent My Vacation|
The Paper Brigade|English
X Marks the Spot|English
Witch Hunter|English
Yard Sale|English
Yard Sale|English
Wingrave|English
Yuri Gagarin Conspiracy: Fallen Idol|English
Maximum Cage Fighting|English
People Who Die Mysteriously in Their Sleep|English
Pegadas Salgadas|Portuguese (Brazil)
Pathfinder|English
Pathfinder|smi
One Cup of Coffee|English
Moonlighting|English
Mojave|English
Mojave|English
Oil & Water|English
Public Enemies|English
Public Enemies|English
Private Wars|English
Shor|Hindi
Redemption|English
Redemption|
Redemption|English
Redemption|
Redemption|English
Redemption|English
Redemption|English
Redemption|English
Redemption|Portuguese
Shock-O-Rama|English
Sequence|English
Reckless|English
Reckless|English
Reckless|English
Reckless|Dutch
Reckless|Norwegian
Home Movie|Italian
Home Movie|English
Home Movie|English
Hunter's Raid: The Battle for Lynchburg|English
Heart of Fear|English
Homestay|Thai
Homestay|Japanese
God in the Box|English
Hunting Season|English
Hunting Season|Spanish
Hunting Season|English
Gold Digger Killer|English
Last Resort|English
Last Resort|English
Last Resort|English
Karen|Spanish (Spain)
Karen|English
Kite|English
Kite|
Legion|English
Legion|English
Kill the Messenger|English
Kill the Messenger|English
King of the Streets|English
Limbo|Spanish
Limbo|English
Limbo|Norwegian
Limbo|English
Limbo|English
Limbo|English
Limbo|
Limbo|Chinese
Limbo|English
Limbo|Greek
Limbo|English
Limbo|English
Mad Ron's Prevues from Hell|English
The Clique|English
The Chosen One|
The Chosen One|
The Chosen One|English
The Chosen One|
The Hunt|English
The Hunt|Danish
The Hunt|English
The Hunt|English (United Kingdom)
The Hunt|French (Canada)
The Hunt|French (Canada)
The Hunt|English
The Land Before Time IV: Journey Through the Mists|English
Star Portal|English
The Gatekeeper|English
The Gatekeeper|English
The Lion King II: Simba's Pride|English
Television|Bangla
Television|Punjabi
The Final Prophecies|English
Tapeworm|English
The Hoax|English
The Hoax|English
The Brothers Karamazov|English
The Brothers Karamazov|Russian
The Babysitter|English
The Babysitter|English
The Babysitter|English
The Babysitter|English
The Babysitter|Spanish
Stakes|English
The Double-D Avenger|English
The Harvesters|Afrikaans
The Harvesters|English
The Junior Defenders|English
The Feral Man|English
Strange Fruit|English
The Base|English
The Codes|Polish
The Collector|English
The Collector|
The Collector|French (Canada)
The Collector|Polish
The Collector|English
The Collector|English
Tick Tock|English
Throw Down|English
Throw Down|Chinese
The Planets|
Tommy Hancock: West Texas Muse|English
The Two Plates|English
Under the Gaydar|English
Thirst: A Civil War Story|English
The Undertow|English
This Darkness: The Vampire Virus|English
Sight Unseen|English
Sight Unseen|English
Phobia|English
Phobia|Hindi
Phobia|English
Run|
Run|English
Run|English
Run|English
Run|French (France)
Run|English (United Kingdom)
Run|English
Run|
Run|English
Run|English
Pursuit|English
Pursuit|English
Pursuit|English
Pursuit|English (United Kingdom)
Pursuit|English
Smokers|English
Smut|
Solidarity in Saya: An Afro-Bolivian Music Movement|Spanish
Return of the Boogeyman|English
Sinbad|English
Sinbad|English
Single White Female 2: The Psycho|English
Save the Last Dance 2|English
Pot Luck|English
Prince Charming|Chinese
Prince Charming|English
Slap Shot 3: The Junior League|English
Pulse 3|English
Scanner Cop|English
Silent Partner|English
The Girl Who Shagged Me|English
Street Justice|English
Surviving|English
Sync|English (United Kingdom)
The Gifted|English
The Gifted|Tagalog
The Amityville Haunting|English
The Bonesetter|
The Life|English
The Extraordinary Voyages of Jules Verne|English
Sunset|English
Sunset|English
The Dream Factory|English
Caillou's Holiday Movie|English
Biohazard: The Alien Force|English
Crocodile|Korean
Crocodile|English
Crocodile|Filipino
Crocodile|English
Beyond the Walls|Hebrew
Beyond the Walls|French (France)
Box|
Crash and Burn|English
Crash and Burn|English
Crash and Burn|English
Beauty and the Beast: The Enchanted Christmas|English
Crazy in Love|English
Crazy in Love|Spanish
Carrot Top Rocks Las Vegas|
Bikini Bandits|
Broken|English
Broken|English (Australia)
Broken|
Broken|English
Broken|English
Broken|Korean
Broken|English
Broken|English
Broken|English
Broken|
August Underground's Mordum|
Carlito's Way: Rise to Power|English
Beethoven's Big Break|English
Cool Air|English
Cool Air|English
Burn: The Evolution of an American City|English
Charlie's Death Wish|English
Baby|Unknown language
Baby|German
Baby|Hindi
Baby|English
Baby|
Baby|Spanish
Baby|English
Beauty and the Beast|Czech
Beauty and the Beast|German
Beauty and the Beast|French (Canada)
Beauty and the Beast|English
Beauty and the Beast|English
Beauty and the Beast|English
Beauty and the Beast|English
Beauty and the Beast|English
Beauty and the Beast|English
Beauty and the Beast|English
Beauty and the Beast|French (France)
Brain Fix|Unknown language
Cold December|English
Batman: Under the Red Hood|English
Claim|
Christopher Columbus|English (United Kingdom)
Butcher House|English
Carlita's Secret|English
City of Dreams|Hindi
Extraordinary|English
Dead Sexy|English
Dead Sexy|English
Demolition High|English
Doctor Strange|English
Doctor Strange|English
Drift|English
Drift|
Drift|English
Drift|English
Dreamland|Swedish
Dreamland|English
Dreamland|Arabic
Dreamland|English
Dreamland|English
Dreamland|English
Dreamland|English
Dream Theater: Metropolis 2000 - Scenes from New York|
Dream Man|English
Fists of Righteous Harmony|English
Fabric of Time|English
Dead Giveaway|English
Dick|English
DeAf Jam|English
Evil Offspring|English
Fake Preacher|English
Infinite|English
G.I. Joe: The Movie|English
In the Woods|English
In the Woods|English
Ghost|English (United Kingdom)
Ghost|Hindi
Ghost|English
Ghost|
Jacqueline Hyde|English
Id|Japanese
In Search of Santa|English
Hard Justice|English
Angel Heart|English
After Sunset: The Life & Times of the Drive-In Theater|
All That Remains|English
An All Dogs Christmas Carol|English
Aladdin and the King of Thieves|English
April Fools|English
April Fools|English
555|English
Airline Disaster|English
Apocalypse Pooh|
Belly 2: Millionaire Boyz Club|English
Consignment|English
Consignment|English
Code Black|English
Candyland|
Crimson|English
Crimson|Spanish
Bloodbath in the House of Knives|English
Band of Pirates: Buccaneer Island|English
Beyond Fear|English
Bionicle: Mask of Light|English
Unholy Matrimony|English
The Plans of Man|English
When Mama Returns|English
The Story of Ruth|English
Truth or Consequences|English
Tuesday|English
Tuesday|English
The Waltz|Italian
The Wrong House|English
The Wild Card|English
Zombie Bloodbath 2: Rage of the Undead|English
Yeti: A Love Story|English
Your Friend the Rat|English
Within the Woods|
Within the Woods|
Left Behind|English
Left Behind|English
No. 17|English
No. 17|English
Midnight Oil: Black Rain Falls|English
Mater and the Ghostlight|English
Noor|Hindi
Noor|Urdu
Partners|English
Partners|English
Partners|English
Partners|English
Passages|Inuktitut
Passages|Inuktitut
Martino Unstrung|English
Mirror|Chinese
Monsters, Marriage and Murder in Manchvegas|English
Me & Michael|English
Marching Band|
Meadowoods|English
Naked|English
Naked|English
Naked|German
Myths for Profit: Canada's Role in Industries of War and Peace|English
Snitch'd|English
Queer Duck: The Movie|English
Hooked|English
Hooked|Romanian
Hooked|English
Hide and Seek|English
Hide and Seek|Filipino
Hide and Seek|English
Hide and Seek|English
Hide and Seek|Korean
Hide and Seek|Chinese
Hide and Seek|Urdu
Hide and Seek|Italian
Hide and Seek|English
Hide and Seek|English (United Kingdom)
Jack Me|English
Into the Woods|English
Into the Woods|
Into the Woods|English
Into the Woods|English
Gravestoned|English
Imagining Home|English
Kekkô Kamen|Japanese
Junior High Spy|English
Lust for Dracula|English
Junk Boy|
Loose Ends|English
Joseph and the Amazing Technicolor Dreamcoat|English
Last Call|English
Last Call|English
Last Call|English
Last Call|English
Last Call|English
Last Call|English
Last Call|English
Last Call|English
Last Call|English
Last Call|English
Junction|English
Junction|English
The Dark Angel: Psycho Kickboxer|English
The Divine Enforcer|English
The Note|English
The American Dream|
The American Dream|English
The American Dream|English
The Incident|Spanish
The Incident|English (United Kingdom)
The Incident|English
The Incident|English
The Incident|English
The Gift|English
The Gift|English
The Gift|English
The Gift|Portuguese (Brazil)
The Gift|Japanese
The Gift|English (United Kingdom)
The Gift|English
The Gift|English
The Hidden Face of Suicide|English
Super Atragon|Japanese
The Mind's Eye|English
Special Forces|English
Special Forces|French (France)
Soulstice|English
The Dead of Night|English
The Inhabitant|English
The Craving|English
The Craving|English
The Craving|English
The Craving|English
The Egoists|Japanese
The Egoists|Japanese
The Dark Knight|English
Taking the Turn|English
The Prophecy 3: The Ascent|English
Timegate: Tales of the Saddle Tramps|English
The Power of One|English
The Power of One|
The Wickeds|English
Wednesday|English
Ute Lemper: Blood & Feathers|English
Web of Deceit|English
The Prodigal Son|Chinese
The Project|English
The Project|English
Western Gold|English
Snatched|English
Snatched|English
Philosophy of a Knife|English
Pokémon: The Rise of Darkrai|Japanese
Pokémon: The Rise of Darkrai|Japanese
Rehguzar|Hindi
Playing House|English
Playing House|English
Saving Face|Urdu
Saving Face|English
Prey of the Jaguar|English
Saki the Killer|Japanese
Return to Sender|English
Return to Sender|English
Return to Sender|English
Slow Burn|English
Slow Burn|English
Slow Burn|English
Slow Burn|English
Skin Crawl|English
Santa Buddies|English
Savate|English
Pumpkinhead II: Blood Wings|English
Punk Rock Holocaust|English
The Four Horsemen|English
Swan Song|English
Swan Song|English
Swan Song|English
The Furies|English
The Furies|English (Australia)
The Furies|Spanish (Spain)
The Art of War III: Retribution|English
The Journey|English (United Kingdom)
The Journey|English
The Journey|English
The Journey|
The Journey|English
The Journey|English
The Journey|English
The Journey|Arabic
The Journey|Romanian
Streets of New York|English
The Mikado|English
Stalked|English
Stalked|English (United Kingdom)
Stalked|English
The Dead Want Women|English
Contested Streets|English
Bounty Hunters|English
Bounty Hunters|Chinese
Blackwater Valley Exorcism|English
Attack Force|English
Corner Store|English
Crossing the Line|English
Crossing the Line|English
Crossing the Line|English
Crossing the Line|English
Crossing the Line|English
Captive|Spanish
Captive|English
Captive|English
Captive|English
Captive|English
Captive|English
Captive|English
Captive|Russian
Captive|English
Captive|Russian
Captive|English
Braille|English
Cadaver Bay|English
Broken|English
Broken|English (Australia)
Broken|
Broken|English
Broken|English
Broken|Korean
Broken|English
Broken|English
Broken|English
Broken|
Behind the Camera|
Brain Blockers|English
Brain Blockers|
Civil War Minutes: Confederate|English
Buzz Saw|
Bowling Balls|Dutch
Bowling Balls|English
Blade of the Vampire|
Boys Life 6|English
Choices|English
Choices|English
Choices|English
Condemned|English
Condemned|English
Fear Itself|English
Esther|English
Esther|Hebrew
Endz|English
Disco: Spinning the Story|
Demon Summer|Thai
Eyes of a Beginner|English
Dream|Korean
Desert Patrol|English
Fast Getaway II|English
Fixation|English
Fixation|English
Fixation|English
Don't Forget Me|Hebrew
Dracula III: Legacy|English
Forget Me Not|German
Forget Me Not|English
Forget Me Not|English
Forget Me Not|English (United Kingdom)
Dream a Little Dream 2|English
Exodus|English
Exodus|English
Exodus|Chinese
Exodus|English
Exodus|English
Exodus|English
Dig|English
DNA|French (France)
DNA|English
Double Cross|English
Double Cross|English
Double Cross|English
Delta Delta Die!|English
Deceived|English
Deceived|English
Deceived|English
First Blood|English
Dead & Rotting|English
Deceit|English
Deceit|English
Deceit|English
Deceit|English
Drama Queens|English
Detonator Orgun|English
Experiment in Torture|English
Double Blast|English
Fortnight|English
Genius|
Genius|English
Genius|English
Genius|English
Genius|English
Hollywood Mortuary|English
Hansel and Gretel|English
Hansel and Gretel|English
Hansel and Gretel|English
Hellblock 13|English
Harvesters|English
Game Day|English
Game Day|English
Game Day|English
Iran: The Forgotten Glory|English
Hellraiser: Deader|English
Homesick|German
Hobgoblins 2|English
Halo|Unknown language
Infinity's Child|
Hidden in Plain Sight|English
Hidden in Plain Sight|English
Infamous|English
Infamous|English
Gift|
Gift|English
Indestructible|Chinese
Hysteria|Korean
Hysteria|English
Hysteria|English
Hysteria|
Green Lantern: Emerald Knights|English
Absolution|English
Absolution|English
Absolution|English
Absolution|English (Australia)
Absolution|English
A Million Little Pieces|English
Aliens in the Wild, Wild West|English
American Stories|French (Canada)
Aquaria|
Alaska|English
Alaska|Italian
A Candle in the Dark|English
Animal Instincts|English
Above Ground|English
Allure|English
Allure|English
Actium Maximus|English
Acting Out|Italian
2 Million Minutes: The 21st Century Solution|
Anthem|English
Anthem|English
1313: Cougar Cult|English
Camp Fear|English
Blood Relations|English
Central State|English
Busted|English
Busted|
Ani DiFranco: Trust|English
The Runaway|English
The Runaway|Spanish (Spain)
The Passenger|English
The Passenger|Spanish (Spain)
The Passenger|English
The Passenger|French (Canada)
The Sweeper|English
The Shot|English
Unbreakable|Filipino
Unbreakable|English
White|Malayalam
The Ripper|English
The Ripper|English
Wicked Games|English
Wicked Games|English
Walking Tall: The Payback|English
Wrong Side of Town|English
Witchouse|English
Wrong Turn 3: Left for Dead|English
Witchcraft XII: In the Lair of the Serpent|English
Witchcraft III: The Kiss of Death|English
Matchups|English
Out of the Blue|Hebrew
Out of the Blue|English
Out of the Blue|English (United Kingdom)
Out of the Blue|English
Out of the Blue|English
Out of the Blue|English
Maya Deren's Sink|English
Mother's Day|English (United Kingdom)
Mother's Day|English
Mother's Day|English
Mother's Day|English
Mother's Day|English
Mother's Day|English
Natural Born Komics|English
Master of the Universe|German
Mexican American|English
Murderer|Chinese
Mirrors 2|English
Maybe Logic: The Lives and Ideas of Robert Anton Wilson|
Open House|English
Open House|English
Open House|English
Open House|English
Monster Mash|English
No Exit|English
No Exit|English
No Exit|French (France)
No Exit|English
Neon|English
Neon|English
More Than You|English
Maria|Filipino
My Brother Mike|English
Real Men|English
Getting There|English
Honey, We Shrunk Ourselves|English
Illusions|English
Illusions|English
Illusions|English
Gay Latino Los Angeles|Spanish
Hostile Intentions|English
Jacked|English
Jacked|English
Jacked|English
Haunted Echoes|English
Knock|French (France)
Last House on Hell Street|English
Loss|English
Julius Caesar|English
Julius Caesar|English
Julius Caesar|English
Losers of the Year|English
Killjoy 3|English
L.A. Hit|English
Kiss the Bride|English
Kiss the Bride|English
Kiss the Bride|English
Justice League: The New Frontier|English
Joan of Arc|English
Joan of Arc|English
Joan of Arc|French (France)
Joan of Arc|French (France)
Subway|French (France)
The Hustle|English
The Hustle|English
The Hustle|English
The Hustle|English
The Heart of Texas|English
The New Monsters|Italian
Tales of Terror|English
Species: The Awakening|English
Stuck|English
Stuck|English
Stuck|English
Stuck|English
Stuck|English
The Double 0 Kid|English
The House|English
The House|French (Canada)
The House|German
The House|English
The Monster Man|
The Little Mermaid II: Return to the Sea|English
The Boys|English
The Boys|English
The Boys|French (Canada)
The Compleat Al|English
The Endless|English
The Gift|English
The Gift|English
The Gift|English
The Gift|Portuguese (Brazil)
The Gift|Japanese
The Gift|English (United Kingdom)
The Gift|English
The Gift|English
Suspended Animation|English
The Legacy|
The Legacy|French (France)
The Legacy|French (Canada)
The Legacy|English (United Kingdom)
Tryst|English
Tryst|English
Tortured|English
Tortured|English
Trapped|English
Trapped|Dutch
Trapped|English
Trapped|English
Trapped|German
Trapped|Hindi
Trapped|English
Trapped|Arabic
Trapped|French (France)
Trapped|English
Trapped|English
Trapped|Persian
Viral|English
Viral|English
The Temptress|
Urban Legends: Bloody Mary|English
The Sleeping Beauty of East Finchley|English
The Reason|English
The Plague|English
The Plague|Catalan
Violet|Dutch
Violet|English
Violet|English
Unlisted: A Story of Schizophrenia|English
Vamps|English
Quake|English
Quake|Icelandic
Puppet Master II|English
Release|English
Release|
Release|English
Release|English
Shakedown|English
Shakedown|English
Shakedown|English
Shakedown|English
Reflections|Swedish
Reflections|English
Reflections|Chinese
Saari Raat|Hindi
Shower of Blood|English
Revelation|English
Revelation|English
Revelation|
Sinful|English
Sinful|English
Shipwreck|English
Second to Last Worst Day of My Life|English
Scooby-Doo! And the Legend of the Vampire|English
Scarecrow|English
Scarecrow|English
Scarecrow|Arabic
Scarecrow|English
Salad Days|English
Salad Days|English
Salad Days|English
Salad Days|
Salad Days|
Possessed by the Night|English
Raven|English
Raven|English
Shelter|
Shelter|English
Shelter|English
Shelter|Italian
Shelter|English
Shelter|English
Shelter|English
Shelter|English
Slashers|
The Formula|English
The Formula|English
The Formula|English
The Game of Love|English
The Land Before Time XII: The Great Day of the Flyers|English
The Initiation|English
The Jar|Russian
The Jar|Persian
The Jar|English
The Dead Sleep Easy|English
Sub Zero|English
Bone Sickness|
Crossing the Line|English
Crossing the Line|English
Crossing the Line|English
Crossing the Line|English
Crossing the Line|English
Condemned|English
Condemned|English
Cinderella II: Dreams Come True|English
Buzz Lightyear of Star Command: The Adventure Begins|English
Corky's Hot Ice|English
Best Foot Forward|English
Crossroads Cafe|
Chapters|Malayalam
Bag Boy|English
Casper's Haunted Christmas|English
Brutal|English
Brutal|English
Comeback|English
Comeback|English
Comeback|Danish
Corsino, by Cole Kivlin|English
Champion Road|English
Dementia|Filipino
Dementia|English
Dementia|English
Dementia|English
Dummy|English
Dummy|English
Dummy|English
Fatal Fury 2: The New Battle|Japanese
Fatal Justice|English
Dreamland|Swedish
Dreamland|English
Dreamland|Arabic
Dreamland|English
Dreamland|English
Dreamland|English
Dreamland|English
Echoes|Spanish
Echoes|English
Echoes|English
Echoes|English
DarkPlace|English
Fear|English
Fear|English
Fear|Bulgarian
Fear|English
Fear|German
Fear|Hindi
Fear|Hindi
Fear|English
Fear|English
Feeding the Masses|English
Dark Honeymoon|English
Devil in the Flesh|French (Canada)
Devil in the Flesh|English
Devil in the Flesh|Italian
Devil in the Flesh|English
Dark Watchers: The Women in Black|English
Hellraiser: Hellworld|English
Harlem Renaissance|English
Higglety Pigglety Pop! or There Must Be More to Life|English
I'll Always Know What You Did Last Summer|English
Haywire|English
Gift|
Gift|English
In the Dead of Winter|English
Hourglass|English
Inhabited|English
Greenmail|English
Halloweenville|English
Get Smart's Bruce and Lloyd Out of Control|English
Frank|English (United Kingdom)
Frank|English
Frank|English
Frank|English
Frank|English
Arthur's Missing Pal|English
Angel Wars: The Messengers|English
All I Want|English
Abnormal Activity|English
Anything for Love|English
Against the Dark|English
Are You Scared 2|English
A Hollywood Christmas|English
Aida|
Aida|
A Perfect Soldier|Khmer
A Dead Calling|English
Angel Dust|Spanish
Angel Dust|Japanese
Angel Dust|French (France)
101 Dalmatians II: Patch's London Adventure|English
A Tale of Two Cities|English
A Tale of Two Cities|English
A Tale of Two Cities|
A Tale of Two Cities|English
A Tale of Two Cities|
A Tale of Two Cities|
Blink of an Eye|English
Blink of an Eye|English
Blink of an Eye|English
Blink of an Eye|German
Black Sun|
Blood Brothers|English
Blood Brothers|Dutch
Blood Brothers|Chinese
Believers|English
Beneath|English
Beneath|English
Beneath|English
Da Vinci Code Decoded|English
Contadora Is for Lovers|English
Chain Reaction|Portuguese (Brazil)
Chain Reaction|English
Chain Reaction|English
Triggerman|English
Who's Your Daddy?|English
The Work of Director Jonathan Glazer|
The Work of Director Jonathan Glazer|
Uncounted: The New Math of American Elections|
True Vengeance|English
Zeitgeist: Addendum|English
William Shatner's Star Trek Memories|English
Lost & Found|English (United Kingdom)
Lost & Found|Spanish (Spain)
Lost & Found|English
Lost & Found|English
Lost & Found|English
Paranoia|English
Paranoia|
Paranoia|English
Paranoia|English
Octopus|English
My Friend Bernard|English
Metal Man|English
Out of the Shadows|English
Out of the Shadows|English (Australia)
Pajama Party|English
Mass Effect: Paragon Lost|Japanese
Nazis at the Center of the Earth|English
Off the Record|English
Off the Record|English
Misconception|Arabic
Misconception|English
Mistaken|English
Ossessione|French (Canada)
Ossessione|Italian
One Last Time|English
Real|English (United Kingdom)
Real|Japanese
Real|English
Silo Killer|English
Home Movies|English
Friendly Fire|Portuguese (Brazil)
Friendly Fire|English
King of Hearts|French (Canada)
Lazarus|English
Love Shack|English
Love Note|English
La herencia del ranchero|Spanish
Let There Be Light: The Odyssey of Dark Star|English
Mad Bad|English
Linger|Chinese
Last Best Chance|English
Lemon|English
Lemon|English
The Fergusons|English
The Most Unromantic Man in the World|English
The Business|English
The Land Before Time II: The Great Valley Adventure|English
The Mutilation Man|English
The Mutilation Man|English
The Business|English
The Ambassadors of Hollywood|English
Stained|English
Stained|English
The Number One Girl|English
The Brass Ring|English
The Brass Ring|English
The Mangler 2|English
Spoil|English
Universal Remote|English
Valentine's Day|English
Valentine's Day|English
Unemployed|English
The Ruining|English
Wal-Mart: The High Cost of Low Price|English
Trust Me|Swedish
Trust Me|English
Trust Me|English
Trust Me|English
Vanessa|English
Vanessa|English
Vanessa|English
Vanessa|Spanish
Uncertain|English
The Wounded|English
Vampire Boys|English
The Wave|English
The Wave|German
The Wave|Norwegian
Please Hold|English
San Franpsycho|English
Scout's Honor|
Scout's Honor|English
Pure Danger|English
Plan B|Spanish
Plan B|English
Plan B|English
Plan B|English
Scooby-Doo on Zombie Island|English
Rising Dead|English
Shift|Tagalog
Shift|Mongolian
Promised Land|Arabic
Promised Land|English
Promised Land|English
Sibling Rivalry|English
Slaughter|English
Slaughter|English
Seventy Times Seven|English
Secret Games|English
Test Pilot|English
Stepmonster|English
The House That Screamed|English
The House That Screamed|English
The Naughty List|English
The MC: Why We Do It|English
The Cellar|English
The Cellar|English
Stone Cold Killers|English
The Fixer|English
The Fixer|Romanian
The Fixer|English
The Fixer|English
The Fixer|English
The Escapist|English
The Escapist|English
The Bench|English (United Kingdom)
The Bench|Danish
Take 2|
Tender Loving Care|English
Beauty Queen Butcher|
Black Dahlia|English
Children of the Corn V: Fields of Terror|English
Before I Self Destruct|English
Crossworlds|English
Berlin|
Berlin|English
Berlin|
Atroz|Spanish
Coming Out|German
Crossroads|English
Crossroads|English
Crossroads|English
Crossroads|Spanish (Spain)
Crossroads|Kannada
Crossroads|Japanese
Crossroads|English
Crossroads|English
Crossroads|Chinese
Crossroads|English
Crossroads|
Bum Man: Hero of the Homeless|English
Cinderella|English
Cinderella|English
Cinderella|Korean
Cinderella|English
Cinderella|Italian
Cinderella|
Cinderella|English
Cinderella|
Cinderella|
Cinderella|English
Cinderella|Tamil
Cradle of Fear|English
Crossing the Line|English
Crossing the Line|English
Crossing the Line|English
Crossing the Line|English
Crossing the Line|English
Chains|Italian
Chains|English
Daddy|Croatian
Daddy|English
Daddy|English
Daddy|English
Daddy|English
Daddy|Hindi
Bandaged|English
Barbie: A Perfect Christmas|English
Big Top Scooby-Doo!|English
Cork|Catalan
Brother|English
Brother|Spanish
Brother|English
Brother|Filipino
Brother|French (France)
Brother|Russian
Batman: Gotham Knight|English
Dirty Business|English
Dead On: Relentless II|English
Dead by Dawn|English
Dead by Dawn|English
Dead by Dawn|English
Elsewhere|English
Elsewhere|English
Elsewhere|German
Day by Day|crp
Fish|Russian
Dead Dog|English
Desert Passion|
Dirty Laundry|English
Dirty Laundry|English
Dirty Laundry|English
Domestic Disturbance|English
Double XL|Hindi
East L.A. Marine: The Untold True Story of Guy Gabaldon|English
Did I Say Thousand Island?|English
Exit 38|English
Feast III: The Happy Finish|English
Daniel|English
David and Goliath|Italian
David and Goliath|English
David and Goliath|Malayalam
David and Goliath|English
Eternal Desires|English
Director's Cut|English
From Dusk Till Dawn 2: Texas Blood Money|English
Ghost Lake|English
Hidden Rage|English
Hallow's End|English
HalloweeNight|English
High Life|English
High Life|English
High Life|English
Hologram Man|English
Inside Out|English
Inside Out|English
Inside Out|English
Inside Out|Unknown language
Inside Out|English
Inside Out|English
Inside Out|English
6:30|English
Arena|English
Arena|English
Arena|Spanish
Arena|English
Arena|
Acts of God|English
Ants|English
Ants|
All-American Murder|English
A Haunting in Salem|English
A Normal Life|English
13 Seconds|English
And So It Goes|English
April Showers|English
April Showers|English
April Showers|English
Act Your Age|English
After Midnight|English
After Midnight|English
After Midnight|English
After Midnight|
After Midnight|English
After Midnight|Italian
Backflash|English
Big Fish in Middlesex|English
Best of Luck|Malayalam
Best of Luck|Punjabi
U.S. Seals|English
The Table|Korean
Timeline|English
The Third Wheel|English
Wetlands|German
Wetlands|French (Canada)
Wetlands|English
The Runners|English
Unseen|English
Unseen|English
Tokyo Waka|Japanese
The Protector|English
The Protector|English
The Protector|
The Protector|Thai
Wrigley Field: Beyond the Ivy|English
Witchcraft II: The Temptress|English
Witchcraft 7: Judgement Hour|English
Wishmaster 2: Evil Never Dies|English
Lifeline|Chinese
Justice League: Doom|English
Off the Beaten Path|English
Off the Beaten Path|English
Mimic 2|English
People in White|Dutch
Nosotros|Spanish (Spain)
Nobody's Child|English
New York Minute|English
Noctem|Spanish
Our Friend, Martin|English
Mark of the Astro-Zombies|English
Me, Myself and I|English
Me, Myself and I|Hindi
Paul McCartney Really Is Dead: The Last Testament of George Harrison|English
Mischief Destroy|
Mulan II|English
Normal People Scare Me|English
Origin|Swedish
Mickey's Once Upon a Christmas|English
Savaged|English
Signs of Life|German
Signs of Life|English
Poison Ivy: The New Seduction|English
Prometheus Triumphant: A Fugue in the Key of Flesh|English
Push|English
Push|English
Push|English
Push|English
Piper Penguin and His Fantastic Flying Machines|English
Intervention|English
Intervention|English (United Kingdom)
Hand Gun|English
Jack Frost|English
Jack Frost|English
Jack Frost|English
Jack Frost|Russian
Jack Frost|
Jack Frost|
Ghosts of Goldfield|English
India of K-Town|English
Hell House: The Book of Samiel|English
Inhale|English
Innocents Betrayed|English
Living Like a Common Man|English
Justice League: The Flashpoint Paradox|English
Little Things|English
Katt Williams: American Hustle|
Made in Britain|English
Legend|English
Legend|English
Legend|Telugu
Little Town of Bethlehem|Arabic
Lady Street Fighter|English
Just Your Luck|English
Street Life|English
Street Life|Chinese
The Coming|English
Steel Frontier|English
Street Fighter Zero|Japanese
The Long Walk|Lao
The Expedition|English
The Expedition|English
The Expedition|Bangla
The Last Straw|English
Stuart Little 3: Call of the Wild|English
The Art of War II: Betrayal|English
Special Delivery|English
Special Delivery|French (Canada)
Special Delivery|English
Special Delivery|English
Special Delivery|Korean
The Deviants|English
The Deviants|English
The Baron|English
The Black Ninja|English
The Hitcher II: I've Been Waiting|English
Tempo|English
Tempo|Portuguese (Brazil)
Tempo|Unknown language
Walk on the Wild Side|English
Visitors|Japanese
Visitors|English
Visitors|Spanish
Visitors|English
Uncle|Malayalam
The Spaghetti West|
Urban Menace|English
The Shield Around the K|English
Tortillas Again?|English
Three Rookies|English
Tom Sawyer|English
Tom Sawyer|English
Tom Sawyer|German
Tom Sawyer|English
Tom Sawyer|English
Tom and Jerry: The Magic Ring|English
Trouble in Store|English (United Kingdom)
The Skulls III|English
The Phantom Empire|English
The Solomon Bunch|English
Rise of the Scarecrows|English
Sharp Teeth|English
Pups|English
Savage Harvest|English
Pray.|English
Snapped|English
Raging Sharks|English
Slam Dunk Ernest|English
Remember Me|English
Remember Me|English
Remember Me|English
Remember Me|English
Remember Me|English
Scavengers|English
Scavengers|
Scavengers|English
Riding Bean|Japanese
Roommates|English
Planted Evidence|English
Rest in Peace, Cuervo Jones|English
Sadomaster|Spanish
Safe|English
Safe|English
Safe|English
Rene and I: From Auschwitz to America|English
Slippery Slope|English
Sayed Kashua: Forever Scared|Hebrew
Return to Sender|English
Return to Sender|English
Return to Sender|English
Stargate: Continuum|English
The Chief|English
Tarzan II|English
The Other Woman|French (France)
The Other Woman|English
The Other Woman|English
The Other Woman|English
The Other Woman|English
The Clockmaker|French (France)
Stock Shock|
Special Needs|English
The Good Soldier|English
The Good Soldier|English
The Adventures of Scooter the Penguin|English
Betrothed|English
Barbie Fairytopia: Magic of the Rainbow|English
Collision: Christopher Hitchens vs. Douglas Wilson|
Bastard|English
Bastard|German
Bastard|English
Basket Case|English
Basket Case|Finnish
Basket Case|Finnish
Before the Storm|English
Blood Ties|English
Blood Ties|Italian
Blood Ties|English
Blood Ties|English
Blood Ties|English
Blood Ties|Chinese
Collision|English
Collision|English
City of Rott|English
Children of the Corn: Revelation|English
Creepshow III|English
Black Mass|English
Black Mass|English
Endgame: Blueprint for Global Enslavement|
Final Round|English
Domino Effect|English
Domino Effect|English
Domino Effect|Russian
Dom|Portuguese (Brazil)
Dom|
Fall Guy: The John Stewart Story|English
Deathstalker II|English
Eldorado|English (United Kingdom)
Eldorado|German
Eldorado|English
Eldorado|French (Canada)
Evil Spirits|English
Eye of the Beholder|English
Dinosaur Chronicles|English
Fiend|English
Deadly Lessons|English
Deadly Lessons|English
Dragonheart: A New Beginning|English
Dark Waters|English
Dark Waters|English
Dark Waters|English
Dark Waters|English
Dark Waters|English
Elephants Dream|English
Flesh|English
Flesh|English
Flesh|English
Flesh|English
Dorm of the Dead|English
Dorm of the Dead|English
Dear Diary|English
Dear Diary|English
Drop Box|English
Downtime|
Downtime|English
Floating Weeds|Japanese
Deadly Embrace|English
Democrazy|English
Doula! The Ultimate Birth Companion|English
Dusk|Dutch
Dusk|Hindi
Dusk|English
Duplicity|French (France)
Duplicity|English
Duplicity|English
Follow Me|English
Follow Me|English
Genius|
Genius|English
Genius|English
Genius|English
Genius|English
Heart of the Matter|English
Heart of the Matter|English
Hedy & Yumi: Crossing the Bridge|English
Gacy|English
In Pursuit of a Dream|English
Impulse|English
Impulse|English
Impulse|
Impulse|English
Impulse|English
Impulse|English
Hostages|English
Hostages|English
Hostages|Spanish
Hostages|Georgian
Half-Caste|English
Gretzky, Indy & the W.H.A.|English
House of Carnage|English
Hip Hop Life|English
Go West|English
Go West|
Go West|Unknown language
Gulliver's Travel|Unknown language
G.I. Joe: Valor vs. Venom|English
Gale Force|English
Hard Problems: The Road to the World's Toughest Math Contest|English
An Introductory Guide to Wine|English
12|Russian
12|English
12|English (United Kingdom)
An American Tail: The Treasure of Manhattan Island|English
7 Angels in Eden|English
Apocalypse|English
8MM 2|English
Addiction|Finnish
Addiction|English
An Extremely Goofy Movie|English
Affinities|Spanish
Assault of the Party Nerds|English
18 Minutes|English
Blood for the Muse|English
Confidence|English
Confidence|English
Border Wars|English
Border Wars|English
Bachelor Party Vegas|English
Triple Threat|English
Triple Threat|English
Triple Threat|English
Three Hearts|French (France)
The Shipment|English
The Shipment|English
Uncle Meat|English
The White Knight|English
Wait Your Turn|English
Trinity|English
Trinity|English
The Wicked|English
There Is Nothing Out Here: A Concert Film|English
Wrecked|English
Wrecked|
Kid Cop|English
King of the Mountain|English
Night|English
Night|English
One Way Ticket|Russian
Peace, Propaganda & the Promised Land|Arabic
Men of the Cloth|English
Parts of the Family|English
Nocturne|English
Nocturne|English
Nocturne|English
Nocturne|English
Nocturne|English
Nocturne|English
Nocturne|English
Monsturd|English
Numb|English
Numb|English
Numb|English
Open Season|English
Open Season|English
Mine|English
Mine|English
Mine|English
My Pink Shirt|English
Red State|English
Scare Me|English
Hit and Run|English
Hit and Run|English
Hit and Run|English
Hit and Run|English (United Kingdom)
Hit and Run|English
Iron Man: Rise of Technovore|Japanese
Iron Man: Rise of Technovore|Japanese
Inbred Redneck Alien Abduction|English
Fraternity Massacre at Hell Island|English
Freedom Riders|
Insight|English
Garfield's Pet Force|English
Green Lantern: First Flight|English
Hell Hath No Fury|English
Hell Hath No Fury|English
Kidnap|Italian
Kidnap|English
Kidnap|Hindi
Kidnap|Bangla
King's Ransom|English
K-911|English
Juarez, Mexico|English
Leftovers|
Love & Suicide|English
Love & Suicide|English
Like a Puppet Out of Strings|English
Lamb of God|Spanish
Lamb of God|English
Lady Ice|English
Judgment Day|English
Killer Looks|English
Leave|English
Leave|Norwegian
Lilo & Stitch 2: Stitch Has a Glitch|English
The Guest|Italian
The Guest|Spanish
The Guest|English
The Bagman|English
The Last Leaf|English
The 41-Year-Old Virgin Who Knocked Up Sarah Marshall and Felt Superbad About It|English
The Ironbound Vampire|English
The Boston Strangler|English
The Boston Strangler|English
The Cell 2|English
Star Wreck: In the Pirkinning|Finnish
The Last Shot|English
The Crab|English
Tales of the Dead|English
Waiting|Spanish
Waiting|Hindi
Waiting|English
Waiting|English
Tourist|Polish
The Reckoning|English
The Reckoning|English
The Reckoning|English
The Reckoning|English
The Reckoning|English
We Need to Talk|English
We Need to Talk|Spanish (Spain)
The Virgin Murders|English
The Perfect Man|English
The Perfect Man|English
Titanic II|English
The Secret of NIMH 2: Timmy to the Rescue|English
Run|
Run|English
Run|English
Run|English
Run|French (France)
Run|English (United Kingdom)
Run|English
Run|
Run|English
Run|English
Scrum|English
Scrum|English (Australia)
Signs of Life|German
Signs of Life|English
Runner|Malayalam
Runner|English
Runner|English
Runner|Lithuanian
SMS|French (France)
Resurrection Man|English
Senator Obama Goes to Africa|English
President Barack Obama: The Man and His Journey|English
Saving Paradise|English
Sex Machine|Japanese
Sex Machine|English
Razortooth|English
Solace|English
Solace|English
Solace|English
Psyclops|English
Signs|English
Simon|English
Simon|
Survive!|English
The Meeting School|
The Last|English
Stonerville|English
The Hunchback of Notre Dame II|English
The Great Race|English
The Devil's in the Details|English
The Amazing Mr. Bickford|English
Stolen Kisses|French (France)
The Graveyard|English
The 3 Little Pigs: The Movie|English
Teen Titans: Trouble in Tokyo|English
The Briefcase|English
The Beginning|Russian
The Haunting Hour: Don't Think About It|English
Believe|English (Australia)
Believe|English
Believe|English
Believe|English
Believe|English
Believe|English
Bellatrix|Portuguese (Brazil)
Bettie Page: The Girl in the Leopard Print Bikini|English
Bound|English
Bound|English
Coney Island|English
Coney Island|
Boa vs. Python|English
City of Fear|English
City of Fear|English
City of Fear|English
Blind|English
Blind|English
Blind|English
Blind|Norwegian
Blind|Korean
Blind|Dutch
Blind|English
Bachelor Party in the Bungalow of the Damned|English
Barbie as the Island Princess|English
Bittersweet|English
Bittersweet|English
Bittersweet|English
Bittersweet|Hebrew
Attack of the Super Monsters|Japanese
Busted|English
Busted|
Bringing Up Bobby|English
Bringing Up Bobby|English
Chill Out, Scooby-Doo!|English
Back Home|English
Back Home|French (France)
Back Home|
Back Home|English
Back Home|English
Bread and Circus|English
Deadly Species|English
Forbidden Fruit|English
Forbidden Fruit|French (Canada)
Forbidden Fruit|English
Double Take|English
Double Take|English
Darkman II: The Return of Durant|English
Day of the Dead 2: Contagium|English
Death Nurse|
Double Cross|English
Double Cross|English
Double Cross|English
Final Stab|English
Eat Your Heart Out|English
Final Judgement|English
Fear Itself|English
Emily's First 100 Days of School|
Eve|English
Eve|English
Eve|
Eve|Unknown language
Disturbed|English
Disturbed|English
Demonic Toys|English
Dr. Ice|English
Downsized|English
Darkness|English
Darkness|English
Darkness|Czech
Dream Home|English
Dream Home|Chinese
Dying Green|English
Encounters|English
Encounters|Danish
Encounters|English
Delirium|English
Delirium|English
Delirium|English
Delirium|English
Delirium|Spanish
Entrance|English
Dream Lover|English
Dream Lover|English
Dream Lover|English
Diary of a Sex Addict|English
Drift|English
Drift|
Drift|English
Drift|English
Fried Fish, Chicken Soup & a Premiere Show|
Honeymoon|English
Honeymoon|Punjabi
Honeymoon|English
Honeymoon|English
Honeymoon|English
Honeymoon|English
Hip-Hop Task Force|
George of the Jungle 2|English
Inspector Gadget 2|English
Invasion of Privacy|English
Invasion of Privacy|English
It Ain't Easy|English
It Ain't Easy|English
Great Expectations|English (United Kingdom)
Great Expectations|English
Great Expectations|English
Great Expectations|English (Australia)
Great Expectations|English
Great Expectations|English
Great Expectations|English
Green Street Hooligans 2|English
Intrusion|English
Intrusion|English
Iron Maiden: Flight 666|English
Intent to Kill|English
GoreGoyles: First Cut|English
Fright Club|English
Hack Job|English
Holla at Me|English
Jack and Jill|English
Arcade|English
Another Cinderella Story|English
A Wedding|French (France)
A Wedding|English
All I Want for Christmas|English
All I Want for Christmas|English
All I Want for Christmas|English
All I Want for Christmas|English
All I Want for Christmas|English
All I Want for Christmas|English
A Woman's Scorn|
A Night to Remember|English
A Night to Remember|English
3 Ways to Get a Husband|English
Captives|English
Before Last Night|English
Blood on My Hands|English
Biblioburro: The Donkey Libary|Spanish
Bad Channels|English
Cult|English
Cult|Japanese
Cult|English
Cult|English (United Kingdom)
Black Beach|Spanish (Spain)
Tough and Deadly|English
Where Did the Horny Toad Go?|English
Tremors 4: The Legend Begins|English
The Walk|English
The Walk|English (United Kingdom)
The Walk|English
The Walk|English
Weekend Warriors|English
The Second Best Science Fiction Movie Ever Made|English
White Room|English
WWF Judgment Day|
Wishmaster 3: Beyond the Gates of Hell|English
Witchcraft 13: Blood of the Chosen|English
Peacemaker|English
Monologue|Russian
Our Land|Italian
Penguins Under Siege|
Mystic Iran: The Unseen World|
Partition|English
Partition|English
Nostalgia|English
Nostalgia|Italian
Nostalgia|English
Nostalgia|Russian
Ms. Cannibal Holocaust|English
Marina Monster|English
Out for Blood|English
Out for Blood|English
Mr. Christmas|English
Mr. Christmas|English
Mr. Christmas|English
Mr. Christmas|English
Paper Cut|English
Michael|Tamil
Michael|German
Michael|English
Michael|Hindi
Michael|English (United Kingdom)
Mistaken Identity|English
Mistaken Identity|English
Mistaken Identity|English
Paranormal Entity|English
Outside|English
Paranoia|English
Paranoia|
Paranoia|English
Paranoia|English
Seize the Day|English
Seize the Day|English
Remake|Spanish
Remake|English
Satan Claus|English
Relentless: The Struggle for Peace in Israel|Unknown language
Go There Once, Be There Twice|English
Illegal in Blue|English
Hollywood|
Hollywood|English
Hollywood|English
Hollywood|
In the Red|English
Hellraiser: Hellseeker|English
Invisible Dad|English
Johnson Family Christmas Dinner|English
Josh|English
Josh|Hindi
Leprechaun 3|English
Love Story|English
Love Story|French (Canada)
Love Story|Hindi
Love Story|
Love Story|English
Love Story|English (United Kingdom)
Little Pink House|English
Kamp Katrina|English
Love Lies Bleeding|English
Love Lies Bleeding|English
Joy Ride 2: Dead Ahead|English
Love Thy Neighbor|English
Love Thy Neighbor|English
Love Thy Neighbor|English
Love Thy Neighbor|English
Love Thy Neighbor|English
Mail Order Bride|English
Mail Order Bride|English
Mail Order Bride|English
Lucid|English (United Kingdom)
Lucid|English
Lucid|English
Lucid|English
Lucid|English
The Good Sisters|English
The Carter|English
The Hitchhiker|French (France)
The Hitchhiker|English
The Last Resort|English
The Last Resort|English
The Last Resort|English
The Orchard|English
The Break|English (United Kingdom)
The Break|English
The Break|English
The Nanny|English (United Kingdom)
The Nanny|English
The Mikado|English
The Maze|English
The Maze|English
The Granny|English
The Last Kiss|English
The Last Kiss|Italian
The Alps|English
Terror Toons|English
The Bloody Ape|English
The Church|English
The Church|English
The Church|English
Storm|English
Storm|Swedish
Storm|Danish
Storm|English
The Horse|English
The Horse|English
The Black Mountain Madman|English
Star Wars: Revelations|
Sonata|Polish
Sonata|English
The Secret|English
The Secret|French (Canada)
The Secret|Chinese
The Secret|English
The Secret|English
The Secret|English
The Secret|French (France)
The Secret|English
Villains|English
Totem & Taboo|English
Trashed|English
The Suit|Russian
Torture Me No More|English
Voices|English
Voices|Spanish
Voices|Korean
Voices|English
Voices|English
Voices|
Vs. the Dead|English
They|English
They|English
Under Investigation|English
Tom and Jerry Blast Off to Mars!|English
The Wolf|Spanish (Spain)
Slayers|English
Shark Attack 2|English
Point and Shoot|English
Second Chance|French (Canada)
Second Chance|Chinese
Second Chance|English
Second Chance|English
Second Chance|French (Canada)
Second Chance|
Second Chance|English
Second Chance|English
Queens Over Jacks|English
Red Surf|English
Rap War One|English
Restless|English
Restless|English
Restless|English
Restless|
Restless|French (France)
Scarred Justice: The Orangeburg Massacre, 1968|English
Smashing Pumpkins: If All Goes Wrong|English
Shock|English
Shock|
Shock|Tamil
Side Sho|English
Present Tense|Turkish
Revenge|Chinese
Revenge|English
Revenge|French (France)
Revenge|English
Revenge|English
Revenge|Russian
Revenge|English
Phantom Town|English
Puppet Master III: Toulon's Revenge|English
The Matrix Revisited|
The Desperate Trail|English
The Magic Box|English (United Kingdom)
The Batman|English
The Garden|English
The Garden|English
The Garden|English
The Garden|English
The Garden|German
Black Metal Veins|English
Baby Peggy, the Elephant in the Room|English
Bring It On: Fight to the Finish|English
Con Express|English
Closure|English
Closure|English
Closure|English
Closure|English
Bone Creek|English
Confidence|English
Confidence|English
Child's Play|English
Child's Play|English
Child's Play|English
Da Block Party 2|English
Batman: Mystery of the Batwoman|
Brainiac|English
Being Human|English
Crossing Bridges|English
Crossing Bridges|
Consumed|English
Consumed|English
Bleed|English
Bleed|English
Bloody Murder|French (Canada)
Bloody Murder|English
Crash Dive|English
Crash Dive|English
Black Coffee|English
Birth Rite|English
Blood Scarab|English
By No Means|English
Bloodsucking Redneck Vampires|English
Between|English
Champions of Faith: Baseball Edition|English
Bloody Streetz|English
Death Factory|English
Feeding Frenzy|
Dirtbags|English
Fight Back|English
Elsewhere|English
Elsewhere|English
Elsewhere|German
F.A.R.T.: The Movie|English
F.A.R.T.: The Movie|English
Evil Awakening|English
Dragonfly|English
Dragonfly|English
Escape Plan|English
Ella|English (United Kingdom)
Detour|English (United Kingdom)
Detour|English
Detour|
Detour|English
Detour|English
Detour|English
Detour|English
Deadly Karma|English
Doctor Who: Shada|
Dialtone|English
Expiration Date|Spanish
Expiration Date|English
Exploited|English
Exploited|English
Forgive Us Our Debts|Italian
First Degree|English
First Degree|
Dear John|English
Dear John|Swedish
Dead Man's Bluff|Russian
Endings|English
Dave Pearson: To Byzantium|English
Desire|English
Desire|
Desire|English
Desire|English
Desire|English
Desire|English
Desire|Spanish
Glass House: The Good Mother|English
Friends and Lovers|English
Heroism|Polish
Hard Luck|English
Hard Luck|English
Hard Luck|
Into the Woods|English
Into the Woods|
Into the Woods|English
Into the Woods|English
Irish American Ninja|English
GWAR: Phallus in Wonderland|English
Happy Hour|English
Happy Hour|English
Happy Hour|German
Happy Hour|Japanese
Happy Hour|Japanese
Jacqueline Hyde|English
Gamemaster|English
Haunt|English
Haunt|English
Haunt|English
Frostbite|English
April Fool's Day|English
April Fool's Day|English
A Perfect Match|Dutch
A Perfect Match|English
An Evening with Robin Williams|
Angel of Music|English
Asiemut|
All Lies on Me|English
All Hallows' Eve|English
A Long Way Off|English
Anneliese: The Exorcist Tapes|English
Aardvark|English
Aardvark|English
Abnormal Activity 3|English
1-Ichi|Japanese
All-Star Superman|English
Black Box|Spanish
Black Box|
Black Box|English
Black Box|English
Coming Home|English
Coming Home|English
Coming Home|French (Canada)
Coming Home|Chinese
Coming Home|Italian
Coming Home|English
Coming Home|Unknown language
Coming Home|English
Coming Home|English
Coming Home|English
Backstab|English
Beginning of the End|English
Come and Get It|English
Corpses|English
Chances|English
Chances|English
White Shadows|
The Powerpuff Girls: 'Twas the Fight Before Christmas|English
Trees|
The Wailer|English
Ultimate Force|English
Waiting for Angels|English
War of the Worlds|English
Werewolves of Stayville|English
Wartime|Italian
To Live Again|English
The Visitation|English
Wonder Woman|English
Wonder Woman|English
Wonder Woman|English
Zabardast|Marathi
Zabardast|Hindi
Letters to Santa|Polish
Megalodon|English
Megalodon|English
Nora's Hair Salon 3: Shear Disaster|English
Mutation|English
Marco Polo|English
Marco Polo|English
Marco Polo|English
Nostalgia|English
Nostalgia|Italian
Nostalgia|English
Nostalgia|Russian
Meat Weed Madness|English
One More Line|
On Our Way|English
Noah's Ark|English
Noah's Ark|
Noah's Ark|
Noah's Ark|English
Natural Enemy|English
One Simple Question|English
Mercenary|English
Mercenary|French (France)
Mickey's Twice Upon a Christmas|English
Nowhere|Italian
Nowhere|English
Nowhere|English
Mind Games|English
Mind Games|English
Mind Games|English
Mind Games|English
Night Sweats|English
Seven|English
Seven|English
Seven|English
Seven|Telugu
Schemes|English
Jackass 2.5|English
Lost Boys: The Tribe|English
Make a Wish|Arabic
Make a Wish|English
Make a Wish|English
Make a Wish|English
Make a Wish|English
Made in Taiwan|English
Lunopolis|English
Kill Them and Eat Them|English
Lost in Time|Chinese
Living Water|Arabic
Living Water|English
Man About the House|English
King Cobra|English
Kill Kane|English
Love & Distrust|English
Lust for Vengeance|English
Straight Outta Puerto Rico: Reggaeton's Rough Road to Glory|English
The Box|English
The Box|French (Canada)
The Box|English
The Box|English
The Box|English
The Box|English
The Box|Spanish
The Box|Korean
The Box|French (Canada)
Sudden Impact|English
Sound of Silence|English
Speak|English
Speak|English
The Game|English
The Game|English
The Game|English
The Game|English
The Midas Touch|English
The Midas Touch|Chinese
The Midas Touch|Chinese
The Consultant|English (United Kingdom)
Stained|English
Stained|English
The Butcher's Wife|English
The Butcher's Wife|English
Strip Notes|English
Suspect|English
Suspect|English
The Dead Zone|English
The Birthday Present|English
The Howling: Reborn|English
The Collectors|English
The Collectors|English
The Secret of Anastasia|English
The Worst Horror Movie Ever Made|
Thunder in Paradise|English
Uncle Sam|English
The Return of Jafar|English
When Sparks Fly|English
Wasted|English (United Kingdom)
Wasted|English
Wasted|English
Precious Cargo|English
Savage Youth|French (France)
Savage Youth|English
Second Coming|English
Second Coming|English
Revenge|Chinese
Revenge|English
Revenge|French (France)
Revenge|English
Revenge|English
Revenge|Russian
Revenge|English
Play Dead|English
Play Dead|English
Play Dead|English
Play Dead|English
Raiders of the Lost Ark: The Adaptation|English
Rolie Polie Olie: The Great Defender of Fun|English
Red Canopy|Unknown language
School of Horror|English
Skin and Bones|English
Screamers: The Hunting|English
Rest Stop|English
Pray 2.5|English
Protection|English
Skeletons in the Closet|English
Skeletons in the Closet|English
Prison Break: The Final Break|English
Stargate: The Ark of Truth|English
The Mirage|French (Canada)
Stress|
The Last Stand|English
The Last Stand|English
The Last Stand|English
The Cult of Sincerity|English
The Land Before Time X: The Great Longneck Migration|English
Sometimes They Come Back... Again|English
The Interrogation|Polish
The Interrogation|German
Stitch! The Movie|English
Take a Chance|English
Take a Chance|
Take a Chance|English
The Night Owl|Korean
The Forgotten Ones|English
Convergence|English
Convergence|English
Convergence|English
Boxed In|English
Beneath the Blindfold|
Chicago Massacre: Richard Speck|English
Back in Your Arms|Lithuanian
Conundrum|English
Bingo|English
Bingo|Dutch
Bingo|French (Canada)
Bittersweet|English
Bittersweet|English
Bittersweet|English
Bittersweet|Hebrew
Bloodsport III|English
Cheaper to Keep Her|English
Cheaper to Keep Her|English
Barbie of Swan Lake|
Chill|English
Chill|English
Beyond the Rave|
Committing Poetry in Times of War|English
Bob Dylan Never Ending Tour Diaries: Drummer Winston Watson's Incredible Journey|English
Chiefland|English
Autumn Leaves|English
Cake Boy|English
Change|English
Confessions|Japanese
Dead Space: Downfall|English
Death Run to Istanbul|English
Durdy Game|English
Double Cross|English
Double Cross|English
Double Cross|English
Death Metal Zombies|English
Dark Justice|English
Direct Hit|English
Downpour|Persian
Eternal|English
False Alarm|
Dog Tags|English
Dead Mary|English
Four|
Four|English
Four|
Dig It!|English
Fable: Teeth of Beasts|English
Detour|English (United Kingdom)
Detour|English
Detour|
Detour|English
Detour|English
Detour|English
Detour|English
Faustbook|English
Entanglement|English
Entanglement|English
Envy|
Envy|English
Envy|English
Envy|English
Flow|Spanish
Flow|
Flow|English (Australia)
Ed Wood: Look Back in Angora|
Desperado|English
Desperado|English
Dog Watch|English
Destiny|Arabic
Destiny|Mongolian
Destiny|
Destiny|English
Destiny|
Destiny|Spanish
Duets|English
Dominion|English
Dominion|English
Dominion|English
Doomed|English
Dance|English
Fearless|English
Fearless|Chinese
Ed Gein: The Butcher of Plainfield|English
Dard Divorce|English
Here and There|Spanish
Here and There|Spanish
Here and There|Serbian
Here and There|Filipino
Frames|English
Ginî piggu 2: Chiniku no hana|
Home Care|Slovak
Glass|English
Glass|English
Independent America: The Two-Lane Search for Mom & Pop|English
Jane Doe: How to Fire Your Boss|English
Invasion of the Pod People|English
Girl Missing|English
Girl Missing|English
Head Games|English
Jacked|English
Jacked|English
Jacked|English
Future War|English
Future War|English
Holiday in the Sun|English
Help|English (United Kingdom)
Help|English
Help|Hindi
Hey, Stop Stabbing Me!|English
Invitation Only|English
Inferno|English
Inferno|English
Inferno|English
Inferno|English
Inferno|English
Inferno|English
Inferno|English
Inferno|Slovenian
Inferno|French (Canada)
Almost Pregnant|English
A Cat's Tale|English
A Day in the Life|English
Amar|Spanish (Spain)
Amar|Hindi
Amsterdam|Dutch
Amsterdam|English
Acts of Violence|English
Acts of Violence|English
Along the Way|English
Along the Way|Portuguese (Brazil)
Altitude|English
Altitude|English
All About Dad|English
30 Days of Night: Dark Days|English
Beyond the Surface|English
China White Serpentine|English
Blood and Oil|English
The Real Deal|English
The Real Deal|English
The Wanderer|French (Canada)
The Wanderer|Hebrew
Together|English (United Kingdom)
Together|Swedish
Together|Unknown language
Together|Norwegian
Together|Chinese
Together|English
Together|Chinese
Together|English
Together|
Together|Spanish
Trance|French (Canada)
Trance|English
The Wrong Woman|English
The Wrong Woman|English
The S.I.N.|English
When Duty Calls|English
Witness|English
Witness|English
Zombie Town|English
Young & Afraid|Norwegian
Widow|English
You Move You Die|English
Worlds Apart|Danish
Worlds Apart|English
Likehell: The Movie|English
Leprechaun: Back 2 tha Hood|English
Mojave Magic: A Turtle's Eye View of SpaceShipOne|
My Little Pony: The Princess Promenade|English
Meat Market|English
On the Way Home|Italian
No Place Like Home|English
No Place Like Home|English
No Place Like Home|English
No Place Like Home|English
Men Cry in the Dark|English
Memoria|English
Memoria|English
Millennium Apocalypse|English
Parallel|English
Parallel|English
Rebel|Arabic
Rebel|
Rebel|English
Rebel|
Rebel|English
Insanitarium|English
He Who Finds a Wife|English
Green Flash|English
Free Spirits|English
Golden Scars|Spanish
Interview|Dutch
Interview|English
Haven|English
Haven|Hebrew
Haven|English
Haven|English
Lifeblood|English
Kora|Chinese
Key: The Metal Idol|
Karma|
Karma|English
Karma|Hindi
Karma|
Karma|Tamil
Magdalena's Brain|
Madea's Family Reunion|English
Little Man|English
Little Man|English
Last Stop|English
Loose Change|English
Loose Change|Unknown language
Love for Sale|English
Love for Sale|Portuguese (Brazil)
Last Rites|English
Last Rites|English
Last Rites|English
Last Rites|English
Labor Day|English
Labor Day|English
Kung Fu Panda: Secrets of the Furious Five|
Loss Prevention|English
King Size|French (France)
Left for Dead|
Left for Dead|English
Left for Dead|English
Tactical Assault|English
The Engineer|Spanish
The Guest|Italian
The Guest|Spanish
The Guest|English
The Butterfly|French (Canada)
Sunday School|English
The Animated Adventures of Tom Sawyer|English
The Hard Corps|English
The Money|English
The Batman vs. Dracula|English
The Brotherhood|English
The Brotherhood|English
The Brotherhood|English
Soul Masters: Dr. Guo and Dr. Sha|English
The Flash II: Revenge of the Trickster|English
The Condition of the Working Class|English
The Land Before Time V: The Mysterious Island|English
Strange Things Happen at Sundown|English
The Compleat Beatles|English
Surviving the 21st Century|English
The Ghosts of Angela Webb|English
The Lawless|English
The Lawless|English
Trancers III|English
The Tree House|Hmong
Warlock III: The End of Innocence|English
Werewolf|English
Werewolf|Unknown language
Werewolf|English
The Playground|English
This Is My Home|English
The Summer of the Massacre|English
Voodoo Academy|English
The Web|English
Whiskey on a Sunday|English
Train|English
Screamer|English
Pocahontas II: Journey to a New World|English
Rest Stop: Don't Look Back|English
Playhouse|English
Playhouse|English
Reign in Darkness|English
Psychotropic Overload|English
Safe Harbour|English
Second Glance|English
Second Glance|English
Shark Attack 3: Megalodon|English
Shadowheart|English
Relentless 3|English
Regarding Billy|English
Rigoletto|English
Revolting|English
Prancer Returns|English
Scourge|English
Snitch|English
Snitch|English
Snitch|English
Senior Skip Day|English
The Great Escape|English
The Great Escape|
The Last Patrol|
The Memos|English (United Kingdom)
The Last Waltz|English
Superman II|English
Static|English
Static|English
Static|English
The Little Mermaid|English
The Little Mermaid|English
The Little Mermaid|English
The Little Mermaid|English
The Big Sweat|English
The Invisible|Swedish
The Invisible|Spanish (Spain)
The Invisible|English
The Back Nine|English
The Feeding|English
The Graveyard of Death|English
The Institute|English
The Institute|English
Awaken|English
Awaken|Unknown language
Awaken|English
Catacombs|English
Black Box|Spanish
Black Box|
Black Box|English
Black Box|English
Curse of Chucky|English
Babes in the Woods|English
Chantal|English
Barricade|English
Barricade|English
Barricade|English
Attitude for Destruction|English
Crux|English
Cheerleader Autopsy|English
Bigfoot and the Muscle Machines|English
Bloodlines|English
Bloodlines|English
Bloodlines|
Bloodlines|
Book of Dragons|English
Collision Course|English (United Kingdom)
Collision Course|English
Collision Course|English
Collision Course|English
Champion Killer|English
Confessional|
Confessional|English
Con Games|English
Big Pun: The Legacy|English
Blood Feud|Italian
Barbie: A Fairy Secret|English
BURN-E|English
Death Ring|English
Death Ring|Chinese
Death Ring|Chinese
Ebb Tide|
Ebb Tide|English
Deadly Currency|English
Deception|English
Deception|English
Deception|French (France)
Deception|English
Deception|English
Ex$pendable|English
Eating Alaska|English
Electric Zombies|English
Dr. Chopper|English
Empty Spaces|English
For Sale|
For Sale|Spanish
Dollman|English
Driven to Kill|English
El Chupacabra|English
First Impersonator|English
Davie & Golimyr|
Elixir|Russian
Flicka: Country Pride|English
Easy Money|English
Easy Money|Swedish
Easy Money|Chinese
Easy Money|
Easy Money|English
Easy Money|English
Harry Knuckles and the Treasure of the Aztec Mummy|English
I See You|Hindi
I See You|English
Higher Ground|English
Higher Ground|English
Higher Ground|English
Hell and High Water|English
Grim Reaper|English
Grim Reaper|Italian
Freaky Farley|English
Full Throttle|German
Full Throttle|English
Houseboat Horror|English
In the Darkness|English
AB-Negative|English
Amira|Arabic
Alvin and the Chipmunks Meet Frankenstein|English
After Sundown|English
Alvin and the Chipmunks Meet the Wolfman|English
All of Us|Amharic
A Christmas to Remember|English
A Christmas to Remember|English
A Christmas to Remember|English
Angel|
Angel|French (France)
Angel|English
Angel|Hindi
Angel|English
Angel|Telugu
Angel|English
Andros: Living Off the Land & Sea|English
Aba's Dance|English
American Crime|English
Bullying|Catalan
Bite Me!|English
Cuba|English
Conjure|
Bikes|Spanish (Spain)
The Power Within|English
The Power Within|English
Urban Struggle: The Battle of the Cuckoo's Nest|English
Uninvited|English
Uninvited|English
Uninvited|English
Tremors 3: Back to Perfection|English
The Thirsting|English
Vampire Sisters|German
Vampire Sisters|English
Wake Up Call|Spanish (Spain)
Untitled|English
Threadbare|English
Waiting|Spanish
Waiting|Hindi
Waiting|English
Waiting|English
Treasure of Pirate's Point|English
The Sacred Sites of the Dalai Lamas: A Pilgrimage to the Oracle Lake|English
The Path|Spanish (Spain)
The Path|Malayalam
The Path|German
Thicker Than Blood|English
Zapped Again!|English
Wisdom|English
King|
King|Telugu
King|Spanish
King|English
Lemonade|Turkish
Lemonade|English
Lemonade|English
Lemonade|English
Passport to Paris|English
Marie Curie|French (France)
Music for Montserrat|
Necromaniac: Schizophreniac 2|English
Mr. Jingles|English
Nailed|English
Nailed|English
Mr. Halloween|English
Out of Annie's Past|English
Necessity|English
Nocturne|English
Nocturne|English
Nocturne|English
Nocturne|English
Nocturne|English
Nocturne|English
Nocturne|English
Nightfall|
Nightfall|English
Nightfall|English
Nightfall|English
Nightfall|Chinese
Nightfall|English
Metamorphosis: Beyond the Screen Door|English
Only for You|Hindi
Off the Beaten Path|English
Off the Beaten Path|English
My Dog's Christmas Miracle|English
Metamorphosis|English
Metamorphosis|English
Metamorphosis|English
Metamorphosis|English
Metamorphosis|English
Metamorphosis|Chinese
Metamorphosis|Korean
Metamorphosis|English
Prison of the Dead|English
Pigs|English
Pigs|English
Pigs|English
Hostile Witness|English
Highlander: The Search for Vengeance|English
Hood of the Living Dead|English
Hollywould|English
I'm Not There|English
In Silence|Slovak
Judgment|English
Judgment|English
Leona Calderon|English
Lucky Man|Kannada
Lucky Man|
Lessons in Love|
Listen|Arabic
Listen|English
Listen|English
Listen|Portuguese
Listen|Arabic
Magpie|English
The Fire|English
The Fire|Spanish
The Airzone Solution|English
The Golem|French (Canada)
The Golem|English
The Golem|
The Golem|
The Mikado|English
The Audience Strikes Back|English
Street Dreams|English
Street Dreams|English
Suburban Nightmare|English
Suburban Nightmare|English
The Brotherhood 2: Young Warlocks|English
The Big Auto Plant|English
Star Hunter|English
The Keeper of Time|English
Tangerine Dream|English
Tha Westside|English
Sword of Honor|English
The Forgotten Coast|English
The Forgotten Coast|English
The Guest|Italian
The Guest|Spanish
The Guest|English
United in Anger: A History of ACT UP|English
What Katy Did|English
Video Vixens|English
Time Lapse|English
Time Lapse|English
Ticking Clock|English
Tierney Gearon: The Mother Project|English
Tripping the Rift: The Movie|English
The Planet|English
U|French (France)
War of the Dead|English
War of the Dead|English
Red Nights|English
Red Nights|French (France)
Shelter|
Shelter|English
Shelter|English
Shelter|Italian
Shelter|English
Shelter|English
Shelter|English
Shelter|English
Skinwalker: Curse of the Shaman|English
Sinister|English
Sinister|English
Scooby-Doo! Pirates Ahoy!|English
Pooh's Grand Adventure: The Search for Christopher Robin|English
Pride|Japanese
Pride|English
Pride|English
Pride|English
Praxis|English
Scalpel|English
Point of No Return|English
Point of No Return|
Point of No Return|English
Return to Hiroshima: Family Bonds and the Atomic Bomb|Japanese
Shift|Tagalog
Shift|Mongolian
Seclusion|English
Seclusion|
Scanners II: The New Order|English
Rats|Italian
Rats|English
Rats|English
Robot Holocaust|English
Realms of Blood|English
Profile|English
Profile|English
Pirates of Ghost Island|English
Sojourn|English
Riot|English
Riot|English
Riot|English
Riot|English
Riot|English
Ring Around the Rosie|English
Scorned|English
Scorned|English
Scorned|English
Red Line|English
Red Line|English
Snakes on a Train|English
Retablo|Spanish
The Betrayal|Arabic
The Betrayal|English
The Betrayal|English
The Gift|English
The Gift|English
The Gift|English
The Gift|Portuguese (Brazil)
The Gift|Japanese
The Gift|English (United Kingdom)
The Gift|English
The Gift|English
The Contractor|English
The Contractor|English
The Contractor|Spanish
The Contractor|English
The Anniversary|English
The Anniversary|English
Synchronicity|English
Synchronicity|English
Synchronicity|English
The Chosen One|
The Chosen One|
The Chosen One|English
The Chosen One|
The Fan|English
The Fan|English
The Fan|English
Supergator|English
The Gift|English
The Gift|English
The Gift|English
The Gift|Portuguese (Brazil)
The Gift|Japanese
The Gift|English (United Kingdom)
The Gift|English
The Gift|English
The Church|English
The Church|English
The Church|English
Bloodthirst 2: Revenge of the Chupacabras|English
Barbie in the 12 Dancing Princesses|English
Building Bridges|Portuguese (Brazil)
Closure|English
Closure|English
Closure|English
Closure|English
Carnies|English
Ballerina|English (Australia)
Ballerina|French (Canada)
Ballerina|
Ballerina|German
Ballerina|English
Ballerina|English
Blind Side|English
Bottoms Up|English
Bottoms Up|English
Bottoms Up|German
Bottoms Up|English
Bachelor Party Overexposed|English
Carnal Crimes|English
Bushwick Homecomings|
Blood Cult|English
Chronicling Narnia: The C.S Lewis Story|
Barbarian Queen II: The Empress Strikes Back|English
Balto III: Wings of Change|English
Blood Relic|English
Contagio|English
Blood Legend|English
Bazar|Hindi
Camp Blood 2|English
C.B.D.: The Comic Book Diaries|English
Curse of Pirate Death|English
Crossing|Korean
Crossing|English
Crossing|English
Bitten|English
Caught in the Headlights|English
Day of the Ax|English
Despair|English (United Kingdom)
Despair|English
Finding the Future: A Science Fiction Conversation|
Florence Nightingale|English
Florence Nightingale|English
Distance|
Distance|
Distance|
Expiration Date|Spanish
Expiration Date|English
Escape|English
Escape|English
Escape|
Escape|
Escape|Norwegian
Escape|English
Escape|Tagalog
Epicenter|English
Dead Creatures|English
Flight|English
Flight|Unknown language
Flight|English
Flight|English
Finding Billy!|English
Dispatch|English
Foster Child|English
Dragonlance: Dragons of Autumn Twilight|English
Devour|English
Dream House|English
Dream House|English
Dream House|French (Canada)
Dream House|
Dream House|English
Dream House|English
Dream House|English
Dream House|English
Dawn|English
Dawn|Hebrew
Dawn|
Dawn|English
Dawn|English
Dawn|English
Dawn|English
Dark Universe|English
Downhill|English
Downhill|English
Downhill|
Exit|Korean
Exit|Chinese
Exit|English (United Kingdom)
Exit|English
Exit|
Exit|Swedish
Exit|English
E.S.P.|English
Fast Women: The Ladies of Auto Racing|
Dress Rehearsal|German
Gunfighters of the Old West|English
Gacy House|English
Greed|
Greed|French (France)
Greed|
Greed|English (United Kingdom)
Giants|Italian
Incognito|English
Incognito|French (Canada)
Incognito|English
Incognito|French (Canada)
Jesus Fish|English
Guilt|French (Canada)
Guilt|English
Guilt|English (Australia)
Ink|English
Ink|French (Canada)
Alien Tracker|English
Alice|English
Alice|Czech
Alice|English
Alice|English
Alice|French (France)
Alice|
Animal Crackers|English
Animal Crackers|English
A Pig's Tale|English
An American Girl: Chrissa Stands Strong|English
A Trick of the Light|German
Art of Revenge|English
Air Bud: Seventh Inning Fetch|English
Brainwrap|English
Bigfoot|English
Bigfoot|English
Bigfoot|English
Bigfoot|
Bigfoot|English
Camera Obscura|English
Camera Obscura|English
Carnival of the Damned|English
Broken Wings|Indonesian
Broken Wings|English
Broken Wings|Hebrew
Burning Bright|English
Camp|English
Camp|English
Blood Ranch|English
Certain Women|English
Certain Women|English
Book of Songs|English
Before and After|English
Body of Influence|English
Vampirella|English
Twisted Illusions|English
Top Fighter|English
The Queens of Comedy|English
Westinghouse|English
Turtle Beach|English
Walking the Waking Journey|English
The Windsurfing Movie|English
The Red Tail|English
The Second Time Around|English
The Second Time Around|English
The World's Best Prom|English
Writer's Block|English
Writer's Block|English
Without a Paddle: Nature's Calling|English
Witness Protection|English
Woods of Evil|English
Zombie Campout|English
Mummy Raider|
Messiah|French (Canada)
P.U.N.K.S.|English
Mermaid|Russian
Mermaid|English
Mermaid|English
Nemesis 2: Nebula|English
Monster|Tamil
Monster|English
Monster|Scottish Gaelic
Monster|Korean
Monster|English
Monster|English
Monster|Malayalam
Monster|English
Out for a Kill|English
Mickey's House of Villains|
Personal Space|English
One Family in Gaza|Arabic
Party|Portuguese (Brazil)
Maxwell Stein|English
Saturday's Warrior|English
Scooby-Doo and the Loch Ness Monster|English
R|Danish
Galileo|English
Get a Life|French (Canada)
Get a Life|English
House of the Damned|English
House of the Damned|English
House of the Damned|English
Heartbreaker|French (France)
Heartbreaker|English
Karas: The Prophecy|
Magic Island|English
Look|English
Kekkô Kamen|Japanese
Machine Head|English
Just About Famous|English
Just About Famous|English
Lake Effects|English
The Keeper of the Keys|English
Species III|English
The Nutcracker|English
The Nutcracker|English
The Collector|English
The Collector|
The Collector|French (Canada)
The Collector|Polish
The Collector|English
The Collector|English
Take Me to the River|English
Stumped|
Stumped|Hindi
The End of the Line|English
The Hand|English
The Hand|Unknown language
The Hand|English
The Cutting Edge: Going for the Gold|English
The Nutcracker|English
The Nutcracker|English
The Abandoned|English
The Abandoned|English
Splatter Beach|English
The Feminine Touch|English
The Books of John|English
Soundtrack to War|English
Staunton Hill|English
The Force|English
The Force|English
Submission|English
Submission|
Submission|English
The Sadness|English
The Sadness|Chinese
War Crimes|Serbian
The Prodigal Son|Chinese
Turning Point|English
Turning Point|Chinese
Turning Point|English
Turning Point|English
The Risen|English
Top Fighter 2|Chinese
What Black Men Think|English
Wedding Slashers|English
Touch|Chinese
Touch|
Touch|Chinese
Touch|English
Touch|English
Touch|English
Touch|Japanese
Tons of Love|English
The Young Man Was, Part 1: United Red Army|English
Vampire Dentist|English
Transcend|English
Thumbelina|Japanese
Thumbelina|English
The Vagrant|English
Up in Smoke|English
Up in Smoke|English
Up in Smoke|English
Pursuit|English
Pursuit|English
Pursuit|English
Pursuit|English (United Kingdom)
Pursuit|English
Rebellion|French (Canada)
Rebellion|Japanese
Rebellion|Japanese
Rebellion|English (United Kingdom)
Rebellion|Chinese
Remote|English
Restoration|English
Restoration|English
Restoration|Hebrew
Rabbit Hole|English
Slumber Party|English
Purgatory|Spanish (Spain)
Purgatory|English
Purgatory|English
Purgatory|Spanish
Purgatory|English
Sleepover Nightmare|English
Quest of the Delta Knights|English
Scream Queen|English
Sabbath|English
Raptor|English
Relentless IV: Ashes to Ashes|English
Sick and the Dead|English
Shades of Blue|Spanish
Smokin' Aces 2: Assassins' Ball|English
Roddenberry on Patrol|English
Pieces|English
Pieces|English
Predator Island|English
The Bench|English (United Kingdom)
The Bench|Danish
Submarines|English
The Hunt for Eagle One: Crash Point|English
The Chronicles of Riddick: Dark Fury|English
The Doctor|English
The Extreme Adventures of Super Dave|English
The Muse|Dutch
The Muse|English
The Muse|English
The Elephant|Russian
The Elephant|Russian
The Curse of Lizzie Borden|English
The Fanglys|English
The Corporal's Diary|English
Carrion|English
Crush on U|English
Curse of the Zodiac|English
Café|English
Beethoven's 3rd|English
Caught in the Act|English
Caught in the Act|English
Caught in the Act|English
Caught in the Act|English
Caught in the Act|English
Caught in the Act|English
Cowboy Killer|English
Blindside|English
City Hunter: Bay City Wars|Japanese
City Hunter: Bay City Wars|Japanese
Bounty Tracker|English
Cadillac Man|English
Cycle|Marathi
Cycle|English
Chill|English
Chill|English
Carrier|English
Company of Heroes|English
Caregiver|English
Black Gold|English
Black Gold|English
Black Gold|English
Black Gold|English
Black and White|Italian
Black and White|English
Black and White|English
Black and White|English
Carry On|Chinese
Contagion|English
Contagion|English
Contagion|English
Bring It On: In It to Win It|English
Baywatch: White Thunder at Glacier Bay|English
Capital Punishment|English
Capital Punishment|English
Deadbolt|English
Echoes|Spanish
Echoes|English
Echoes|English
Echoes|English
Delete|English
For My Country|French
First Impression|English
Dug's Special Mission|English
Deadly Outbreak|English
Do No Harm|English
Do No Harm|English
Do No Harm|English
Dead Noon|English
Deadly Scavengers|English
Flesh Freaks|English
Dark Side|
Dubbed and Dangerous 3|English (United Kingdom)
Double Crossed|English
Demon Under Glass|English
Elijah|English
Deranged|English
Deranged|English
Deranged|English
Deranged|English
Deranged|Korean
Estilo Hip Hop|Spanish
Dead Stop|English
Eternity|Unknown language
Eternity|Thai
Eternity|French (France)
Eternity|English
Driven|English
Driven|English
Driven|English
Driven|English
Driven|English
Dragons: Gift of the Night Fury|
Hanger|English
Good Mourning|English
Good Mourning|English
Good Mourning|English
Half-Life|English
Hell to Pay|English (United Kingdom)
Hooligan|English
Jerkbeast|English
Gas|English
Gas|English
Ice Queen|English
Howling IV: The Original Nightmare|English
Into the Woods|English
Into the Woods|
Into the Woods|English
Into the Woods|English
Iggy Pop: Live San Fran 1981|
Incubus|English
Incubus|Unknown language
Incubus|English
Future War|English
Future War|English
Hide & Seek|Hindi
Hide & Seek|English
Aquarius|Portuguese (Brazil)
12 Rounds: Reloaded|English
Astoria|English
Aladdin|English
Aladdin|English
Aladdin|
Aladdin|English
Aladdin|English
American Nightmare|English
American Nightmare|English
American Nightmare|English
Addams Family Reunion|English
A Cinderella Story: Once Upon a Song|English
Barack Obama: People's President|English
Checkmate|
Checkmate|English
Checkmate|English
Checkmate|
Checkmate|English
Border Blues|English
Brain Smasher... A Love Story|English
Bad Hair Day|English
Basement|English
Basement|German
Basement|English
Correspondence|Italian
Correspondence|
Belly of the Beast|English
Belly of the Beast|English
Valerie|English
Valerie|English (United Kingdom)
Unspeakable|English
Unspeakable|English
Unspeakable|English
Vengeance|English
Vengeance|English
Vengeance|English
Vengeance|English (United Kingdom)
Vengeance|English
Vengeance|Thai
Vengeance|
Vengeance|English
The Shrunken City|English
Unstoppable|Korean
Unstoppable|English
Unstoppable|English
Unstoppable|English
Virgin Island|English
This Time Next Year|English
Valentine|English
Valentine|Indonesian
Virtuality|English
Yearbook|English
Your Move|English
Wild Things 2|English
Wu-Tang Saga|English
Witchunter|English
Young Hercules|English
One Breath|German
Midnight Skater|English
Murder in the Heartland: The Search for Video X|English
Manson Family Movies|Unknown language
No Strings Attached|English
No Strings Attached|English
Mental|English
Mental|Japanese
Mental|Telugu
Mrs. Amworth|English
Out of Our Minds|
Old Hag|English
Paula Rego: Telling Tales|English
Out of the Past|English
Out of the Past|English
My Life as an Underdog|English
Nothing Personal|English
Nothing Personal|English
Nothing Personal|French (Canada)
Nothing Personal|English
Murdered|French (Canada)
Pavement: Slow Century|English
Orange|Telugu
On the Verge|English
Guilty Pleasures|English
Guilty Pleasures|English
Illegal Business|English
Harlem Blues|English
Gone the Way of Flesh|English
Horrorvision|English
Land of the Free|English
Land of the Free|English
Little Red Riding Hood|Unknown language
Little Red Riding Hood|English
Little Red Riding Hood|English
Little Red Riding Hood|English
Lockjaw: Rise of the Kulev Serpent|English
Kill Crazy|English
Love Bites|French (Canada)
Love Bites|English
Little Sister|Japanese
Little Sister|Dutch
Little Sister|English
Little Sister|English
Little Sister|English
Little Sister|English
Little Sister|
Laughing Matters|English
Kubrick's Odyssey: Secrets Hidden in the Films of Stanley Kubrick; Part One: Kubrick and Apollo|English
Made in Italy|Italian
Made in Italy|French (France)
Made in Italy|English (United Kingdom)
Just Business|English
Lost Boys: The Thirst|English
Junk|English
Last Man Standing|English
Last Man Standing|English
Last Man Standing|English
Last Man Standing|English
Magic Kid|English
Killer Cop|English
Lightning Strikes Twice|English
Lightning Strikes Twice|English
The Lost Realities of Hog Caller|English
The Killing Kind|English
Spring|English
Spring|French (Canada)
Spring|Russian
Spring|Russian
South|English (United Kingdom)
South|English (United Kingdom)
South|English (United Kingdom)
South|
Sublime|English
Tank|English
Submerged|
Submerged|English
Submerged|English (Australia)
Submerged|English
The Attic|English
The Attic|English
The Attic|English
The Hollow|English
The Hollow|English
Spring Break Massacre|English
The Tooth Fairy|English
The Spirits of Jupiter|English
The Prophecy: Uprising|English
This Is Happening|English
Under the Covers|English
The Sandlot 2|English
Underwood|English
The Red Skulls|English
Tweety's High-Flying Adventure|English
Trancers 5: Sudden Deth|English
The Quarry|English
The Quarry|English
Together Again for the First Time|English
Totem|English
Totem|English
Totem|
The Park|
The Park|Chinese
The Park|English
The Park|French (France)
The University Player|English
Twisted Souls|French (Canada)
Scrapbook|English
Scrapbook|English
Pokémon: Mewtwo Returns|Japanese
Pinocchio|
Pinocchio|English
Pinocchio|Italian
Pinocchio|English
Pinocchio|English
Pinocchio|Italian
Pinocchio|Italian
Pinocchio|English
Pinocchio|English
Serial Killer|English
Serial Killer|English
Serial Killer|English
Scream Bloody Murder|English
Scream Bloody Murder|English
Scream Queen|English
Roseanna|Swedish
Roseanna|Swedish
Primal|English
Primal|English
Primal|English
Scanner Cop II|English
Second in Command|English
Rappas|English
Scarred|English
Scarred|Italian
Scarred|English
Scarred|
Seance|English
Seance|Japanese
Seance|English
Some Girls: Live in Texas '78|English
Prime Time|Polish
Prime Time|Spanish (Spain)
The Guests|Unknown language
Sweet Dreams|English
Sweet Dreams|Italian
Sweet Dreams|English
Sweet Dreams|English
Sweet Dreams|Italian
Sweet Dreams|English
Sweet Dreams|English
Static|English
Static|English
Static|English
Terror in the Pharaoh's Tomb|English
Spirited|English
The Big Green|English
The Key|English
The Key|Italian
The Key|English
The Key|English
The Key|English
The Key|English
The Key|French (France)
The Door|English
The Door|English
The Door|English
The Door|Russian
The Coven|English
Storm|English
Storm|Swedish
Storm|Danish
Storm|English
Standing Tall|English
Standing Tall|French (Canada)
The Itch|English
The Other|French (France)
The Other|Spanish
The Other|English
The Other|English
The Horror Within|English
The Meaning of Life|English
The Meaning of Life|English
The Meaning of Life|English
The Life I Lived|English
Charles Manson Superstar|English
Blood Equity|English
Cruel Intentions 3|English
Circle of Fury|English
Changes|English
Changes|English
Changes|English
Bachelor Party 2: The Last Temptation|English
Cruel World|English
Crazy Six|English
Bad Bug Bee and the Pirate Ants|English
Cardcaptors: The Movie|Japanese
Belinda|
Belinda|English
Coin Toss|
Before the Fall|English
Before the Fall|Spanish
Before the Fall|German
Bring It On: All or Nothing|English
Chrysalis|English
Chrysalis|English
Chrysalis|French (Canada)
Cannibal Campout|English
Farm|English
Dark September Rain|English
Don't Let the Riverbeast Get You!|English
Forest Primeval|English
Family Guy Presents Stewie Griffin: The Untold Story|
Fortune Cookie|English
Dan Turner, Hollywood Detective|English
Fahrenhype 9/11|English
Demon Resurrection|English
Fallout|
Fallout|English
Fallout|English
Dream Lover|English
Dream Lover|English
Dream Lover|English
Dark Waters|English
Dark Waters|English
Dark Waters|English
Dark Waters|English
Dark Waters|English
Done the Impossible: The Fans' Tale of 'Firefly' and 'Serenity'|English
Earth to Mouth|Chinese
Flyin' Ryan|English
Fersein's Gate|French (Canada)
Dolla Morte|English
Fast Getaway|English
Empire Builder|English
Final Round|English
Dodge City|English
Dodge City|English
Doing Hard Time|English
Fake I.D.|English
Double Jeopardy|English
Double Jeopardy|English
Heebie Jeebies|English
Heebie Jeebies|English
In the Dark|English
In the Dark|English
In the Dark|English
In the Dark|English
Galerians: Rion|
Frozen|
Frozen|English
Frozen|English
Frozen|English
Frozen|English
Insane in the Brain|English
Gen 13|
Into the Current: Burma's Political Prisoners|Unknown language
In the Same Boat|English
Isle of the Damned|English
Anthem|English
Anthem|English
Active Stealth|English
Abe's Tomb|English
A Day in the Life|English
Ark|English
American Psycho II: All American Girl|English
Arrested Soul|
Adam|English
Adam|English
Adam|English
Adam|German
Adam|English
Adam|Arabic
Animal|French (France)
Animal|English
Animal|Spanish
Animal|Persian
Animal|English
Animosity|English
Actors|French (France)
Alien Secrets|English
Almost Invisible|English
Baby Boy|English
Blood Sisters|English
Carl|English
Children of the Corn 666: Isaac's Return|English
Coming Soon|Filipino
Coming Soon|Thai
Coming Soon|English
Coming Soon|Turkish
Butcher Boys|English
Thumbelina|Japanese
Thumbelina|English
When I Grow Up|English
When in Rome|English
When in Rome|English
The Sisters Four|English
True Crime|English
True Crime|English
Venomous|English
The Trap Door|English
The Unknown Trilogy|English
Wildfire|English
Wildfire|English (United Kingdom)
Wildfire|English
Wildfire|
Wildfire|English
Zombie Wars|English
Zac Efron: The Ultimate Idol|English
Zombie Apocalypse|English
Zombie Apocalypse|English
Zanzibar Dance, Trance, and Devotion|English
Witchcraft|English
Witchcraft|English
Winning Isn't Everything|English
You|English
Mr. Las Vegas|English
Oh, What a Night|English
Palestine Blues|English
Metamorphoses|English
Milo|English
Milo|English
Mitzi Gaynor: Razzle Dazzle! The Special Years|
Pass the Mic!|English
On the Way Home|Italian
Maxx|
Mother's Day|English (United Kingdom)
Mother's Day|English
Mother's Day|English
Mother's Day|English
Mother's Day|English
Mother's Day|English
Modern Man|English
MXP: Most Xtreme Primate|English
Morgan|English
Morgan|English
Minor Details|English
Reunion|English
Reunion|English
Reunion|English
Reunion|English
Reunion|English
Reunion|Hindi
Reunion|English
Pistol Whipped|English
Home Made|English
I Hate You|English
Fubar|English (United Kingdom)
Fubar|English
Jose's Place|English
Lost at War|English
Late Marriage|Georgian
Kids Go to the Woods... Kids Get Dead|English
Maintenance|English
Malibu Eyes|English
Machined|English
Living Death|English
Joseph: King of Dreams|English
Kounterfeit|English
Last Chance|English
Last Chance|English
The Date|Finnish
Somewhere Else|English
The Evilmaker|English
The Invincible Iron Man|English
The Evil Clergyman|English
Switchback: Trigger Your Senses|English
The Key|English
The Key|Italian
The Key|English
The Key|English
The Key|English
The Key|English
The Key|French (France)
The Birthday Party|English
The Confession|French (Canada)
The Confession|English
The Confession|English (United Kingdom)
The Confession|English
The Confession|English
The Confession|Georgian
The Confession|French (France)
The Dead|English
The Dead|English
The Dead|English
The Hills Run Red|Italian
The Hills Run Red|English
What's Organic About Organic?|English
The Visitor|English
The Visitor|Spanish
The Visitor|English
The Visitor|Italian
The Visitor|English
Truth or Dare|English
Truth or Dare|English
Truth or Dare|English
The Stitcher|English
The Tempest|English
The Tempest|English
The Tempest|English
The Tempest|English
The Tempest|
The Rapture|English
The Rapture|English
Whatever She Wants|English
The Web|English
Tooth Fairy 2|English
Twelfth Night|
Twelfth Night|Spanish (Spain)
Twelfth Night|English
Twelfth Night|English
Who Are You?|Korean
Return to El Salvador|English
Queen Cobra|English
Remmer|English
Prey|English
Prey|French (France)
Prey|English
Prey|German
Prey|
Prey|English
Prey|English
Running Funny|English
Pooh's Heffalump Halloween Movie|English
Psychic|English
Rape Is a Circle|English
Reasonable Doubt|English
Rush in Rio|
Serpent and the Sun: Tales of an Aztec Apprentice|English
Skyscraper|English
Skyscraper|English
Skyscraper|
Saturn|English
Sinners and Saints|English
Prom Night III: The Last Kiss|English
Sanctuary: Lisa Gerrard|English
Population 436|English
Revolution|English
Revolution|English
Revolution|English
Sniper 3|English
Second Thoughts|English
Second Thoughts|English
Rot|English
Poetry in Motion|English
Roaming|English
Raging Hormones|English
Singularity|English
Poker Night|English
Still Life|
Still Life|
Still Life|
Still Life|English
Still Life|English (United Kingdom)
Still Life|Chinese
Streets of Blood|English
The One|English
The One|English
The Little Mermaid|English
The Little Mermaid|English
The Little Mermaid|English
The Little Mermaid|English
The Letter|English
The Letter|English
The Letter|English
The Letter|French (Canada)
The Letter|German
The Letter|English
The Letter|English
Something|English
Texas|English
Texas|Italian
Texas|English
Clockmaker|English
Blue Crush 2|English
Breaking News|Russian
Breaking News|Chinese
Breaking News|English
Crazy|Unknown language
Crazy|English
Buster|English
Buster|English
Black Air: The Buick Grand National Documentary|English
Containment|English
Containment|English
Containment|English
Crossing Boundaries|German
Babyteeth|English (Australia)
Battlespace|English
Cover|English
Cold Heart Canyon|English
Choices|English
Choices|English
Choices|English
Busy Bodies|English
Cinderella|English
Cinderella|English
Cinderella|Korean
Cinderella|English
Cinderella|Italian
Cinderella|
Cinderella|English
Cinderella|
Cinderella|
Cinderella|English
Cinderella|Tamil
Awaken|English
Awaken|Unknown language
Awaken|English
Bit Parts|English
Bloodstone: Subspecies II|English
Cold Blooded|English
Broken|English
Broken|English (Australia)
Broken|
Broken|English
Broken|English
Broken|Korean
Broken|English
Broken|English
Broken|English
Broken|
Birthrite|English
Corpses Are Forever|English
Between the Walls|English
Cult of the Damned|English
Balzac|French (Canada)
Beautiful Dreamer|English
Beautiful Dreamer|English
Common Ground|English
Common Ground|English
Flicker|English
Flicker|English
Executive Power|English
Falling Through|English
Firehawk|English
Final Engagement|English
Fatal Desire|English
Fatal Desire|English
First Kiss|Turkish
First Kiss|Dutch
First Kiss|Thai
Fear Runs Silent|English
Flinch|English
Flinch|English
Don't Look Down|English
Don't Look Down|English
Don't Look Down|Spanish
Forbidden Foot|English
Fear Itself|English
Flicka 2|English
Dark Awakening|English
Dark Awakening|English
Flowers|Basque
Flowers|English
Flowers|English
Flowers|Japanese
Flowers|
Dare|English
Findher|Hebrew
In the Wind|Chinese
Hawk's Vengeance|English
Jailbait|English
Jailbait|English
Jailbait|English
Grace & Mercy|English
Grace & Mercy|English
Goth|English
Goth|Japanese
I Got Five on It|English
Hermie & Friends: The Flo Show Creates a Buzz|English
Hell's Half Acre|English
Hell's Half Acre|English
Hunted by Night|English
An Irish Vampire in Hollywood|English (United Kingdom)
2|Tamil
Abraham Lincoln vs. Zombies|English
American Alien|English
A Dennis the Menace Christmas|English
A 2nd Chance|English
Ants|English
Ants|
99 Pieces|English
A Girl Like Her|English
7 Kilos|English
Arbor Daze|English
Absence|English
Absence|English
Amulet|English (United Kingdom)
All God's Children|English
All God's Children|English
Bare Witness|English
Crossing the American Crises: From Collapse to Action|English
Connected|English
Connected|Chinese
Coming Soon|Filipino
Coming Soon|Thai
Coming Soon|English
Coming Soon|Turkish
Breaking Boundaries: The Art of Alex Masket|English
Behind Enemy Lines II: Axis of Evil|English
Bait Shop|English
Cool Blue|English
The Stepdaughter|English
Visions of Suffering|Russian
The Prize Fighter|English
The Prize Fighter|English
The Telephone|English
The Telephone|English (United Kingdom)
Truth Be Told|English
VeggieTales: King George and the Ducky|
Vengeance of the Dead|English
The Tower|
The Tower|German
The Tower|Korean
The Tower|Arabic
The Tower|English
Winter Dreams|English
Yard Sale|English
Yard Sale|English
Love Blade|English
Kindergarten Ninja|English
Love Sick|Romanian
Luck of the Draw|English
Luck of the Draw|French (Canada)
Open House|English
Open House|English
Open House|English
Open House|English
Niagara Falls|English
Modern Tribalism|English
Munto|
Messengers 2: The Scarecrow|English
Mosaic|English
No Matter What|English
Mercenary for Justice|English
Ocean Frontiers: The Dawn of a New Era in Ocean Stewardship|English
Once in a Blue Moon|English
Once in a Blue Moon|English
Money for Nothing|English
Money for Nothing|English
Pastor Jones|English
Most Honorable Son|
Outside the Wire|English
Night Rhythms|English
Mom, Can I Keep Her?|English
Normal|English
Normal|English
Normal|English
Normal|Italian
Normal|English
Play Dead|English
Play Dead|English
Play Dead|English
Play Dead|English
Second Coming|English
Second Coming|English
Sanitarium|English
Sanitarium|
Glass|English
Glass|English
Jericho's Echo: Punk Rock in the Holy Land|
Horno|English
Grave Mistake|English
Intimacy|English
Intimacy|English
Intimacy|English
Infestation|English
Intermission|English
Leaving|French (France)
M|Korean
M|
M|English
M|Hebrew
M|French (France)
M|Japanese
M|German
King Midas|English
Long Pig|English
Loop|
Loop|Portuguese (Brazil)
Loop|
Legend of the Sea|Unknown language
Kinky Kong|English
Loss Prevention|English
Last Order: Final Fantasy VII|Japanese
Johnson Family Dinner|English
Living Dead Lock Up 2: March of the Dead|English
Lost Contact|English
Making Of|Arabic
Lady and the Tramp II: Scamp's Adventure|English
Little Marines|English
The Lift|Spanish
The Lift|English
Stranger by Night|English
The Call|Korean
The Call|Spanish
The Call|English
The Call|English
The Call|German
The Date|Finnish
The Attack|Arabic
Stripper Academy|
Summer's End|English
The Box|English
The Box|French (Canada)
The Box|English
The Box|English
The Box|English
The Box|English
The Box|Spanish
The Box|Korean
The Box|French (Canada)
The Innocent|French (France)
The Innocent|Italian
The Innocent|English
The Innocent|English
The Five|English
The Mirror|English
The Mirror|Hindi
The Mirror|Russian
The Mirror|French (Canada)
The Mirror|English
The Mirror|English
The Mirror|English
The Mirror|Persian
The Heist|English
The Heist|English
The Heist|English
The Heist|English
Take No Prisoners|English
The Midnight Disease|English
The Golden Blaze|English
The Last Vampire on Earth|English
The Mutilation Man|English
The Mutilation Man|English
Spine|English
The Apprentice|English
The Apprentice|English
The Apprentice|French (France)
The Room|Japanese
The Room|English
The Room|English
Traces of Death|English
Tree|English
The Untold|English
The Telling|English
The Sparky Chronicles: The Map|English
Wake Up|English
Wake Up|English
The Video Dead|English
Triple Cross|English
Triple Cross|English
Theodore Rex|English
Toxic Soup|English
The Timber|English
The Trade Off|English
Solitaire|English
Solitaire|English
Solitaire|Italian
Solitaire|Arabic
Redemption|English
Redemption|
Redemption|English
Redemption|
Redemption|English
Redemption|English
Redemption|English
Redemption|English
Redemption|Portuguese
Razor|English
Raven's Hollow|English (United Kingdom)
Protection|English
Pocket Ninjas|English
Scanners III: The Takeover|English
Pink Pumpkins at Dawn|English
Samsara|Tibetan
Samsara|English
Repos|English
Sexy Evil Genius|English
Samsara|Tibetan
Samsara|English
Point of View|English
Point of View|English
Slaughtered|English
Sight|English
Rubbers|Chinese
Remnants|English
Secrets of Mary Magdalene|
Silent Night, Deadly Night 5: The Toy Maker|English
Savage Harvest 2: October Blood|English
Project Shadowchaser III|English
Slap Shot 2: Breaking the Ice|English
Scarred|English
Scarred|Italian
Scarred|English
Scarred|
Sleepwalker|Chinese
Sleepwalker|English
Sleepwalker|English
Sleepwalker|Swedish
The Edison Death Machine|English
Sweepers|English
The Last One|English
The Last One|Azerbaijani
The Damned|French (Canada)
The Damned|French (Canada)
The Damned|English
The Damned|Italian
The Damned|English
The Brotherhood III: Young Demons|English
The Bitter End|English
The Detonator|English
The Collectors|English
The Collectors|English
The Conspiracy of Fear|English
The ButterCream Gang|English
The Elephant in the Room|English
The Caretaker|English
The Caretaker|English
The Caretaker|English
The Caretaker|English
The Caretaker|English
Black Cat|English
Black Cat|Chinese
Barbie in a Mermaid Tale 2|English
Bloodlust|English
Cohabitation|English
Cohabitation|Chinese
Bartok the Magnificent|English
Born to Race|English
Born to Race|English
Blood Descendants|English
Boys Will Be Boys|English
Boys Will Be Boys|English
Bird Island|French
Closure|English
Closure|English
Closure|English
Closure|English
Auto Recovery|English
Beethoven|English
Beethoven|French (Canada)
Baja|English
Baja|English
Birdsong|Catalan
Birdsong|
Bleeding Rose|English
Beauty and the Beast|Czech
Beauty and the Beast|German
Beauty and the Beast|French (Canada)
Beauty and the Beast|English
Beauty and the Beast|English
Beauty and the Beast|English
Beauty and the Beast|English
Beauty and the Beast|English
Beauty and the Beast|English
Beauty and the Beast|English
Beauty and the Beast|French (France)
Cadence|English
Carolina Moon|English
Axiom|German
Chill Out|German
Blue Eyes|English
Coyote|French
Coyote|Hungarian
Coyote|English
Coyote|English
Coyote|English
Cinderella III: A Twist in Time|English
Discovery|Hindi
Dreams|Swedish
Dreams|English
Dreams|Tamil
Dust|English
Dust|English
Dust|German
Dust|Spanish
Dust|English
Empty|English
Fearless Tiger|English
Deeper|English
Darkman III: Die Darkman Die|English
Dear Daddy|
Danger Close|English
Dead Like Me: Life After Death|English
Finders Keepers|English
Finders Keepers|English
Finders Keepers|English
Finders Keepers|English
Finders Keepers|English
Fatima|English
Fatima|French (France)
Eyes Wide Open|English
Eyes Wide Open|Hebrew
Despiser|English
Echoes of Silence|English
Delivery|English
Delivery|
Delivery|English
Delivery|Greek
Delivery|English
Delivery|
Flight of Fury|English
Drift|English
Drift|
Drift|English
Drift|English
Decaying Orbit|
Emperor of Hemp|English
Inside|Turkish
Inside|French (France)
Inside|Spanish
Inside|English
Inside|French (Canada)
Inside|English
Inside|English
Inside|English
Inside|English
Heroes|Hindi
Heroes|English
Heroes|Hindi
I Want My MTV|English
I Got This|English
Jail Party|English
Good People, Bad Things|English
In the Beginning|French (Canada)
Jack Frost 2: Revenge of the Mutant Killer Snowman|English
Hot Boyz|English
Honeymoon Academy|English
From Dusk Till Dawn 3: The Hangman's Daughter|English
Hunting Humans|English
Ghost Story|English
Anne: Journey to Green Gables|English
2 Hitmen|
Armitage III: Poly Matrix|Japanese
American Pie Presents: The Book of Love|English
Amityville: A New Generation|English
Alien Uprising|English
Al otro lado|Spanish
All Jams on Deck|English
Amityville 1992: It's About Time|English
A Pornstar Is Born|English
Balance|
Back in the Day|English
Back in the Day|English
Back in the Day|English
Bad Acid|English
Camp Blood|English
Cat's Cradle|
Boogeyman 3|English
Bloodfist VI: Ground Zero|English
Curse of the Puppet Master|English
