id,title,runtime_mins,genre,lang,director,writer
2357089,The Coca-Cola Case,86.0,Documentary,English,Carmen García,Carmen García
2345589,The Arsenal Stadium Mystery,84.0,"Crime, Drama",English (United Kingdom),Thorold Dickinson,
2449057,Trekkies 2,93.0,"Documentary, Comedy",Croatian,Roger Nygard,
2358547,The Cosmic Man,72.0,Sci-fi,English,Herbert Greene,
2230944,Raja Ko Rani Se Pyar Ho Gaya,148.0,"Romance, Comedy",Hindi,Rajeev Kumar,"Mangesh Kulkarni,Rajeev Kumar,Rajeev Kumar,Ramachandra Shelke"
1854479,Egon & Dönci,75.0,"Comedy, Adventure, Sci-fi, Animation",Hungarian,Ádám Magyar,
2119983,Mind Game,103.0,"Adventure, Comedy, Mystery & thriller",Japanese,Masaaki Yuasa,"Robin Nishi,Masaaki Yuasa"
1752022,Bushwhacked,90.0,Comedy,English,Greg Beeman,"John Jordan,Danny Byers,Tommy Swerdlow,Michael Goldberg"
2423050,The Unknown,85.0,"Horror, Mystery & thriller",English,Karl Kozak,Karl Kozak
1728834,Bill & Ted's Bogus Journey,98.0,Comedy,English,Peter Hewitt,"Chris Matheson,Ed Solomon"
2257096,Safe Passage,96.0,Drama,English,Robert Allan Ackerman,
2196834,Penrod and Sam,70.0,Comedy,English,William McGann,
1729276,Billy Elliot,110.0,"Drama, Lgbtq+",English (United Kingdom),Stephen Daldry,Lee Hall
2384641,The Last Man,95.0,Sci-fi,English,Harry Ralston,Harry Ralston
1721459,Ben X,93.0,Drama,Dutch,Nic Balthazar,Nic Balthazar
1980219,In Memory of Me,22.0,Drama,English,Samantha Lavin,Samantha Lavin
2398814,The Omen,110.0,Horror,English,John Moore,"David Seltzer,Dan McDermott"
1937983,Hard Shoulder,86.0,Mystery & thriller,English,Nicholas David Lean,Nicholas David Lean
2163471,Nutbag,80.0,Horror,English,Nick Palumbo,
2488593,"Was weg is, is weg",80.0,"Comedy, Drama",German,Christian Lerch,"Christian Lerch,Jess Jochimsen"
1944326,Heller Wahn,,,,Margarethe von Trotta,
2384948,The Last Reunion,98.0,Action,English,Jay Wertz,Galen Thompson
1942051,Heart of the Country,87.0,"Drama, Romance",English,John Ward,John Ward
2464687,Under Heaven,112.0,Drama,English,Meg Richman,
1658032,A Streetcar Named Desire,122.0,Drama,English,Elia Kazan,"Oscar Saul,Tennessee Williams,Tennessee Williams"
1949692,Highlander: The Source,102.0,"Fantasy, Adventure, Action",English,Brett Leonard,
1793157,Crime School,86.0,Drama,English,Lewis Seiler,"Crane Wilbur,Vincent Sherman"
2384839,The Last Outpost,88.0,Western,English,Lewis R. Foster,"Daniel Mainwaring,George Worthing Yates,Winston Miller"
1715566,Batman: Mask of the Phantasm,76.0,"Kids & family, Action, Animation",English,"Eric Radomski,Bruce Timm","Alan Burnett,Paul Dini,Bob Kane,Martin Pasko,Michael Reaves,Jerry Robinson"
2315429,Strange Cargo,113.0,Adventure,English,Frank Borzage,"Anita Loos,Lawrence Hazard"
2514456,You're Rejected,93.0,Documentary,English,Parthiban Shanmugam,Parthiban Shanmugam
2020786,"King, Queen, Knave",90.0,"Comedy, Drama",English,Jerzy Skolimowski,
2486907,Walls of Glass,97.0,Drama,English,Scott D. Goldstein,
2127429,Monster Beach Party,79.0,"Comedy, Horror, Mystery & thriller",English,Jay Edwards,Jay Edwards
2269404,Searching for the Wrong-Eyed Jesus,84.0,Documentary,English (United Kingdom),Andrew Douglas,Steve Haisman
2099591,Man in Fear,11.0,"Action, Mystery & thriller",English,Will Jewell,Will Jewell
2209251,Police Academy: Mission to Moscow,83.0,Comedy,English,Alan Metter,"Randolph Davis,Michele S. Chodos"
2346902,The Bad Lord Byron,85.0,Drama,English (United Kingdom),David MacDonald,Paul Holt
1677215,Alligator,94.0,"Horror, Mystery & thriller",English,Lewis Teague,
2321332,Sundown Saunders,63.0,Western,English,Robert N. Bradbury,
1794958,"Cry, the Beloved Country",103.0,Drama,English,Zoltan Korda,Alan Paton
1903647,Friction,89.0,"Comedy, Drama, Mystery & thriller",English,Cullen Hoback,"Cullen Hoback,Jerome Schwartz"
1803674,Daredevil,104.0,"Action, Fantasy",English,Mark Steven Johnson,"Mark Steven Johnson,Brian Helgeland"
1911252,Garage,85.0,Drama,English,Lenny Abrahamson,Mark O'Halloran
2463484,Una noche,90.0,Drama,Spanish,Lucy Mulloy,Lucy Mulloy
1881066,Failure to Launch,97.0,"Romance, Comedy",English,Tom Dey,"Tom J. Astle,Matt Ember"
2442438,Tony 10,90.0,"Comedy, Drama",Dutch,Mischa Kamp,Mieke de Jong
2483939,Voyage of the Damned,158.0,"Drama, War",English,Stuart Rosenberg,
1879845,Eyewitness to Murder,75.0,Mystery & thriller,English,Jag Mundhra,
1785131,Complacent,104.0,Drama,English,Steven R. Monroe,Steven R. Monroe
1762768,Castro,85.0,"Drama, Mystery & thriller, Action",Spanish,Alejo Moguillansky,Alejo Moguillansky
2467891,Unseen Evil,90.0,Horror,English,Jay Woelfel,Scott Spears
2140532,Mysterious Skin,99.0,Drama,English,Gregg Araki,"Gregg Araki,Scott Heim"
1978577,Imparables,86.0,Documentary,Catalan,Daniel Jariod,Daniel Jariod
2361231,The Dead Next Door,84.0,Horror,English,J.R. Bookwalter,J.R. Bookwalter
2326000,Sweet Hearts Dance,101.0,"Comedy, Drama",English,Robert Greenwald,
2368487,The Fighting Kentuckian,100.0,Adventure,English,George Waggner,George Waggner
2278134,Shadow of the Vampire,93.0,Drama,English,E. Elias Merhige,Steven Katz
1798078,Cyclone Fury,54.0,Western,English,Ray Nazarro,
1653026,A Midnight Clear,107.0,"War, History, Drama",English,Keith Gordon,Keith Gordon
2104822,Marta's Suitcase,86.0,"Documentary, Crime, Drama",Spanish,Günter Schwaiger,Günter Schwaiger
1725105,Beyond the Time Barrier,75.0,Sci-fi,English,Edgar G. Ulmer,Arthur C. Pierce
2154043,Night Train to Terror,98.0,Horror,English,"John Carr,Phillip Marshak,Tom McGowan,Jay Schlossberg-Cohen",Philip Yordan
2471238,Utsav,145.0,Drama,Hindi,Girish Karnad,"Krishna Basrur,Girish Karnad"
2169294,Off Limits,102.0,"Crime, Drama",English,Christopher Crowe,
2162158,Nowhere to Hide,90.0,Action,English,Mario Azzopardi,
2382043,The Judas Project,97.0,Drama,English,James H. Barden,
2195814,Pee Mak Phrakanong,115.0,"Comedy, Horror, Romance",Thai,Banjong Pisanthanakun,"Chantavit Dhanasevi,Nontra Kumwong,Banjong Pisanthanakun"
2100821,Manhattan Chase,97.0,Action,Unknown language,Godfrey Ho,
2264250,Saving Private Ryan,169.0,"War, History, Drama",English,Steven Spielberg,Robert Rodat
2201783,Pickup,78.0,"Crime, Drama",English,Hugo Haas,"Hugo Haas,Josef Kopta,Arnold Lipp"
2024522,Kolka Cool,97.0,"Comedy, Drama",Latvian,Juris Poskus,Juris Poskus
2319844,Suhaag,145.0,Drama,Hindi,Sandesh Kohli,
2238654,Remembering Playland at the Beach,60.0,Documentary,English,Tom Wyrsch,Tom Wyrsch
2128408,Moonshine,23.0,Comedy,English,"Roscoe ""Fatty"" Arbuckle","Roscoe ""Fatty"" Arbuckle"
2394251,The Miracle of the Bells,120.0,Drama,English,Irving Pichel,"Ben Hecht,Quentin Reynolds"
2288040,Silk 2,75.0,Action,English,Cirio H. Santiago,
1661501,Aadmi Khilona Hai,180.0,"Drama, Romance",Hindi,J. Om Prakash,
2064379,Left Luggage,100.0,Drama,English,Jeroen Krabbé,"Carl Friedman,Edwin de Vries"
1737209,Blue Sunshine,97.0,Horror,English,Jeff Lieberman,Jeff Lieberman
1942750,Heavenly Creatures,99.0,Mystery & thriller,English,Peter Jackson,"Fran Walsh,Peter Jackson"
2182346,Our Burden Is Light,89.0,Drama,English,Denise Coates,Denise Coates
1810966,Dead End,83.0,"Horror, Mystery & thriller",English,"Jean-Baptiste Andrea,Fabrice Canepa","Jean-Baptiste Andrea,Fabrice Canepa"
1866187,Emergency Call,70.0,"Crime, Drama",English,Edward L. Cahn,
1980760,In Search of the Perfect Human Diet,87.0,Documentary,English,C.J. Hunt,C.J. Hunt
1915350,Get Him to the Greek,108.0,Comedy,English,Nicholas Stoller,"Nicholas Stoller,Rodney Rothman"
2431191,Things I Don't Understand,109.0,Drama,English,David Spaltro,David Spaltro
2246874,Robin Hood of the Pecos,60.0,Western,English,Joseph Kane,Olive Cooper
1715230,Bataan,115.0,War,English,Tay Garnett,
2402279,The Pink Panther Strikes Again,103.0,Comedy,English,Blake Edwards,"Frank Waldman,Blake Edwards"
2306411,Spiral,90.0,"Drama, Mystery & thriller",English,"Adam Green,Joel David Moore","Joel David Moore,Jeremy Boreing"
2091225,Lymelife,95.0,Drama,English,Derick Martini,"Derick Martini,Steven Martini"
2307115,Spook Town,60.0,Western,English,Elmer Clifton,
2200141,Petulia,104.0,"Comedy, Drama",English,Richard Lester,
2368528,The Fighting Rookie,67.0,Drama,English,Spencer Gordon Bennet,
2108016,Max Dugan Returns,98.0,Comedy,English,Herbert Ross,Neil Simon
2077033,Little Big Man,150.0,Western,English,Arthur Penn,Calder Willingham
1791659,Crackerjack,92.0,Comedy,English,Paul Moloney,"Mick Molloy,Richard Molloy"
1846253,Drifter TKD,100.0,"Action, Adventure, Comedy",English,Ron Pohnel,"Charl Pohnel,Ron Pohnel"
1643887,99.9 FM,90.0,"Crime, Drama",Hindi,Sanjay Bhatia,Umesh Patel
2093015,Machibuse,115.0,Adventure,Japanese,Hiroshi Inagaki,
1717741,Beautiful Loser,94.0,"Comedy, Drama",English,John Nolte,John Nolte
1733253,Black Wave: The Legacy of the Exxon Valdez,99.0,Documentary,English,Robert Cornellier,"Paul Carvalho,Robert Cornellier"
2329548,Taffin,96.0,Action,English,Francis Megahy,David Ambrose
2478984,"Vietnam, Texas",93.0,Action,English,Robert Ginty,"Tom Badal,C. Courtney Joyner"
2291737,Skeeter,95.0,Sci-fi,English,Clark Brandon,
2235965,Red Heat,106.0,Mystery & thriller,English,Robert Collector,
2355425,The Champ,86.0,Drama,English,King Vidor,
2326219,Sweet Sugar,85.0,Action,English,Michel Levesque,
1916559,Ghost Patrol,58.0,Western,English,Sam Newfield,Wyndham Gittens
1761481,Carry on Regardless,87.0,Comedy,English (United Kingdom),Gerald Thomas,Norman Hudis
1893745,Flaming Star,92.0,Western,English,Don Siegel,
2454328,Turnaround,90.0,"Action, Mystery & thriller",English,Ola Solum,"Sandra K. Bailey,David McGillivray,Dennis Lanning,Ray Selfe"
1812567,Death by Medicine,117.0,Documentary,English,"Gary Null,Valerie Van Cleve",
2417665,The Sun Came Out,90.0,Documentary,English,Simon Mark-Brown,
2114363,Merrill's Marauders,98.0,War,English,Samuel Fuller,
2059655,Le jumeau,110.0,Comedy,French (Canada),Yves Robert,
2379382,The Hunt for Red October,137.0,"Mystery & thriller, Action, Adventure",English,John McTiernan,"Larry Ferguson,Donald Stewart"
1916786,Ghosts of Girlfriends Past,100.0,"Romance, Comedy",English,Mark Waters,"Jon Lucas,Scott Moore"
2108022,Max Ernst Hanging,59.0,Documentary,English,"John De Menil,Francois De Menil",
2269339,Searching 4 Sandeep,55.0,Documentary,English,Poppy Stockell,Poppy Stockell
2115081,Metalstorm: The Destruction of Jared-Syn,84.0,Sci-fi,English,Charles Band,
1657316,A Slight Case of Murder,85.0,Comedy,English,Lloyd Bacon,
2280621,She Wanted a Millionaire,80.0,Drama,English,John G. Blystone,"William Collier Sr.,Wm. Anthony McGuire,Sonya Levien"
2067804,Les Girls,114.0,Musical,English,George Cukor,John Patrick
2499084,Who's Afraid of Virginia Woolf?,129.0,Drama,English,Mike Nichols,"Edward Albee,Ernest Lehman"
1717927,Beauty and the Boss,75.0,"Comedy, Drama",English,Roy Del Ruth,
2497963,White Feather,102.0,Western,English,Robert D. Webb,
2486737,Walking with Francis,27.0,"Biography, Drama",English,Jeremy Culver,"Jeremy Culver,Richard L. Mitchell"
2201826,Picnic at Hanging Rock,110.0,"Mystery & thriller, Drama",English (Australia),Peter Weir,
2299919,Somebody Up There Likes Me,113.0,Biography,English,Robert Wise,Ernest Lehman
1639823,28 Weeks Later,100.0,"Horror, Mystery & thriller",English,Juan Carlos Fresnadillo,"Juan Carlos Fresnadillo,Rowan Joffe,Jesús Olmo,Enrique López Lavigne"
1898737,Forever Lulu,99.0,"Romance, Comedy",English,John Kaye,John Kaye
1738601,Body Chemistry,85.0,Mystery & thriller,English,Kristine Peterson,
1993777,Jaane Hoga Kya,155.0,Drama,Hindi,Ankush Glen,Ankush Glen
1651606,A Life Apart: Hasidism in America,90.0,Documentary,English,"Menachem Daum,Oren Rudavsky","Menachem Daum,Robert Seidman"
1794785,Crutch,88.0,"Drama, Mystery & thriller",English,Rob Moretti,"Paul Jacks,Rob Moretti"
1981243,In the Eyes of a Killer,100.0,Mystery & thriller,English,Louis Mandylor,"Marc Cushman,Susan Osborn,Mamie Jean Calvert,Joshua B. Porter"
1657634,A Southern Yankee,90.0,Comedy,English,Edward Sedgwick,
1691539,Any Number Can Play,112.0,Drama,English,Mervyn LeRoy,Richard Brooks
2383183,The Kiss,96.0,Horror,English,Scott Madden,Scott Madden
1815729,Demetrius and the Gladiators,101.0,"History, Drama",English,Delmer Daves,Philip Dunne
2372168,The Ghouls,81.0,Horror,English,Chad Ferrin,Chad Ferrin
1936226,Hangmen,90.0,"Action, Adventure, Mystery & thriller",English,J. Christian Ingvordsen,"J. Christian Ingvordsen,Steven Kaman"
2134524,Mulberry Street,85.0,"Horror, Mystery & thriller",English,Jim Mickle,"Nick Damici,Jim Mickle"
2431586,Thirupaachi,175.0,"Action, Drama",Tamil,Perarasu,
2077167,Little Caesar,77.0,"Crime, Drama",English,Mervyn LeRoy,
2159847,North by Northwest,136.0,Mystery & thriller,English,Alfred Hitchcock,Ernest Lehman
2235623,Recycled Parts,90.0,Horror,English,"Larry Sands,Bradley Young,Erick Vega",
1736194,Bloodthirsty Butchers,79.0,Horror,English,Andy Milligan,
2261618,Santa Fe Bound,58.0,Western,English,Harry S. Webb,
2115167,Metaphysia 2012,110.0,Documentary,English,Sean M. Fisher,
2395681,The Mummy Returns,129.0,"Adventure, Action, Fantasy",English,Stephen Sommers,Stephen Sommers
2300881,Son of the Mask,95.0,Comedy,English,Lawrence Guterman,"Tom Gammill,Lance Khazei,Rob McKittrick,Max Pross"
1910025,Gambling Lady,66.0,Drama,English,Archie Mayo,
2152977,Nico the Unicorn,93.0,"Kids & family, Fantasy",English,Graeme Campbell,Frank Sacks
2397510,The Night Brings Charlie,,,,Tom Logan,
2436686,Tilva Ros,99.0,Drama,Serbian,Nikola Lezaic,
1895912,Flying Home,80.0,"Documentary, Biography",German,Tobias Wyss,
2178439,Opera Jawa,120.0,Musical,Indonesian,Garin Nugroho,"Aramantono,Garin Nugroho"
2382997,The King of the Kickboxers,98.0,Action,English,Lucas Lowe,"Keith W. Strandberg,See-Yuen Ng"
2244773,Rio Grande Patrol,60.0,Western,English,Lesley Selander,Norman Houston
1909788,Gallagher's Travels,94.0,Adventure,English,Michael Caulfield,
2151292,New Rose Hotel,92.0,Drama,English,Abel Ferrara,"William Gibson,Abel Ferrara,Christ Zois"
2411572,The Seduction,105.0,Mystery & thriller,English,David Schmoeller,
1845379,Dream Warrior,91.0,Action,English,Zachary Weintraub,Zachary Weintraub
2362543,The Devil's Passkey,,Drama,English,Erich von Stroheim,Erich von Stroheim
2305476,Speedtrap,104.0,Action,English,Earl Bellamy,
1756984,Camp Beaverton: Meet the Beavers,61.0,"Documentary, Adventure, Comedy",English,"Ana Grillo,Beth Nelsen",Beth Nelsen
2123097,Mister Moses,113.0,Adventure,English,Ronald Neame,
2270120,Secret Games 3,80.0,Drama,English,Gregory Dark,
1846684,Driving Miss Daisy,99.0,"Comedy, Drama",English,Bruce Beresford,Alfred Uhry
1662015,Aasha,180.0,"Drama, Musical",Hindi,J. Om Prakash,"Ram Kelkar,Ramesh Pant"
2054932,Last Time Out,92.0,Drama,English,"Don ""Fox"" Greene",
1847521,DSKNECTD,98.0,Documentary,English,Dominic H. White,Dominic H. White
2275626,Seventh Heaven,102.0,Romance,English,Henry King,Melville Baker
1823255,Desperate Remedies,93.0,"Drama, Lgbtq+",English,"Peter Wells,Stewart Main",
1999172,Jersey Guy,88.0,"Comedy, Drama",English,Elia Zois,"Christ Zois,Elia Zois"
2019640,Killing Spree,88.0,Horror,English,Tim Ritter,
1825597,Dhool Ka Phool,153.0,Drama,Hindi,Yash Chopra,Mukhram Sharma
2241273,Return of the Living Dead: Rave to the Grave,100.0,Horror,English,Ellory Elkayem,"William Butler,Aaron Strongoni"
1759190,Captain Abu Raed,110.0,Drama,Arabic,Amin Matalqa,Amin Matalqa
2333817,Tarzan's New York Adventure,70.0,"Adventure, Action",English,Richard Thorpe,"Myles Connolly,William R. Lipman"
2075076,Like Crazy,89.0,"Drama, Romance",English,Drake Doremus,"Drake Doremus,Ben York Jones"
2359694,The Cry,80.0,"Mystery & thriller, Horror",English,Bernadine Santistevan,"Monique Salazar,Bernadine Santistevan"
1767050,Change of Life,93.0,Drama,English,Amy McClung,"Amy McClung,Jon Weimer"
2004272,Journey,87.0,Drama,English,Paul Almond,
1773870,Chouchou,101.0,Comedy,French (France),Merzak Allouache,"Merzak Allouache,Gad Elmaleh"
1958639,Hostile Intent,90.0,Mystery & thriller,English,Jonathan Heap,
2505560,Wonder House,70.0,Sci-fi,English,Oonagh Kearney,Oonagh Kearney
2001214,Jinxed!,105.0,Comedy,English,Don Siegel,"Frank D. Gilroy,David Newman"
2114125,Mere Mehboob,164.0,"Musical, Romance",Urdu,Harnam Singh Rawail,"Vinod Kumar,Harnam Singh Rawail"
2221971,Psycho Cop,87.0,Horror,English,Wallace Potts,Wallace Potts
2112702,Memories of a Forgotten War,63.0,Documentary,English,Sari Raissa Lluch Dalena,Kiri Dalena
2311175,Starsky & Hutch,101.0,Comedy,English,Todd Phillips,"Todd Phillips,John O'Brien,Scot Armstrong,Stevie Long"
2089317,Lucky Life,97.0,Drama,English,Lee Isaac Chung,"Lee Isaac Chung,Samuel Gray Anderson"
1815420,Delivery Boys,92.0,"Musical, Comedy",English,Ken Handler,
2300206,Something More,98.0,"Romance, Comedy",English,Rob W. King,Peter Bryant
1919912,Gladiator Games,100.0,"Action, Adventure, Fantasy",Italian,Stefano Milla,Maurizio Bazzano
1883999,Farmer & Chase,97.0,"Crime, Drama",English,Michael Seitzman,
1775512,Chéri,92.0,"Romance, Drama",English,Stephen Frears,Christopher Hampton
2326565,Swimming in Nebraska,75.0,Documentary,,Jon Jost,
2415002,The Southerner,91.0,Drama,English,Jean Renoir,"George Sessions Perry,Hugo Butler,Jean Renoir"
2359685,The Crush,15.0,"Comedy, Drama",English,Michael Creagh,
2367242,The Falcon Out West,64.0,Mystery & thriller,English,William Clemens,
2095213,Magic Men,100.0,"Comedy, Drama",Greek,"Guy Nattiv,Erez Tadmor","Sharon Maymon,Guy Nattiv,Erez Tadmor"
2127508,Monster in the Closet,90.0,Sci-fi,English,Bob Dahlin,Bob Dahlin
2354549,The Captive Heart,108.0,Drama,English,Basil Dearden,"Angus MacPhail,Guy Morgan"
2369925,The Fog,100.0,"Horror, Mystery & thriller",English,Rupert Wainwright,"John Carpenter,Debra Hill,Cooper Layne"
1663230,Above the Law,99.0,Action,English,Andrew Davis,"Steven Pressfield,Ronald Shusett,Andrew Davis"
1923109,Golden Earrings,95.0,Drama,English,Mitchell Leisen,
2373728,The Golf Specialist,20.0,Comedy,English,Monte Brice,
1938086,"Hard, Fast and Beautiful",79.0,Drama,English,Ida Lupino,
1988048,Into the West,102.0,"Kids & family, Adventure",English,Mike Newell,Jim Sheridan
2294723,Small Apartments,97.0,"Comedy, Crime, Drama",English,Jonas Akerlund,Chris Millis
1675913,All of Me,93.0,Comedy,English,Carl Reiner,Phil Alden Robinson
2187313,Pals of the Saddle,55.0,Western,English,George Sherman,"Stanley Roberts,Betty Burbridge"
2329102,Taarzan: The Wonder Car,163.0,"Action, Drama",Hindi,"Abbas Alibhai Burmawalla,Mastan Alibhai Burmawalla",Lalit Mahajan
2281624,Sherlock Holmes,128.0,"Action, Adventure, Mystery & thriller",English,Guy Ritchie,"Michael Robert Johnson,Anthony Peckham,Simon Kinberg"
2160012,North Shore,96.0,Adventure,English,William Phelps,"Randal Kleiser,Tim McCanlies,William Phelps"
2212736,Posse,109.0,Western,English,Mario Van Peebles,
1963696,Humongous,93.0,Horror,English,Paul Lynch,
1905244,Frontier Town,58.0,Western,English,Ray Taylor,Edmond Kelso
2381212,The Island on Bird Street,107.0,Drama,English,Søren Kragh-Jacobsen,"Uri Orlev,Tony Grisoni,John Goldsmith"
2304881,Speak Easily,82.0,Comedy,English,Edward Sedgwick,"Ralph Spence,Laurence E. Johnson"
2320386,Sultanat,147.0,"Action, Romance, Drama",Hindi,"John Philip Dayton,Mukul Anand",
1681085,American Ghost Hunter,96.0,Documentary,English,Chad Calek,Chad Calek
1918538,Girlfriends,69.0,"Comedy, Crime, Drama",English,"Mark Steven Bosko,Wayne A. Harold",Wayne A. Harold
1811177,Dead Man Running,92.0,"Action, Crime, Drama, Mystery & thriller",English,Alex De Rakoff,"Alex De Rakoff,John Luton"
1947613,Hesher,100.0,Drama,English,Spencer Susser,"Spencer Susser,David Michôd"
1969395,I Spill Your Guts,90.0,"Horror, Mystery & thriller",English,James Balsamo,James Balsamo
2346083,The Assault,84.0,Action,English,Jim Wynorski,
1835384,Disowning Claire,83.0,Comedy,English,A.C. Abbott,"A.C. Abbott,John E. Doom"
2355955,The Children of Ibdaa,,,,S. Patrick Smith,
1666982,Adventures of Red Ryder,,,,John English,
2379742,The Illusionist,110.0,"Mystery & thriller, Drama",English,Neil Burger,Neil Burger
2151232,New Orleans Music in Exile,115.0,Documentary,English,Robert Mugge,
1883851,Farewell to the King,117.0,"War, Action, Drama",English,John Milius,
2381100,The Iron Lady,105.0,"Biography, History, Drama",English,Phyllida Lloyd,Abi Morgan
2231472,Ramaa: The Saviour,120.0,"Action, Adventure",Hindi,Hadi Abrar,Reshu Nath
1651752,A Lion Is in the Streets,88.0,Drama,English,Raoul Walsh,Luther Davis
1808577,Daybreak,98.0,Drama,English,Bernard Rudden,Bernard Rudden
2386067,The Legend of the 5ive,90.0,"Holiday, Horror",English,James P. Weatherall,"Lennah Seelig,James P. Weatherall"
2410652,The Scorpion King,91.0,"Adventure, Action, Fantasy",English,Chuck Russell,"John Hales,Stephen Sommers,Stephen Sommers,William Osborne,David Hayter"
2150549,Never Give a Sucker an Even Break,71.0,Comedy,English,Edward F. Cline,"Prescott Chaplin,W.C. Fields,John T. Neville"
1931518,Gurudev,147.0,Romance,Hindi,Vinod Mehra,Prayag Raj
2367952,The Favor,110.0,Drama,English,Eva Aridjis,Eva Aridjis
2423047,The Unknown,65.0,Drama,,Tod Browning,
1672080,Al Capone,105.0,"Crime, Drama",English,Richard Wilson,
2387622,The Littlest Rebel,73.0,Musical,English,David Butler,
2367950,The Favor,97.0,"Romance, Comedy",English,Donald Petrie,"Sara Parriott,Josann McGibbon"
2197078,People Are Dead,90.0,Drama,English,Kevin Ford,Kevin Ford
1793613,Critical Care,105.0,Drama,English,Sidney Lumet,
2354784,The Carson City Kid,54.0,Western,English,Joseph Kane,
2432294,This Must Be the Place,118.0,Drama,English,Paolo Sorrentino,"Paolo Sorrentino,Umberto Contarello"
2235167,Recess: School's Out,82.0,"Kids & family, Comedy, Animation",English,Chuck Sheetz,"Joe Ansolabehere,Paul Germain,Jonathan Greenberg,Jonathan Greenberg"
2336999,Telefon,103.0,Mystery & thriller,English,Don Siegel,"Peter Hyams,Stirling Silliphant"
2470263,Urban Massacre,90.0,"Horror, Mystery & thriller",English,Dale Resteghini,"Dale Resteghini,Carl Washington"
2317663,Stuart Saves His Family,95.0,Comedy,English,Harold Ramis,
2150470,Never Been Kissed,107.0,"Romance, Comedy",English,Raja Gosnell,"Abby Kohn,Marc Silverstein"
2428085,The Woodlanders,96.0,Drama,English,Phil Agland,
2003897,Josh and S.A.M.,98.0,Adventure,English,Billy Weber,
2428232,The World According to Garp,136.0,"Comedy, Drama",English,George Roy Hill,Steve Tesich
2326585,Swimming to Cambodia,83.0,Drama,English,Jonathan Demme,
2379324,The Hungry Ghosts,105.0,Drama,English,Michael Imperioli,Michael Imperioli
1899838,Found,103.0,"Horror, Mystery & thriller",English,Scott Schirmer,"Scott Schirmer,Todd Rigney"
2426290,The Whales of August,90.0,Drama,English,Lindsay Anderson,David Berry
1663189,Above and Beyond,122.0,"History, Drama",English,"Melvin Frank,Norman Panama","Beirne Lay Jr.,Melvin Frank,Norman Panama,Beirne Lay Jr."
1706719,Babes in Toyland,74.0,"Kids & family, Holiday, Musical, Animation",English,"Charles Grosvenor,Toby Bluth,Paul Sabella",
2002874,Johnny Guitar,110.0,Western,English,Nicholas Ray,"Roy Chanslor,Philip Yordan"
2231107,Rajput,210.0,"Action, Drama",Hindi,Vijay Anand,
2072198,Liam,91.0,Drama,English,Stephen Frears,Jimmy McGovern
2421780,The Truth About Charlie,104.0,Mystery & thriller,English,Jonathan Demme,"Peter Stone,Jonathan Demme,Steve Schmidt,Jessica Bendinger"
2395721,The Muppets Take Manhattan,94.0,"Kids & family, Comedy",English,Frank Oz,"Tom Patchett,Jay Tarses,Frank Oz"
2309377,Stagecoach to Denver,56.0,Western,English,R. G. Springsteen,
2300098,Something Big,108.0,"Western, Comedy",English,Andrew V. McLaglen,
1728557,Biker Boyz,110.0,"Action, Drama",English,Reggie Rock Bythewood,"Reggie Rock Bythewood,Michael Gougis"
2480084,Violated,78.0,"Crime, Drama",English,Walter Strate,
2357812,The Complex,,,,Josh Spiegel,
1893972,Flashback,100.0,"Sci-fi, Comedy",English,Brendan Jackson Rogers,"Brendan Jackson Rogers,Will Phillips"
1707534,Bach & Friends,116.0,Documentary,English,Michael R. Lawrence,
1675454,All Fall Down,111.0,Drama,English,John Frankenheimer,"James Leo Herlihy,William Inge"
1842137,Dot,93.0,Comedy,English,"Simeon Schnapper,Brett Singer","Simeon Schnapper,Brett Singer"
2080372,Loggerheads,93.0,"Drama, Lgbtq+",English,Tim Kirkman,Tim Kirkman
1988791,Invitation,84.0,Romance,English,Gottfried Reinhardt,Paul Osborn
2519621,Ziegfeld Follies,110.0,Musical,English,"Lemuel Ayers,Roy Del Ruth,Robert Lewis,Vincente Minnelli,George Sidney,Charles Walters","John Murray Anderson,Peter Barr,Guy Bolton,Allen Boretz,Irving Brecher,Eddie Cantor,Erik Charell"
2429325,The Young Poisoner's Handbook,106.0,"Comedy, Drama",English,Benjamin Ross,"Jeff Rawle,Benjamin Ross"
2310513,Star Vehicle,75.0,Horror,English,Ryan Nicholson,Ryan Nicholson
2325290,Swamp Water,90.0,Mystery & thriller,English,Jean Renoir,
2493865,What Did You Expect? The Archers of Loaf Live at Cat's Cradle,89.0,"Documentary, Music",English,Gorman Bechard,
2239214,Renegade Force,90.0,Action,English,Martin Kunert,
2265148,Scarlet Dawn,58.0,Drama,English,William Dieterle,
1887073,FEMA City,70.0,Documentary,English,Jamin Griffiths,Jamin Griffiths
2196698,Penn & Teller Get Killed,89.0,Comedy,English,Arthur Penn,
1675925,All of Us,82.0,Documentary,Amharic,Emily Abt,
2514756,Young Billy Young,89.0,Western,English,Burt Kennedy,Burt Kennedy
2107790,Mausam,156.0,"Musical, Romance",Hindi,Gulzar,"Gulzar,Bhushan Banmali,Kamleshwar"
2096047,Mahout: The Great Elephant Walk,88.0,Documentary,English,"James Dartnall,Jack Wylson","James Dartnall,Jack Wylson"
1747200,Broken Hill,102.0,"Drama, Music",English,Dagen Merrill,Dagen Merrill
1786304,Confessions of a Dangerous Mind,113.0,"Biography, Comedy, Drama",English,George Clooney,"Chuck Barris,Charlie Kaufman"
2324305,Suspended Animation,114.0,"Mystery & thriller, Drama",English,John D. Hancock,Dorothy Tristan
2385960,The Legend of Hell's Gate: An American Conspiracy,106.0,Western,English,Tanner Beard,Tanner Beard
2347129,The Ballad of Jack and Rose,111.0,Drama,English,Rebecca Miller,Rebecca Miller
2263480,Saturday's Hero,111.0,Drama,English,David Miller,
2492955,West of Zanzibar,68.0,Adventure,English,Tod Browning,
2203675,Pink Nights,84.0,Comedy,English,Philip Koch,
2326591,Swimming Upstream,114.0,Drama,English,Russell Mulcahy,"Anthony Fingleton,Diane Fingleton"
1871670,Ernest in the Army,85.0,Comedy,English,John R. Cherry III,
2004619,Joy,89.0,"Comedy, Drama",English,"Julie Marie Hassett,Drew Money","Jennifer Grace Cook,Julie Marie Hassett"
2406325,The Real Shaolin,89.0,Documentary,English,Alexander Sebastien Lee,Nicholas Rucka
2479354,Vijeta,160.0,Drama,Hindi,Govind Nihalani,
2344447,The Amazing Truth About Queen Raquela,80.0,Drama,English,Olaf de Fleur Johannesson,"Benedikt Jóhannesson,Olaf de Fleur Johannesson"
2425583,The Waterdance,106.0,Drama,English,"Neal Jimenez,Michael Steinberg",
1825100,Devils of Darkness,88.0,Horror,English,Lance Comfort,
1844054,Dr. Jack,75.0,Comedy,,"Fred Newmeyer,Sam Taylor","Thomas J. Crizer,Jean Havez,Hal Roach,Sam Taylor"
2200364,Phantom of the Mall: Eric's Revenge,91.0,Horror,English,Richard Friedman,
2470277,Urban Odyssey,47.0,"Documentary, Adventure, Biography",English,Maryanne Galvin,Maryanne Galvin
2405727,The Raiders,75.0,Western,English,Herschel Daugherty,Gene L. Coon
2073578,Life as We Know It,113.0,"Romance, Comedy",English,Greg Berlanti,"Ian Deitchman,Kristin Rusk Robinson"
2417337,The Stuff,87.0,"Horror, Comedy",English,Larry Cohen,Larry Cohen
2376636,The Haunted House,21.0,"Comedy, Horror",,"Edward F. Cline,Buster Keaton","Edward F. Cline,Buster Keaton"
2309364,Stagecoach,115.0,Western,English,Gordon Douglas,"Dudley Nichols,Ernest Haycox,Joseph Landon"
2489758,Way Down South,62.0,Musical,English,Bernard Vorhaus,
2474631,Vedi,,Action,Tamil,Prabhu Deva,Shiva
2345868,The Art Star and the Sudanese Twins,109.0,Drama,English (Australia),Pietra Brettkelly,Pietra Brettkelly
2069734,Les voleurs d'enfance,90.0,Documentary,French (Canada),Paul Arcand,Paul Arcand
2479410,Vikram,150.0,"Action, Drama",Telugu,V. Madhusudan Rao,Subhash Ghai
2064956,Legion of the Night,96.0,Horror,English,Matt Jaissle,Matt Jaissle
1836784,Do Knot Disturb,126.0,"Musical, Comedy",Hindi,David Dhawan,Yunus Sajawal
1876376,Every Night at Eight,80.0,"Musical, Comedy",English,Raoul Walsh,
2351620,The Boot Cake,74.0,Documentary,English,Kathryn Millard,Kathryn Millard
1788417,Cop Out,103.0,"Comedy, Crime, Drama, Action",English,Kevin Smith,"Robb Cullen,Mark Cullen"
2483372,Von Richthofen and Brown,97.0,War,English,Roger Corman,
2219829,Professor Beware,87.0,Comedy,English,Elliott Nugent,"Clyde Bruckman,Francis M. Cockrell,Jack Cunningham,Delmer Daves,Crampton Harris"
2054096,Lashkar,131.0,"Crime, Drama, Action",Hindi,Jagdish Kadar,Anwar Khan
2081047,Lonely in America,96.0,"Romance, Comedy",English,Barry Alexander Brown,
2455892,Twister,94.0,Drama,English,Michael Almereyda,Michael Almereyda
2360735,The Darkness Within,90.0,Mystery & thriller,English,Dom Portalla,Dom Portalla
2204763,Pithamagan,157.0,Drama,Tamil,Bala,Bala
2374892,The Great Santini,118.0,Drama,English,Lewis John Carlino,
2306612,Spiritual Revolution,124.0,Documentary,English,Alan Swyer,Alan Swyer
1897401,For Eyes Only,103.0,Mystery & thriller,German,János Veiczi,"Hans Lucke,Harry Thürk"
2184968,Oye Lucky! Lucky Oye!,131.0,Comedy,Hindi,Dibakar Banerjee,
2333450,Target,117.0,Mystery & thriller,English,Arthur Penn,
2296996,So Evil My Love,112.0,Mystery & thriller,English,Lewis Allen,
2099496,Man Dancin',113.0,Drama,English,Norman Stone,Sergio Casci
1871047,Equinox Knocks,111.0,Fantasy,English,Francine Rzeznik,"Zinka Benton,Francine Rzeznik"
2360621,The Dark Power,81.0,Horror,English,Phil Smoot,Phil Smoot
2172764,Omertà,107.0,"Crime, Drama, Mystery & thriller",French (Canada),Luc Dionne,Luc Dionne
2342943,The Abominable Crime,65.0,"Documentary, Drama, Lgbtq+",English,Micah Fink,
2521396,Zotz!,87.0,Comedy,English,William Castle,
1968428,I Love You to Death,96.0,"Comedy, Drama",English,Lawrence Kasdan,
1836497,Djinn,76.0,"Fantasy, Adventure",English,Sean Solimon,Sean Solimon
1906268,Fuego en el Alma,105.0,Drama,Spanish,Abdiel Colberg,
2377899,The Hitler Gang,101.0,"History, Drama",English,John Farrow,
2403215,The Portrait of a Lady,144.0,Drama,English,Jane Campion,Laura Jones
2096237,Maidan-E-Jung,155.0,"Action, Crime, Drama",Hindi,K.C. Bokadia,K.C. Bokadia
1732213,Black Friday,171.0,"Action, Crime, Drama",Hindi,Anurag Kashyap,Anurag Kashyap
2374924,The Great Squeeze: Surviving the Human Project,68.0,Documentary,English,Christophe Fauchere,
2011059,Kalyug,126.0,Drama,Hindi,Mohit Suri,"Jay Dixit,Anand Sivakumaran"
2421758,The Truth,96.0,Mystery & thriller,English,Ryan Barton-Grimley,"Ryan Barton-Grimley,Matt K. Turner"
2350449,The Black Lash,57.0,Western,English,Ron Ormond,"June Carr,Timothy Ormand"
2372148,The Ghosts of Edendale,90.0,Horror,English,Stefan Avalos,Stefan Avalos
1983125,Indelible Lalita,71.0,Documentary,English,Julie Mallozzi,
2125546,Molly and Lawless John,97.0,Western,English,Gary Nelson,Terry Kingsley-Smith
1978283,Immaan Dharam,180.0,Action,Hindi,Desh Mukherjee,
2338727,Tequila Body Shots,95.0,Horror,English,Tony Shyu,
2086946,Love Island,64.0,"Romance, Comedy",English,Bud Pollard,Daniel Kusell
2089384,Lucky Stars,20.0,Comedy,English,Harry Edwards,"Frank Capra,Al Giebler,Arthur Ripley"
2465439,Underworld,121.0,"Fantasy, Action, Horror",English,Len Wiseman,"Danny McBride,Kevin Grevioux,Danny McBride,Len Wiseman"
2408294,The Rising Place,89.0,Drama,English,Tom Rice,Tom Rice
2371516,The Garbage Pail Kids Movie,100.0,"Kids & family, Comedy",English,Rod Amateau,"Rod Amateau,John Pound"
2446970,Trance,101.0,"Crime, Drama, Mystery & thriller",English,Danny Boyle,"Joe Ahearne,John Hodge"
2365498,The End,110.0,Drama,Arabic,Hisham Lasri,Hisham Lasri
2125939,Mommy,89.0,Mystery & thriller,English,Max Allan Collins,Max Allan Collins
2434658,Thunder in the City,86.0,"Comedy, Drama",English,Marion Gering,
1783480,Come on Over,60.0,Romance,,Alfred E. Green,Rupert Hughes
2210096,Pompeya,95.0,"Action, Crime, Drama",Spanish,Tamae Garateguy,
1939912,Haunted Forest,81.0,Horror,English,Mauro Borrelli,Mauro Borrelli
2357866,The Concert for Bangladesh,99.0,Documentary,English,Saul Swimmer,
2104424,Marquis de Sade,88.0,Drama,English,Gwyneth Gibby,Craig J. Nevius
1883227,Fantasia Lusitana,65.0,Documentary,Portuguese,Joao Canijo,Joao Canijo
2190724,Pardon My Gun,67.0,Western,English,Robert De Lacey,"Hugh Cummings,Eugene Walter"
2302429,Sorted,102.0,Drama,English,Alexander Jovy,"Malcolm Campbell,Alexander Jovy,Christian Spurrier,Malcolm Villiers"
2378619,The Hot Box,85.0,Action,English,Joe Viola,"Jonathan Demme,Joe Viola"
2269048,Sea Scouts,8.0,"Comedy, Animation",English,Dick Lundy,"Carl Barks,Chuck Couch"
2113071,Men Must Fight,72.0,Sci-fi,English,Edgar Selwyn,C. Gardner Sullivan
2301761,Sons of Provo,93.0,"Comedy, Music",English,Will Swenson,"Will Swenson,Peter D. Brown"
1885126,Father of Lights,99.0,Documentary,English,Darren Wilson,Darren Wilson
1791975,Crashing Thru,60.0,Adventure,English,Elmer Clifton,
2356739,The Clearing,95.0,"Mystery & thriller, Drama",English,Pieter Jan Brugge,Justin Haythe
2437748,Tinseltown,88.0,Comedy,English,Tony Spiridakis,"Tony Spiridakis,Shem Bitterman"
1720242,Being Julia,104.0,"Comedy, Drama",English,István Szabó,Ronald Harwood
2453630,Tum Mile,140.0,"Drama, Romance",Hindi,Kunal Deshmukh,Ankur Tewari
2379014,The House Where Evil Dwells,88.0,Horror,English,Kevin Connor,Robert Suhosky
2511814,Yellow Sky,98.0,Western,English,William A. Wellman,
2404143,The Principle,90.0,Documentary,English,Katheryne Thomas,
2084240,Los tres García,101.0,"Romance, Comedy",Spanish,Ismael Rodríguez,
1746036,Brigham Young,114.0,Biography,English,Henry Hathaway,"Louis Bromfield,Lamar Trotti"
2472571,Valentine's Day,119.0,"Holiday, Romance, Comedy, Lgbtq+",English,Garry Marshall,Katherine Fugate
1995469,Jake's Corner,98.0,Drama,English,Jeff Santo,Jeff Santo
2291194,Six Pack,108.0,"Comedy, Drama",English,Daniel Petrie,
2137153,My American Cousin,95.0,"Comedy, Drama",English,Sandy Wilson,Sandy Wilson
2086503,Love Express,80.0,"Romance, Comedy",Hindi,Sunny Bhambani,
2135456,Murder on a Honeymoon,74.0,"Mystery & thriller, Comedy",English,Lloyd Corrigan,
2415962,The Starfighters,78.0,War,English,Will Zens,
1899563,Forty Naughty Girls,63.0,"Mystery & thriller, Comedy",English,Edward F. Cline,
1858351,El circo,90.0,Comedy,Spanish,Miguel M. Delgado,
1725363,Bhabhi Ki Chudiyan,150.0,Drama,Hindi,Sadashiv J. Row Kavi,
1791990,Craters of the Moon,77.0,"Drama, Horror, Mystery & thriller",English,Jesse Millward,Jesse Millward
2096800,Major Payne,97.0,Comedy,English,Nick Castle,
2086524,Love Finds Andy Hardy,90.0,"Comedy, Drama",English,George B. Seitz,William Ludwig
2414156,The Smiling Lieutenant,88.0,"Musical, Comedy",,Ernst Lubitsch,
2388047,The Lonely Villa,,Drama,English,D.W. Griffith,Mack Sennett
1683110,An Affair of the Heart,94.0,Documentary,English,Sylvia Caminer,
2383167,The Kiss,101.0,Horror,English,Pen Densham,
1840525,Donald in Mathmagic Land,27.0,"Fantasy, Animation",English,"Les Clark,Hamilton Luske,Joshua Meador,Wolfgang Reitherman","Milt Banta,Bill Berg,Heinz Haber"
2401377,The Perfect Holiday,96.0,"Kids & family, Holiday, Romance",English,Lance Rivera,"Lance Rivera,Marc Calixte"
2321506,Sunnyside,41.0,Comedy,,Charlie Chaplin,Charlie Chaplin
2353386,The Bullfighters,61.0,Comedy,English,Malcolm St. Clair,
2426047,The Wedding Pact,91.0,"Romance, Comedy",English,Matt Berman,Matt Berman
2357213,The Cola Conquest,,,,Irene Lilienheim Angelico,
2392002,The Man Without a Country,21.0,Drama,English,Crane Wilbur,Forrest Barnes
2370366,The Forty-Niners,59.0,Western,English,John P. McCarthy,
2010686,Kaleldo,95.0,Drama,English,Brillante Mendoza,
1788324,Cool World,102.0,Fantasy,English,Ralph Bakshi,"Michael Grais,Mark Victor"
1989592,Iron Man,126.0,"Action, Adventure, Sci-fi, Fantasy",English,Jon Favreau,"Mark Fergus,Hawk Ostby,Art Marcum,Matt Holloway"
2174307,On Top of Old Smoky,59.0,Western,English,George Archainbaud,Gerald Geraghty
2330585,Take Me Home,97.0,"Romance, Comedy",English,Sam Jaeger,Sam Jaeger
2402506,The Plague Dogs,103.0,"Adventure, Animation",English,Martin Rosen,"Richard Adams,Martin Rosen"
1970972,I.G.,121.0,Action,Malayalam,B. Unnikrishnan,B. Unnikrishnan
1903722,Friday the 13th,97.0,Horror,English,Marcus Nispel,"Damian Shannon,Mark Swift"
1741614,Born This Way,82.0,"Documentary, Lgbtq+",French (Canada),"Shaun Kadlec,Deb Tullmann",
2372022,The Ghost and Mr. Chicken,90.0,Comedy,English,Alan Rafkin,"James Fritzell,Everett Greenbaum"
2380403,The Inner Circle,137.0,Drama,English,Andrey Konchalovskiy,
2191723,Particle Fever,97.0,Documentary,English,Mark Levinson,
2418424,The Tale of the Voodoo Prostitute,75.0,Horror,English,Chaz Buchanan,Chaz Buchanan
2465435,Underworld,103.0,"Mystery & thriller, Comedy",English,Roger Christian,Larry Bishop
2320843,Summertime Christmas,111.0,"Holiday, Comedy",English,Andrew von Ehrenkrook,Maude von Ehrenkrook
2507520,Wrong Side of the Bus,56.0,Documentary,English,Rod Freedman,
2205856,Platinum High School,95.0,Drama,English,Charles Haas,
2451091,Trooper and the Legend of the Golden Key,90.0,Adventure,English,John Rhode,"Steve Beck,Harry Cason"
2090642,Lured Innocence,97.0,Drama,English,Kikuo Kawasaki,Kikuo Kawasaki
2337905,Ten 'til Noon,,,,Scott Storm,
1889841,Film Star,180.0,Drama,Hindi,Tanuja Chandra,
1916502,Ghost in the Noonday Sun,89.0,Comedy,English (United Kingdom),Peter Medak,Evan Jones
1797769,Cutting Loose,90.0,Documentary,English,"Susan Todd,Andrew Young",
2430892,They're a Weird Mob,109.0,Comedy,English,Michael Powell,Emeric Pressburger
1721864,Benjamin Troubles,104.0,"Drama, Romance",English,Kai Ephron,Lee Ross
2301175,Song of the Dead,96.0,"Musical, Horror",English,Chip Gubera,Chip Gubera
1969837,I Want Candy,85.0,Comedy,English,Stephen Surjik,"Peter Hewitt,Phil Hughes,Jamie Minoprio,Jonathan Stern"
2005010,Jubal,101.0,Western,English,Delmer Daves,
2391832,The Man Who Skied Down Everest,86.0,Documentary,English,Bruce Nyznik,"Judith Crawley,Yûichirô Miura"
2192817,Passenger Side,84.0,Drama,English,Matt Bissonnette,Matt Bissonnette
2384176,The Last Command,90.0,"Drama, History, Romance",,Josef von Sternberg,John F. Goodrich
2309969,Standing Room Only,82.0,Comedy,English,Sidney Lanfield,
2418983,The Temptress,117.0,Drama,,Fred Niblo,Dorothy Farnum
1640832,36 Ghante,150.0,"Action, Crime, Drama, Mystery & thriller",Hindi,Raj Tilak,Akhtar-Ul-Iman
2493267,Wet Dreams,,,,Steve Willis,
2080528,LOL,97.0,"Comedy, Drama",English,Lisa Azuelos,"Lisa Azuelos,Kamir Aïnouz"
1660876,A World Not Ours,93.0,"Documentary, Biography, History, Drama",Arabic,Mahdi Fleifel,Mahdi Fleifel
2063736,Leather Jackets,90.0,"Crime, Drama",English,Lee Drysdale,
2275229,Seven Chances,57.0,Comedy,,Buster Keaton,David Belasco
2404102,The Princess and the Pirate,94.0,Comedy,English,David Butler,
2146322,National Lampoon Presents: Surf Party,105.0,Comedy,English,Sam Pillsbury,"John J.D. Drury,John F. Sullivan,Sam Pillsbury"
1685826,Anamika: The Untold Story,141.0,Drama,Hindi,Anant Mahadevan,Sameer
1880972,Fagbug,83.0,Documentary,,Erin Davies,
2020669,King Rat,133.0,War,English,Bryan Forbes,
2274356,Serial Lover,83.0,Comedy,French (France),James Huth,"Romain Berthomieu,James Huth,Hugo Jacomet"
1718087,Beavers,30.0,Documentary,English,Stephen Low,
1714604,Barsaat,166.0,"Action, Romance",Hindi,Rajkumar Santoshi,Rajkumar Santoshi
1812106,Dean Spanley,100.0,"Comedy, Drama",English,Toa Fraser,Alan Sharp
2400615,The Passage,94.0,"Mystery & thriller, Drama",English,Mark Heller,Neil Jackson
1985895,Inside Out,70.0,Documentary,English,Alastair Siddons,
1921840,God Tussi Great Ho,150.0,"Romance, Comedy, Fantasy",Hindi,Rumi Jaffery,Rumi Jaffery
1844339,Dracula,109.0,Horror,English,John Badham,W.D. Richter
1895011,Flood Streets,90.0,Drama,English,Joseph Meissner,Helen Krieger
2227788,Quest for the Mighty Sword,94.0,Fantasy,English,Joe D'Amato,
2421464,The Trip,109.0,Comedy,English,Michael Winterbottom,
1881444,Faithful,88.0,"Comedy, Drama",English,Paul Mazursky,
1681570,American Virgin,88.0,Comedy,English,Clare Kilner,Jeff Seeman
2312394,Stella Street,82.0,Comedy,English,Peter Richardson,"Phil Cornwell,Peter Richardson,John Sessions"
2291665,Skatopia: 88 Acres of Anarchy,99.0,Documentary,English,"Laurie House,Colin Powers","Laurie House,Colin Powers"
2431792,This Happy Breed,115.0,Drama,English,David Lean,"Noel Coward,Anthony Havelock-Allan,David Lean,Ronald Neame"
1791819,Crank: High Voltage,97.0,Action,English,"Mark Neveldine,Brian Taylor","Mark Neveldine,Brian Taylor"
1707897,Back Then,79.0,Comedy,English,Danielle L. Ross,Danielle L. Ross
2124447,Moby Dick,75.0,Adventure,English,Lloyd Bacon,"Herman Melville,J. Grubb Alexander"
2309559,Stalingrad,138.0,"War, History, Drama",German,Joseph Vilsmaier,"Jürgen Büscher,Christoph Fromm,Johannes Heide,Joseph Vilsmaier"
1763216,Catch-22,121.0,"Comedy, Drama",English,Mike Nichols,"Joseph Heller,Buck Henry"
2401235,The People vs. Larry Flynt,130.0,"Drama, Biography",English,Milos Forman,"Scott Alexander,Larry Karaszewski"
1854603,Egypt: The Story Behind the Revolution,58.0,"Documentary, Adventure",English,Khaled Sayed,
2449433,Trevor,23.0,"Comedy, Drama, Lgbtq+",English,Peggy Rajski,James Lecesne
2233497,Rawhide,58.0,Western,English,Ray Taylor,
1703418,Austin Powers: International Man of Mystery,89.0,Comedy,English,Jay Roach,Mike Myers
1732501,Black Killer,85.0,"Action, Romance, Western",Italian,Carlo Croccolo,"Carlo Croccolo,Luigi Angelo"
2451063,Trona,63.0,Drama,English,David Fenster,David Fenster
2399305,The Oregon Trail,59.0,Western,English,Scott Pembroke,"Jack Natteford,Robert Emmett Tansey"
1791814,Crank,83.0,Action,English,"Mark Neveldine,Brian Taylor","Mark Neveldine,Brian Taylor"
1881668,Fall Down Dead,93.0,Mystery & thriller,English,Jon Keeyes,Roy Sallows
1824403,Deuces,90.0,"Sci-fi, Mystery & thriller",English,Michael Winnick,Michael Winnick
2370870,The Front Man,73.0,"Documentary, Biography, Comedy",English,Paul Devlin,
2373256,The Go-Getter,93.0,"Comedy, Drama",English,Martin Hynes,Martin Hynes
1799914,Daens,134.0,Drama,Dutch,Stijn Coninx,"Francoise Chevallier,Louis Paul Boon,Stijn Coninx"
2501067,Wild Seven,102.0,"Crime, Drama",English,James M. Hausler,James M. Hausler
1815339,Deliverance,,"Biography, Drama",English,George Foster Platt,
2332419,Tangled,101.0,"Kids & family, Musical, Comedy, Fantasy, Adventure, Animation",English,"Nathan Greno,Byron Howard",Dan Fogelman
1721031,Bells of San Angelo,71.0,Western,English,William Witney,Sloan Nibley
1725479,Bhaji on the Beach,100.0,"Comedy, Drama",English,Gurinder Chadha,"Gurinder Chadha,Meera Syal"
2230578,Rainbow Island,97.0,"Musical, Comedy",English,Ralph Murphy,
1844543,Dragon Eyes,88.0,"Action, Adventure",English,John Hyams,Tim Tori
1966838,I Cover the Waterfront,70.0,Drama,English,James Cruze,Wells Root
2117719,Midnight Ride,93.0,Mystery & thriller,English,Bob Bralver,
2323550,Surfing and Sharks,55.0,"Documentary, Action, Adventure",English,Julian Watson,
1767914,Charley's Aunt,81.0,Comedy,English,Archie Mayo,"George Seaton,Brandon Thomas"
1812842,Death of an Angel,92.0,Drama,English,Petru Popescu,Petru Popescu
1649831,A Good Year,118.0,"Romance, Comedy",English,Ridley Scott,Marc Klein
1808091,David's Dinosaur,100.0,Adventure,English,Matthew Charles Hall,Matthew Charles Hall
2305322,Speed,115.0,"Action, Mystery & thriller",English,Jan de Bont,Graham Yost
1969313,I Shot Billy the Kid,58.0,Western,English,William Berke,Orville H. Hampton
2416176,The Sterile Cuckoo,108.0,"Comedy, Drama",English,Alan J. Pakula,Alvin Sargent
2507489,Wrong Is Right,117.0,"Comedy, Drama",English,Richard Brooks,
2318077,Stump the Band,88.0,Horror,English,"José Angel Henrickson,William Holmes",José Angel Henrickson
1866635,Emotional Backgammon,93.0,Drama,English,Leon Herbert,"Leon Herbert,Matthew Hope"
1667057,Advice and Dissent,21.0,Comedy,English,Leib Cohen,Leib Cohen
2391456,The Man in the Iron Mask,132.0,"Adventure, Action, Drama",English,Randall Wallace,"Alexandre Dumas,Randall Wallace"
1797203,Curious George,87.0,"Kids & family, Comedy, Adventure, Animation",English,Matthew O'Callaghan,"Ken Kaufman,David Reynolds"
2355197,The Caveman's Valentine,105.0,Drama,English,Kasi Lemmons,"George Dawes Green,George Dawes Green"
2417303,The Student Nurses,85.0,Drama,English,Stephanie Rothman,
1665061,Action Replayy,131.0,"Romance, Comedy, Sci-fi",Hindi,Vipul Amrutlal Shah,"Aatish Kapadia,Suresh Nair"
2228082,Quid Pro Quo,81.0,"Comedy, Drama",English,Carlos Brooks,Carlos Brooks
2105376,Marvin's Room,98.0,Drama,English,Jerry Zaks,Scott McPherson
2311453,State of Aloha,83.0,Documentary,English,Anne Misawa,
2078894,Living It Up,95.0,"Musical, Comedy",English,Norman Taurog,"Jack Rose,Melville Shavelson,James H. Street"
1991793,It's About You,80.0,Documentary,English,"Kurt Markus,Ian Markus",Kurt Markus
2367245,The Falcon's Adventure,61.0,Mystery & thriller,English,William Berke,
1928222,Greenfingers,91.0,"Comedy, Drama, Romance",English,Joel Hershman,Joel Hershman
2230448,Rain,93.0,Drama,English,Lewis Milestone,
1672976,Alaska Far Away: The New Deal Pioneers of the Matanuska Colony,91.0,Documentary,English,"Paul Hill,Joan Juster","Jim Fox,Paul Hill,Joan Juster,Mark Lipman"
2357838,The Computer Wore Tennis Shoes,91.0,"Kids & family, Comedy",English,Robert Butler,Joseph L. McEveety
2361942,The Deposition,100.0,"Crime, Drama, Mystery & thriller",English,Eddie Mensore,Eddie Mensore
1793257,Crimes of the Heart,104.0,Drama,English,Bruce Beresford,Beth Henley
1822912,Designing Woman,118.0,Comedy,English,Vincente Minnelli,George Wells
1731392,Black & Blue,99.0,Drama,English,Jill Maxcy,Liz Maccie
2284298,Short Order,100.0,"Adventure, Drama",English,Anthony Byrne,Anthony Byrne
2443506,Tora! Tora! Tora!,143.0,"War, History, Drama",English,"Richard Fleischer,Toshio Masuda,Kinji Fukasaku","Larry Forrester,Hideo Oguni,Ryûzô Kikushima"
2220287,Project X,88.0,Comedy,English,Nima Nourizadeh,"Matt Drake,Michael Bacall"
1877085,Evil Ed,93.0,Horror,English,Anders Jacobsson,
2332416,Tangled,89.0,Mystery & thriller,English,Jay Lowi,
1735054,Block-Heads,55.0,Comedy,English,John G. Blystone,
1717685,Beautiful Faces,82.0,Documentary,Spanish,Russell Martin,Russell Martin
2369892,The Flying Saucer,69.0,Sci-fi,English,Mikel Conrad,Mikel Conrad
2153480,Night Creature,83.0,Mystery & thriller,English,Lee Madden,
1866196,Emergency Landing,67.0,Adventure,English,William Beaudine,
2222625,Pui Chan: Kung Fu Pioneer,92.0,Documentary,English,Mimi Chan,
2504168,Witness for the Prosecution,114.0,"Crime, Drama, Mystery & thriller",English,Billy Wilder,"Agatha Christie,Lawrence B. Marcus,Billy Wilder,Harry Kurnitz"
2513956,You Don't Like the Truth: 4 Days Inside Guantanamo,100.0,"Documentary, History, Drama",English,"Luc Côté,Patricio Henríquez","Luc Côté,Patricio Henríquez"
2279914,Shastra,141.0,Drama,Hindi,Sanjay Khanna,
1696597,Article 99,100.0,Drama,English,Howard Deutch,Ron Cutler
2112840,Memory of Forgotten War,37.0,Documentary,English,"Deann Borshay,Ramsay Liem",
2517511,Zameer,180.0,Drama,Hindi,Ravi Chopra,
2091638,Léolo,107.0,"Comedy, Drama",French (Canada),Jean-Claude Lauzon,Jean-Claude Lauzon
1960123,House Arrest,108.0,Comedy,English,Harry Winer,Michael Hitchcock
2464701,Under Lock and Key,92.0,"Action, Crime, Drama",English,Henri Charr,"Henri Charr,Jess Mancilla,John B. Pfeifer,Taesung Yim"
2224158,Pushover,88.0,"Crime, Drama",English,Richard Quine,"Bill S. Ballinger,Roy Huggins,Thomas Walsh"
2251762,Roustabout,101.0,Musical,English,John Rich,"Anthony Lawrence,Allan Weiss"
2376846,The Hearse,100.0,Horror,English,George Bowers,
2274546,Server Sundaram,180.0,Drama,Tamil,R. Krishnan,
2119477,Millions,97.0,"Comedy, Drama",English,Danny Boyle,Frank Cottrell Boyce
1793183,"Crime, Inc.",82.0,"Crime, Drama",English,Lew Landers,
1988472,Invasion of the Body Snatchers,80.0,"Sci-fi, Horror",English,Don Siegel,Daniel Mainwaring
2417353,The Stunt Man,129.0,"Mystery & thriller, Comedy",English,Richard Rush,
1918100,Gippi,138.0,Comedy,Hindi,Sonam Nair,Sonam Nair
2422382,The Ugly,93.0,Horror,English,Scott Reynolds,
2150076,Nesting,92.0,"Romance, Comedy",English,John Chuldenko,"John Chuldenko,Sean Blythe"
2412240,The Shakiest Gun in the West,101.0,"Western, Comedy",English,Alan Rafkin,"Edmund L. Hartmann,Frank Tashlin,James Fritzell,Everett Greenbaum"
1675746,All Is Forgiven,,"Drama, Mystery & thriller",English,Karen Borger,Karen Borger
1928470,Greta,92.0,Drama,English,Nancy Bardawil,Michael Gilvary
1838219,Dogpound Shuffle,95.0,Drama,English,Jeffrey Bloom,
2441738,Tombstone,127.0,"Western, Action",English,George P. Cosmatos,Kevin Jarre
2243776,Riding the California Trail,60.0,Western,English,William Nigh,
2189876,Paradise,111.0,Drama,English,Mary Agnes Donoghue,
1723637,Betrayed,127.0,Mystery & thriller,English,Costa-Gavras,
1642845,7 Days in Slow Motion,100.0,Drama,,Umakanth Thumrugoti,
2204707,Pitch,81.0,Documentary,English,"Kenny Hotz,Spencer Rice",
1947115,Heroes,140.0,Drama,Hindi,Samir Karnik,"Samir Karnik,Aseem Arora"
1810928,Dead Dad,82.0,"Comedy, Drama",English,Ken J. Adachi,"Ken J. Adachi,Kyle Arrington"
2422925,The Unholy Garden,74.0,"Crime, Drama",English,George Fitzmaurice,"Ben Hecht,Charles MacArthur"
2498874,Who Killed the Baby Jesus,92.0,"Crime, Drama",English,Douglas Borghi,
2326576,Swimming Pool,102.0,"Mystery & thriller, Drama",English (United Kingdom),François Ozon,"François Ozon,Emmanuèle Bernheim"
1724805,Beyond Rangoon,100.0,Drama,English,John Boorman,"Alex Lasker,Bill Rubenstein"
1970496,"I'm Fine, Thanks",69.0,Documentary,English,Grant Peelle,
2175241,One Fall,90.0,"Drama, Fantasy",English,Marcus Dean Fuller,"Marcus Dean Fuller,Richard Greenberg"
1889341,Fighting Hero,56.0,"Adventure, Western",English,Harry S. Webb,"Carl Krusada,Rose Gordon"
1746181,Brilliant Mistakes,116.0,Drama,English,Paul Brighton,"Paul Brighton,Doug Klozzner"
1692810,Appointment in London,96.0,War,English,Philip Leacock,"John Wooldridge,Robert Westerby"
2393436,The Mesmerist,88.0,Comedy,English,Gil Cates Jr.,"Michael A. Goorjian,Ron Marasco"
2245811,River's End,69.0,Adventure,English,Ray Enright,"Barry Trivers,Bertram Millhauser"
1990091,Isadora,153.0,Biography,English,Karel Reisz,"Melvyn Bragg,Clive Exton,Margaret Drabble"
2264424,Sawaal,150.0,Drama,Hindi,Ramesh Talwar,
2138421,My Girlfriend's Boyfriend,84.0,"Romance, Comedy",English,Daryn Tufts,Daryn Tufts
2358669,The Count of Monte Cristo,131.0,Adventure,English,Kevin Reynolds,"Jay Wolpert,Alexandre Dumas"
1894447,Flicka,95.0,"Kids & family, Drama, Adventure",English,Michael Mayer,"Mark Rosenthal,Lawrence Konner"
1972413,Idol of the Crowds,62.0,Drama,English,Arthur Lubin,"George Waggner,Harold Buckley"
1862558,El secreto de Romelia,100.0,Romance,Spanish,Busi Cortés,
2456118,Two Days Back,96.0,"Horror, Mystery & thriller",English,Kevin Alexander Boon,"Kevin Alexander Boon,Megan Brown,Tressa Bellows,Adam Eisentrout"
2104973,Martin,95.0,Horror,English,George A. Romero,George A. Romero
1930039,Guañape Sur,24.0,Drama,Spanish,János Richter,János Richter
2263832,Savage Streets,93.0,Action,English,Danny Steinmann,
2000540,Jim & piraterna Blom,91.0,Adventure,English,Hans Alfredson,"Hans Alfredson,Stellan Skarsgård"
2524608,Épouse-moi,90.0,Drama,French (Canada),Harriet Marin,
1951825,His Trust,14.0,"Drama, War",,D.W. Griffith,
2388144,The Long Kiss Goodnight,120.0,Action,English,Renny Harlin,Shane Black
1890400,Final Destination 3,92.0,"Horror, Mystery & thriller",English,James Wong,"Jeffrey Reddick,Glen Morgan,James Wong"
2239459,Repatriation,77.0,Drama,English,Douglas Mueller,Douglas Mueller
2417384,The Sublet,81.0,Comedy,English,Georgiana Nestor,"Gautama Kavuri,Georgiana Nestor"
1942635,Heaven Can Wait,101.0,"Comedy, Fantasy",English,"Warren Beatty,Buck Henry","Harry Segall,Elaine May,Warren Beatty,Robert Towne"
2178194,Open Pit,71.0,Documentary,Spanish,Gianni Converso,
1979585,In Darkness,145.0,"History, Drama",Polish,Agnieszka Holland,David F. Shamoon
2042292,La leyenda de una máscara,90.0,Drama,Spanish,José Buil,
2347454,The Barefoot Executive,96.0,"Kids & family, Comedy",English,Robert Butler,
2270657,Secrets of the Tribe,110.0,Documentary,English,José Padilha,
1950548,Hinnon Valley,24.0,Horror,English,Richard Greenwood Jr.,Richard Greenwood Jr.
1824999,Devil's Den,84.0,Horror,English,Jeff Burr,Mitch Gould
2135714,Murphy's War,106.0,"War, Drama",English,Peter Yates,"Stirling Silliphant,Max Catto"
1961005,How High,93.0,Comedy,English,Jesse Dylan,Dustin Abraham
2434815,Thunderstruck,93.0,"Kids & family, Comedy, Fantasy",English,John Whitesell,"Eric Champnella,Jeff Farley"
2429744,Their Own Desire,65.0,Drama,English,E. Mason Hopper,
1736129,Bloodmatch,85.0,Action,English,Albert Pyun,K. Hannah
2139951,My Teacher's Wife,89.0,Drama,English,Bruce Leddy,Seth Greenland
2302402,"Sorry, Haters",86.0,Drama,English,Jeff Stanzler,Jeff Stanzler
1761341,Carrie,118.0,Drama,English,William Wyler,"Ruth Goetz,Augustus Goetz"
2409929,The Saint,116.0,"Action, Adventure, Romance",English,Phillip Noyce,"Leslie Charteris,Jonathan Hensleigh,Wesley Strick"
2403860,The Price of Sex,72.0,Documentary,English,Mimi Chakarova,
2246320,Roadhouse 66,95.0,"Action, Comedy",English,John Mark Robinson,
2278798,Shakti,160.0,Drama,Hindi,Ramesh Sippy,
1990339,Isis Rising: Curse of the Lady Mummy,81.0,Horror,English,Lisa Palencia,Lisa Palencia
1794606,Cruiser,75.0,Mystery & thriller,,Randy Ser,Sam Hensley Jr.
2352292,The Brady Bunch Movie,88.0,Comedy,English,Betty Thomas,"Sherwood Schwartz,Laurice Elehwany,Rick Copp,Bonnie Turner,Terry Turner"
2352666,The Brides of Sodom,89.0,"Fantasy, Horror, Sci-fi, Mystery & thriller",English,Creep Creepersin,Creep Creepersin
1766618,Champion Road: Arena,118.0,Action,English,R.L. Scott,R.L. Scott
1751536,Burning in the Sun,82.0,Documentary,English,"Cambria Matlow,Morgan Robinson",
1759076,Cappuccino,98.0,Mystery & thriller,English,Craig Ross Jr.,
2430943,Thick as Thieves,94.0,"Crime, Drama",English,Scott Sanders,
2064951,Legion of the Dead,89.0,"Comedy, Horror",English,Olaf Ittenbach,Olaf Ittenbach
2325288,Swamp Thing,90.0,"Sci-fi, Action, Adventure, Fantasy, Horror",English,Wes Craven,Wes Craven
2301847,Soodhu Kavvum,138.0,"Comedy, Mystery & thriller",Tamil,Nalan Kumarasamy,Nalan Kumarasamy
1772231,Chillar Party,130.0,"Comedy, Drama",Hindi,"Vikas Bahl,Nitesh Tiwari","Vikas Bahl,Nitesh Tiwari"
2106330,Massé,93.0,"Drama, Mystery & thriller",English,Jay Taylor,Jay Taylor
2375688,The Guest Room,106.0,Horror,English,Henry Olek,Henry Olek
2050994,Lady Chatterley's Lover,105.0,Drama,English,Just Jaeckin,"Marc Behm,Just Jaeckin"
2285550,Shut Up and Do It!,83.0,Comedy,English,Bruno Irizarry,Bruno Irizarry
2483450,Voodoo Island,76.0,Horror,English,Reginald LeBorg,
1761362,Carried Away,108.0,"Comedy, Drama",English,Bruno Barreto,
2407384,The Restaurateur,57.0,Documentary,English,Roger M. Sherman,
1769781,Chelsea Walls,109.0,Drama,English,Ethan Hawke,"Nicole Burdette,Nicole Burdette"
2122194,Miss Montigny,100.0,Drama,French (Canada),Miel Van Hoogenbemt,
1893340,Five Pounds,79.0,"Crime, Drama, Mystery & thriller",English,Michael Peer,"Henry Gass,Michael Peer"
1732385,Black Horse Canyon,81.0,Western,English,Jesse Hibbs,"Daniel Mainwaring,David Lang"
2379177,The Human Race,90.0,"Sci-fi, Mystery & thriller",English,Paul Hough,Paul Hough
2201079,Phoonk 2,110.0,Horror,Hindi,Milind Gadagkar,Milind Gadagkar
2153536,Night Fliers,85.0,"Drama, Romance",English,Sara St. Martin Lynne,Sara St. Martin Lynne
2397797,The Ninja Showdown,92.0,Action,English,Joseph Lai,Stephen So
2081103,Lonesome Cowboys,110.0,Drama,English,Andy Warhol,
1738642,Body Heat,113.0,"Crime, Drama",English,Lawrence Kasdan,Lawrence Kasdan
2099394,Man About Town,85.0,"Musical, Comedy",English,Mark Sandrich,
1994613,Jackson,17.0,Comedy,English,Mark Jwayad,Mark Jwayad
2159859,North Country,126.0,Drama,English,Niki Caro,Michael Seitzman
1687770,Angel Express,82.0,Drama,German,Rolf Peter Kahl,Rolf Peter Kahl
1660522,A Will for the Woods,102.0,Drama,English,"Amy Browne,Tony Hale,Jeremy Kaplan,Brian Wilson",
2241300,Return of the Seven,96.0,Western,English,Burt Kennedy,Larry Cohen
1883645,Far Marfa,86.0,"Comedy, Drama",English,Cory Van Dyke,Cory Van Dyke
2236423,Red Sun Rising,95.0,Action,English,Francis Megahy,
1919087,Girls Nite Out,96.0,Horror,English,Robert Deubel,
2015137,Kazablan,115.0,Musical,English,Menahem Golan,
2430431,Therese and Isabelle,118.0,Drama,French (Canada),Radley Metzger,"Violette Leduc,Jesse Vogel"
2395670,The Mummy,72.0,Horror,English,Karl Freund,"Nina Wilcox Putnam,Richard Schayer,John L. Balderston"
2186107,Pagan Love Song,76.0,"Musical, Romance",English,Robert Alton,
2376755,The Hayseed,27.0,Comedy,,"Roscoe ""Fatty"" Arbuckle",
1662839,Abhiyum Naanum,147.0,"Comedy, Drama",Tamil,Radha Mohan,"C. P. Narayanan,R. Subramanian"
1964299,Hunting the Phantom,120.0,"Action, Adventure, Sci-fi",English,Marina Kunarova,Marina Kunarova
1648968,A Foreign Affair,116.0,"Musical, Comedy",English,Billy Wilder,"Charles Brackett,Richard L. Breen,Robert Harari,David Shaw,Billy Wilder"
2376142,The Hand of Night,88.0,Horror,English (United Kingdom),Frederic Goode,Bruce Stewart
2361450,The Death of April,90.0,"Horror, Mystery & thriller",English,Ruben Rodriguez,
1734941,Blissfully Unmarried,83.0,"Comedy, Drama",English,Derrick Shaw,Derrick Shaw
1812369,Dear Pyongyang,107.0,Documentary,Japanese,Yong-hi Yang,
2391738,The Man Who Knew Too Much,75.0,Mystery & thriller,English,Alfred Hitchcock,
2268448,Screwed,110.0,Drama,English,Reg Traviss,Colin Butts
1916428,Ghost Bird,85.0,Documentary,English,Scott Crocker,
1772589,Chinese Chocolate,101.0,Drama,English,"Yan Cui,Qi Chang",
1680979,American Dreamer,105.0,"Romance, Comedy",English,Rick Rosenthal,
2139823,My Son John,122.0,Drama,English,Leo McCarey,"Myles Connolly,Leo McCarey"
2496226,When the Drum Is Beating,84.0,Documentary,English,Whitney Dow,
2160025,North to Alaska,122.0,"Western, Comedy",English,Henry Hathaway,"John H. Kafka,Ladislas Fodor,John Lee Mahin,Martin Rackin,Claude Binyon"
2381121,The Iron Rider,44.0,Western,,Jacques Jaccard,Jacques Jaccard
1729650,Bindlestiffs,80.0,Comedy,English,Andrew Edison,"Andrew Edison,Luke Loftin"
1744774,Breaking Away,100.0,"Comedy, Drama",English,Peter Yates,Steve Tesich
1706711,Babes in the Woods,8.0,"Comedy, Fantasy, Adventure, Animation",English,Burt Gillett,Ted Sears
2069702,Les violons du bal,100.0,Drama,French (Canada),Michel Drach,Michel Drach
2361307,The Deadlines,90.0,Mystery & thriller,English,Jason Sanders,
1847170,Drum Beat,111.0,Western,English,Delmer Daves,
2193553,Pata Nahi Rabb Kehdeyan Rangan Ch Raazi,153.0,Drama,Punjabi,Ravinder Peepat,Harman
2073974,Life of Brian,93.0,Comedy,English (United Kingdom),Terry Jones,"Graham Chapman,John Cleese,Terry Gilliam,Eric Idle,Terry Jones,Michael Palin"
1756090,Call Me Mister,96.0,"Musical, Comedy",English,Lloyd Bacon,
2490084,We Are Family,115.0,Drama,Hindi,Siddharth P. Malhotra,
2295421,Smoke,112.0,Drama,English,"Wayne Wang,John Landis",Paul Auster
2518727,Zeppelin,101.0,War,English,Etienne Périer,
2348457,The Bellboy,72.0,Comedy,English,Jerry Lewis,Jerry Lewis
1984918,Inner Sanctum,62.0,Mystery & thriller,English,Lew Landers,
1881969,Falling Overnight,88.0,Drama,English,Conrad Jackson,"Conrad Jackson,Aaron Golden,Parker Croft"
2451649,Truck Turner,91.0,Action,English,Jonathan Kaplan,"Michael Allin,Jerry Wilkes,Oscar Williams"
2287807,"Silent Night, Deadly Night Part 2",88.0,Horror,English,Lee Harry,Lee Harry
2329704,Taggart,85.0,Western,English,R. G. Springsteen,Robert Creighton Williams
2465281,Underground,100.0,"Action, Drama",English,Wilbert Berthaud Jr.,Wilbert Berthaud Jr.
2406279,The Real McCoy,104.0,Mystery & thriller,English,Russell Mulcahy,"Desmond Lowden,Will Davies,William Osborne"
2394149,The Mini-Skirt Mob,82.0,Action,English,Maury Dexter,James Gordon White
1635925,13 Million Voices,87.0,Documentary,English,Janelle Gueits,Janelle Gueits
2132757,Mr. Peabody and the Mermaid,89.0,Fantasy,English,Irving Pichel,Nunnally Johnson
2084326,Los zancos,100.0,Drama,Spanish (Spain),Carlos Saura,"Fernando Fernán Gómez,Carlos Saura"
2070920,Let's Do It Again,112.0,Comedy,English,Sidney Poitier,Richard Wesley
1993367,Izzat,,,,Ulrik Imtiaz Rolfsen,
2470805,Used People,115.0,Drama,English,Beeban Kidron,"Todd Graff,Todd Graff"
2364208,The Drifter,88.0,Mystery & thriller,English,Larry Brand,
2430831,They Still Call Me Bruce,91.0,Comedy,English,Johnny Yune,
2020929,Kings of the Evening,100.0,Drama,English,Andrew P. Jones,"Andrew P. Jones,Robert Page Jones"
2418939,The Tempest,109.0,"Drama, Fantasy",English,Julie Taymor,Julie Taymor
2153524,Night Falls on Manhattan,114.0,"Crime, Drama",English,Sidney Lumet,"Robert Daley,Sidney Lumet"
2135631,Muriel's Wedding,105.0,"Romance, Comedy",English (Australia),P.J. Hogan,P.J. Hogan
2426815,The Widow's Might,101.0,Comedy,English,John Robert Moore,John Robert Moore
2340872,That Certain Age,100.0,"Comedy, Drama",English,Edward Ludwig,
1707795,Back in Action,93.0,Action,English,Steve DiMarco,
2081286,Long John Silver,109.0,Adventure,English,Byron Haskin,Martin Rackin
2360448,The Danger Zone,89.0,Action,English,Henry Vernon,
2510199,Yaara O Dildaara,150.0,Romance,Punjabi,Ksshitij Chaudhary,
2435479,Tideland,122.0,"Drama, Fantasy",English,Terry Gilliam,"Terry Gilliam,Tony Grisoni"
2161937,Now & Forever,101.0,"Romance, Drama",English,Bob Clark,Bill Boyle
2471396,Uwharrie,47.0,Horror,English,"Christopher Flowers,Michael Mercer",Christopher Flowers
2259531,Sambizanga,97.0,Drama,Portuguese (Brazil),Sarah Maldoror,"Mario de Andrade,Sarah Maldoror,Maurice Pons,Luandino Vieira"
1705081,Away We Go,97.0,"Comedy, Drama",English,Sam Mendes,"Dave Eggers,Vendela Vida"
2398161,The Nutt House,90.0,Comedy,English,Adam Rifkin,
1804322,Dark Water,105.0,"Mystery & thriller, Horror",English,Walter Salles,Rafael Yglesias
1633886,-30-,96.0,Drama,English,Jack Webb,William Bowers
1998660,Jennifer Eight,127.0,Mystery & thriller,English,Bruce Robinson,Bruce Robinson
2253612,Runaway Train,111.0,Action,English,Andrey Konchalovskiy,"Djordje Milicevic,Paul Zindel,Edward Bunker"
1801935,Dancing at the Blue Iguana,123.0,Drama,English,Michael Radford,"Michael Radford,David Linter"
2018228,Kid Blue,100.0,"Western, Comedy",English,James Frawley,Bud Shrake
2340302,Texasville,125.0,"Comedy, Drama",English,Peter Bogdanovich,
2325824,Sweet and Lowdown,95.0,"Comedy, Drama",English,Woody Allen,Woody Allen
2201294,Pi,85.0,Drama,English,Darren Aronofsky,"Darren Aronofsky,Sean Gullette,Eric Watson,Darren Aronofsky"
1847861,Duane Hopwood,91.0,"Comedy, Drama",English,Matt Mulhern,Matt Mulhern
2178281,Open Vacancy,85.0,Horror,English,Patrick Jerome,Patrick Jerome
1736692,Blue,117.0,"Action, Adventure, Romance",Hindi,Anthony D'Souza,Anthony D'Souza
2241655,Reuniting the Rubins,99.0,"Comedy, Drama",English,Yoav Factor,Yoav Factor
2300017,Someone to Die For,98.0,Mystery & thriller,English,Clay Borris,
2070958,Let's Get Lost,119.0,Documentary,English,Bruce Weber,
2264568,Say My Name,,"Documentary, Music",English,Nirit Peled,Nirit Peled
2344194,The All Together,83.0,Comedy,English,Gavin Claxton,Gavin Claxton
2206738,Playing for Change,70.0,Documentary,English,"Mark Johnson,Jonathan Walls",
1911137,Gantz: Perfect Answer,141.0,Action,Japanese,Shinsuke Sato,Hiroya Oku
1797763,Cutting for Stone,97.0,Drama,English,David Dawson,David Dawson
2263368,Saturday Night and Sunday Morning,90.0,Drama,English,Karel Reisz,Alan Sillitoe
1678568,Altered States,103.0,Sci-fi,English,Ken Russell,Paddy Chayefsky
2167205,O.B.A.M. Nude,90.0,Comedy,English,Rod Weber,"Ken Del Vecchio,Andrew Gause"
2239112,Rendezvous,91.0,"Mystery & thriller, Comedy",English,William K. Howard,
1969571,I Think It's Raining,92.0,"Drama, Romance",English,Joshua Moore,"Alexandra Clayton,Joshua Moore"
2311239,Starter for 10,96.0,"Romance, Comedy, Drama",English,Tom Vaughan,David Nicholls
2269999,Seconds Before Dreamwake,15.0,"Horror, Mystery & thriller",English (United Kingdom),Ian Weeks,Ian Weeks
1676266,All the King's Horses,87.0,"Musical, Comedy",English,Frank Tuttle,
2240656,Restrepo,93.0,"Documentary, Biography, History, Drama, War",English,"Tim Hetherington,Sebastian Junger",
1730949,Bite the Bullet,131.0,Western,English,Richard Brooks,Richard Brooks
2417300,The Student Body,76.0,"Comedy, Drama",English,Gus Trikonis,Hubert Smith
1962207,Howling III,94.0,Horror,English,Philippe Mora,
1995050,Jagte Raho,149.0,Drama,Hindi,"Shambu Mitra,Amit Mitra","Khwaja Ahmad Abbas,Amit Mitra,Sombhu Mitra"
2405051,The Purple Heart,99.0,War,English,Lewis Milestone,
2099698,Man of a Thousand Faces,122.0,Biography,English,Joseph Pevney,
2379392,The Hunted,67.0,Drama,English,Jack Bernhard,
2347126,The Ballad of Hugh,63.0,Documentary,English,Marco DiFelice,
2340189,Texans Never Cry,70.0,Western,English,Frank McDonald,Norman S. Hall
2230554,Rainbow,99.0,Fantasy,English,Bob Hoskins,
2002847,Johnny English,86.0,"Comedy, Action",English,Peter Howitt,"Neal Purvis,Robert Wade,Will Davies"
2292611,Sky Captain and the World of Tomorrow,107.0,"Adventure, Fantasy, Sci-fi, Action",English,Kerry Conran,Kerry Conran
2125177,Mohra,177.0,Action,Hindi,Rajiv Rai,
2205568,Planet Terror,86.0,"Horror, Mystery & thriller",English,Robert Rodriguez,Robert Rodriguez
2245820,Riverbend,100.0,Action,English,Sam Firstenberg,
2018121,Kick-Ass,117.0,"Action, Comedy",English,Matthew Vaughn,"Matthew Vaughn,Jane Goldman"
2418441,The Talented Mr. Ripley,139.0,"Crime, Drama, Mystery & thriller",English,Anthony Minghella,"Patricia Highsmith,Anthony Minghella"
2243434,Ride,83.0,Comedy,English,Millicent Shelton,
2109617,"Me, Natalie",111.0,"Comedy, Drama",English,Fred Coe,A. Martin Zweiback
2238476,Remedy,120.0,Drama,French (Canada),Cheyenne Picardo,Cheyenne Picardo
2189997,Paradise Recovered,95.0,Drama,English,Storme Wood,Andie Redwine
1892206,First Dog,90.0,Adventure,English,Bryan Michael Stoller,Bryan Michael Stoller
2378815,The House of Adam,83.0,"Crime, Drama, Horror, Mystery & thriller, Romance",English,Jorge Ameer,Jorge Ameer
1734112,Blazing Barriers,65.0,Drama,English,Aubrey Scotto,
1718367,Bed & Breakfast,97.0,Drama,English,Robert Ellis Miller,
1927629,Great Expectations,111.0,Drama,English,Alfonso Cuarón,"Charles Dickens,Mitch Glazer"
2290216,Sir,151.0,Drama,Unknown language,Mahesh Bhatt,
2212051,Portrait in Black,112.0,Drama,English,Michael Gordon,"Ivan Goff,Ben Roberts"
2405942,The Range Busters,55.0,Western,English,S. Roy Luby,
2099470,Man Beast,69.0,Horror,English,Jerry Warren,B. Arthur Cassidy
2315187,Straight Right,82.0,Drama,English,P. David Ebersole,"Brent Smith,P. David Ebersole"
2065425,Lemon,88.0,Documentary,English,"Laura Brownson,Beth Levison",
2263818,Savage Roses,90.0,"Crime, Drama, Romance",English,James Tucker,Joshua Nelson
2178401,Opening Our Eyes,61.0,Documentary,English,Gail Mooney,
2513903,You Can't Stop the Murders,99.0,"Comedy, Mystery & thriller",English,Anthony Mir,"Anthony Mir,Gary Eck,Akmal Saleh"
1746099,Bright Victory,97.0,Drama,English,Mark Robson,"Baynard Kendrick,Robert Buckner"
1651024,A Kid in King Arthur's Court,89.0,"Kids & family, Fantasy",English,Michael Gottlieb,"Michael Part,Robert L. Levy"
1891571,Fire Birds,85.0,Action,English,David Green,
1734906,Blip Festival: Reformat the Planet,82.0,Documentary,English,Paul Owens,
2074801,Lightning Bug,97.0,Drama,English,Robert Hall,Robert Hall
2403053,The Poodle Trainer,9.0,"Documentary, Biography, Drama",Russian,Vance Malone,
2410386,The Scarf,93.0,Mystery & thriller,English,E.A. Dupont,
2093043,Machine Gun Mama,61.0,Comedy,English,Harold Young,
2441446,Tom Dowd & the Language of Music,92.0,Documentary,English,Mark Moormann,
1706430,Bab El-Oued City,93.0,"History, Drama",Arabic,Merzak Allouache,Merzak Allouache
2190430,Paranormal Activity 2,91.0,"Horror, Mystery & thriller",English,Tod Williams,"Michael R. Perry,Christopher Landon,Tom Pabst"
2072311,Liar's Moon,105.0,"Drama, Romance",English,David Fisher,"Janice Thompson,Billy Hanna,David Fisher"
1678049,Along Recovery,94.0,Documentary,English,Justin Springer,
2290500,Sisai,56.0,Documentary,Hebrew,David Gavro,David Gavro
2485744,Waiting for Armageddon,74.0,Documentary,English,"Kate Davis,David Heilbroner,Franco Sacchi",
1786900,Conrad in Quest of His Youth,60.0,"Comedy, Drama",,William C. de Mille,Olga Printzlau
2388700,The Lost Number,100.0,Action,English,Kester Nsirim,Kester Nsirim
2445511,Town on Trial,96.0,Mystery & thriller,English,John Guillermin,
2227849,Questioning Faith: Confessions of a Seminarian,84.0,Documentary,English,Macky Alston,
2502251,Windows,96.0,Mystery & thriller,English,Gordon Willis,Barry Siegel
2437418,Times Square Lady,69.0,"Comedy, Drama",English,George B. Seitz,
2350582,The Black Tent,93.0,War,English,Brian Desmond Hurst,Bryan Forbes
2389787,The Magic Garden of Stanley Sweetheart,112.0,Drama,English,Leonard Horn,Robert T. Westbrook
2387619,The Littlest Outlaw,75.0,"Kids & family, Drama",English,Roberto Gavaldón,
1750406,Bullets Over Broadway,99.0,Comedy,English,Woody Allen,"Woody Allen,Douglas McGrath"
2077601,Little Miss Marker,103.0,Comedy,English,Walter Bernstein,
1843465,Down Time,,,,Sean Wilson,
2396375,The Naked Runner,104.0,Drama,English,Sidney J. Furie,
2090881,Luther,120.0,"Biography, History, Drama",English,Eric Till,"Camille Thomasson,Bart Gavigan"
1928129,Green Mansions,101.0,Romance,English,Mel Ferrer,
2391588,The Man They Could Not Hang,65.0,Sci-fi,English,Nick Grinde,Karl Brown
1967700,I Heart Shakey,90.0,"Kids & family, Comedy, Drama",English,Kevin Cooper,"Kevin Cooper,Eric Stolze"
2395359,The Motel,76.0,"Comedy, Drama",English,Michael Kang,Michael Kang
1972563,If a Man Answers,102.0,"Romance, Comedy",English,Henry Levin,Richard Morris
2401021,The Pearce Sisters,9.0,Animation,English,Luis Cook,Luis Cook
2257513,Sahkanaga,80.0,Mystery & thriller,English,John Henry Summerour,John Henry Summerour
2315505,Strange Impersonation,68.0,Mystery & thriller,English,Anthony Mann,Mindret Lord
2129906,Moscow on the Hudson,115.0,"Comedy, Drama",English,Paul Mazursky,
2421954,The Turandot Project,87.0,Documentary,English,Allan Miller,
1876499,Everybody Loves Sunshine,97.0,"Crime, Drama",English,Andrew Goth,Andrew Goth
1684294,An Island Calling,75.0,Documentary,English,Annie Goldson,
1845432,Dreamcatcher,131.0,"Horror, Sci-fi",English,Lawrence Kasdan,"Stephen King,William Goldman,Lawrence Kasdan"
1894101,Flatliners,111.0,"Sci-fi, Drama, Horror",English,Joel Schumacher,Peter Filardi
1731465,Black 13,75.0,Mystery & thriller,English,Ken Hughes,
2424383,The Virginity Hit,87.0,Comedy,English,"Andrew Gurland,Huck Botko","Andrew Gurland,Huck Botko"
1998764,Jens Pulver: Driven,95.0,Documentary,English,Gregory Bayne,J. Reuben Appelman
1994246,Jack the Ripper,88.0,Horror,English,"Robert S Baker,Monty Berman",
2399695,The Other Side of the Tracks,105.0,"Drama, Fantasy, Mystery & thriller",English,A.D. Calvo,A.D. Calvo
2412296,The Shape of Things,96.0,Drama,English,Neil LaBute,Neil LaBute
2428735,The Wrestler,110.0,Drama,English,Darren Aronofsky,Robert D. Siegel
2373513,The Golden Chance,74.0,Drama,,Cecil B. DeMille,"Cecil B. DeMille,Jeanie Macpherson"
1646295,A Connecticut Yankee in King Arthur's Court,107.0,"Musical, Comedy",English,Tay Garnett,Edmund Beloin
1641694,49th Parallel,107.0,Mystery & thriller,English,Michael Powell,Emeric Pressburger
2154277,Nightmare Code,90.0,Horror,English,Mark Netter,"Mark Netter,M.J. Rotondi"
2117736,Midnight Shadow,54.0,Mystery & thriller,English,George Randol,
1663544,Absolute Giganten,,,,Sebastian Schipper,
1944078,Hell Is Sold Out,84.0,Drama,English,Michael Anderson,
2256154,Sabaka,89.0,Adventure,English,Frank Ferrin,Frank Ferrin
2084754,Lost Canyon,54.0,Western,English,Lesley Selander,Harry O. Hoyt
2376254,The Happening,89.0,"Sci-fi, Mystery & thriller",English,M. Night Shyamalan,M. Night Shyamalan
2296605,Snow Day,89.0,"Kids & family, Comedy",English,Chris Koch,"Will McRobb,Chris Viscardi"
2320826,Summertime,99.0,Romance,English,David Lean,
2350702,The Blazing Sun,69.0,Western,English,John English,
2246741,Robert Williams Mr. Bitchin',89.0,"Documentary, Biography",English,"Mary C. Reese,Doug Blake,Nancye Ferguson,Michael LaFetra,Stephen Nemeth","Nancye Ferguson,Doug Blake"
2064827,Legendary,107.0,Drama,English,Mel Damski,John Posey
1914798,Geraldine's Fortune,93.0,Comedy,English,John N. Smith,Tim Burns
2270665,Secrets of the Wasteland,66.0,Western,English,Derwin Abrahams,
1839869,Don't Be Afraid of the Dark,99.0,"Fantasy, Horror, Mystery & thriller",English,Troy Nixey,"Guillermo del Toro,Matthew Robbins"
1793096,Crime in the Streets,91.0,"Crime, Drama",English,Don Siegel,
2178616,Operation Dumbo Drop,107.0,"Kids & family, Comedy",English,Simon Wincer,"Gene Quintano,Jim Kouf"
2095176,Magic in the Water,98.0,"Kids & family, Fantasy",English,Rick Stevenson,"Ninian Dunet,Icel Dobell Massey,Rick Stevenson"
2314023,Stolen Heart,85.0,"Mystery & thriller, Comedy, Drama",English,Terry O'Brien,Terry O'Brien
2341666,The 13th Man,71.0,Mystery & thriller,English,William Nigh,
1982049,In the Weeds,91.0,"Romance, Comedy",English,Michael Rauch,Michael Rauch
2333819,Tarzan's Revenge,70.0,Adventure,English,D. Ross Lederman,"Robert Lee Johnson,Jay Vann"
2416051,The Station Agent,88.0,Drama,English,Tom McCarthy,Tom McCarthy
2376160,The Hand That Rocks the Cradle,110.0,Mystery & thriller,English,Curtis Hanson,Amanda Silver
2307000,Spoiler Alert,86.0,"Mystery & thriller, Comedy",English,David Rakowiecki,David Rakowiecki
2050932,Lady Avenger,82.0,"Crime, Drama",English,David DeCoteau,"Keith Kaczorek,Will Schmitz"
2409311,The Rover,102.0,"Drama, Mystery & thriller",English,David Michôd,David Michôd
2386993,The Linguini Incident,99.0,Comedy,English,Richard Shepard,
1771822,Children,46.0,Drama,English,Terence Davies,Terence Davies
2340258,Texas Payback,96.0,Action,English,Richard W. Munchkin,
2132201,Mr. Big,89.0,Documentary,English,Tiffany Burns,
1891800,Firecreek,104.0,Western,English,Vincent McEveety,Calvin Clements Sr.
2162167,Nowhere to Run,95.0,Action,English,Robert Harmon,
1928956,Grizzly,90.0,Horror,English,William Girdler,
1939213,Harvest of Loneliness,56.0,Documentary,English,"Gilbert Gonzalez,Vivian Price,Adrian Salinas",
1803783,Dark,103.0,Drama,English,D.A. Bullock,D.A. Bullock
2191063,Paris Is Burning,78.0,"Documentary, Lgbtq+",English,Jennie Livingston,
1697992,AshBash: A Love Story,56.0,"Documentary, Biography",English,Heidi Sullivan,
2406764,The Red Man's View,11.0,Western,,D.W. Griffith,
2162153,Nowhere to Go,87.0,"Crime, Drama",English,Seth Holt,
1878132,Exit Wounds,103.0,Action,English,Andrzej Bartkowiak,"John Westermann,Ed Horowitz,Richard D'Ovidio"
2356793,The Climb,94.0,Drama,English,Bob Swaim,Vince McKewin
1973629,Ikinai,101.0,Drama,Japanese,Hiroshi Shimizu,Duncan
2304947,Speaking in Code,89.0,"Documentary, Musical",English,Amy Lee Grill,
2195265,Peace on Earth,9.0,"Drama, Animation",English,Hugh Harman,"Jack Cosgriff,Khat Harman,Charles McGirl"
2470352,Urchin,85.0,"Fantasy, Horror, Sci-fi",English,John Harlacher,John Harlacher
2092935,Mach 2,94.0,Action,English,Fred Olen Ray,Steve Latshaw
1894488,Flicker,72.0,Documentary,English,Nik Sheehan,
1741834,Boses,98.0,Drama,Unknown language,Ellen Ongkeko-Marfil,"Froi Medina,Rody Vera"
2419966,The Thursday Club,59.0,Documentary,English,George Csicsery,
2214165,Powerless,80.0,Drama,Hindi,"Fahad Mustafa,Deepti Kakkar",Fahad Mustafa
2308127,Sputnik Mania,92.0,Documentary,English,David Hoffman,"David Hoffman,Paul Dickson,Lindsey Palatino"
2086154,Love and Other Anxieties,65.0,"Documentary, Biography",English,Lyda Kuth,Lyda Kuth
2401211,The People Next Door,93.0,Drama,English,David Greene,J.P. Miller
2361188,The Dead Don't Scream,90.0,Horror,English,Richard Perrin,
1715795,Battle in Seattle,99.0,Drama,English,Stuart Townsend,Stuart Townsend
2380881,The Invader,93.0,Sci-fi,English,Mark Rosman,Mark Rosman
2500023,Wicked Spring,102.0,"War, Drama",English,Kevin R. Hershberger,Kevin R. Hershberger
2427182,The Winding Stream,90.0,Documentary,English,Beth Harrington,
1916870,Ghulam-E-Musthafa,115.0,"Action, Crime, Drama",Hindi,Partho Ghosh,"Imtiaz Hussain,Mangesh Kulkarni,Prasanna"
1679143,Am I Evil,80.0,Horror,English,Richard Terrasi,Richard Terrasi
2419449,The Thin Blue Line,106.0,Documentary,English,Errol Morris,Errol Morris
2371590,The Gardener,87.0,Documentary,Persian,Mohsen Makhmalbaf,Mohsen Makhmalbaf
2194239,Patti Rocks,87.0,"Comedy, Drama",English,David Burton Morris,
2272955,Semper Fidel,90.0,Drama,English,Robert Pietri,Robert Pietri
2018761,Kigeki: Onna wa dokyô,,Drama,Japanese,Azuma Morisaki,Azuma Morisaki
1692221,Apna Bana Ke Dekho,144.0,"Drama, Romance",Telugu,K. Subhash,
2255034,Réjeanne Padovani,94.0,Drama,French (Canada),Denys Arcand,
1697457,"As the Call, So the Echo",72.0,Documentary,English,Keir Moreano,
1844398,Dracula's Widow,86.0,Horror,English,Christopher Coppola,
2394053,The Milpitas Monster,80.0,"Horror, Sci-fi",English,Robert L. Burrill,David E. Boston
1656630,A Scandal in Paris,100.0,Drama,English,Douglas Sirk,Ellis St. Joseph
2500470,Wiener Takes All: A Dogumentary,,Documentary,English,Shane MacDougall,"Marion Law,Shane MacDougall"
2409012,The Romantic,95.0,"Action, Adventure, Fantasy, Horror, Romance, Animation",English,Michael Heneghan,Michael Heneghan
2355488,The Changeling,107.0,Horror,English,Peter Medak,
1939333,Haseena Maan Jaayegi,180.0,"Romance, Comedy",Hindi,David Dhawan,"Rumi Jaffery,Imtiaz Patel,Yunus Sajawal"
2382723,The Killer Inside Me,99.0,"Crime, Drama",English,Burt Kennedy,
2109347,Me and the Kid,94.0,Adventure,English,Dan Curtis,
1692048,Apartment for Peggy,96.0,Drama,English,George Seaton,
2413623,The Sitting Machine,91.0,Documentary,English,"Paul Hunt,Julie Kauffman",
2382169,The Juniper Tree,80.0,"Drama, Fantasy",English,Nietzchka Keene,
1727167,Big Calibre,59.0,Western,English,Robert N. Bradbury,
2132616,Mr. Lucky,100.0,"Comedy, Drama",English,H. C. Potter,"Milton Holmes,Milton Holmes,Adrian Scott"
2213504,Pour l'amour de Dieu,92.0,Drama,French (Canada),Micheline Lanctôt,Micheline Lanctôt
1921009,Glow Ropes: The Rise and Fall of a Bar Mitzvah Emcee,76.0,Comedy,English,"George Valencia,Edwin M. Figueroa",George Valencia
2088433,Lovin' Molly,98.0,Drama,English,Sidney Lumet,
1834265,Dirty Energy,95.0,Documentary,English,Bryan D. Hopkins,Bryan D. Hopkins
2419462,The Thing,108.0,"Horror, Sci-fi",English,John Carpenter,Bill Lancaster
2236245,Red Riding Hood,99.0,"Horror, Mystery & thriller, Fantasy",English,Catherine Hardwicke,David Leslie Johnson-McGoldrick
2434830,Thursday,85.0,"Mystery & thriller, Comedy",English,Skip Woods,Skip Woods
1717538,Beau James,105.0,Biography,English,Melville Shavelson,
2110848,Meeting Daddy,91.0,"Comedy, Drama",English,Peter Gould,Peter Gould
2160107,Northern Pursuit,94.0,Adventure,English,Raoul Walsh,"Frank Gruber,Alvah Bessie"
2437553,Tin God,85.0,"Drama, Mystery & thriller",English,Jake Reedy,"Rachael McMeeking,Jake Reedy"
2288969,Sin City,124.0,"Action, Crime, Drama, Fantasy",English,"Robert Rodriguez,Frank Miller",Frank Miller
1719035,Before the Spring: After the Fall,72.0,"Documentary, Music",English,Jed Rothstein,
2151256,New Port South,97.0,Drama,English,Kyle Cooper,James Hughes
1858926,El Diablo Rides,57.0,Western,English,Ira Webb,
2051753,Lakeview Terrace,106.0,"Mystery & thriller, Drama",English,Neil LaBute,"David Loughery,Howard Korder"
2144596,Nanban,188.0,Comedy,Tamil,S. Shankar,Rajkumar Hirani
1777988,Clambake,99.0,Musical,English,Arthur H. Nadel,
2334454,Tawny Pipit,81.0,Comedy,English,"Bernard Miles,Charles Saunders",
1714496,Barrio Cuba,105.0,Drama,Spanish,Humberto Solás,"Sergio Benvenuto,Elia Solás,Humberto Solás"
2497179,Where There's Life,75.0,Comedy,English,Sidney Lanfield,
1930144,Guerra de Canudos,170.0,"History, Drama",Portuguese (Brazil),Sergio Rezende,"Paulo Halm,Sergio Rezende"
2360170,The Cyclops,75.0,Sci-fi,English,Bert I. Gordon,Bert I. Gordon
1899011,Forgiving the Franklins,99.0,"Comedy, Drama",English,Jay Floyd,Jay Floyd
2281708,Sherman's Way,98.0,Comedy,English,Craig M. Saavedra,Tom Nance
1667462,Affliction,113.0,Drama,English,Paul Schrader,"Russell Banks,Paul Schrader"
2388432,The Lord of the Rings: The Two Towers,179.0,"Fantasy, Adventure",English,Peter Jackson,"Peter Jackson,Philippa Boyens,Fran Walsh,Stephen Sinclair,J.R.R. Tolkien"
1989607,Iron Mountain Trail,54.0,Western,English,William Witney,
2192017,Party Girl,94.0,Drama,English,Daisy von Scherler Mayer,"Harry Birckmayer,Sheila Gaffney,Daisy von Scherler Mayer"
2341076,That Royle Girl,,"Crime, Drama",English,D.W. Griffith,
2394607,The Mist,125.0,"Horror, Sci-fi, Mystery & thriller",English,Frank Darabont,Frank Darabont
1811304,Dead on Site,90.0,"Horror, Mystery & thriller",English,Scott Kenyon Barker,Scott Kenyon Barker
2396014,The Mysterious Lady,96.0,"Drama, Romance",,Fred Niblo,
2382926,The King of Bollywood,95.0,Comedy,Hindi,Piyush Jha,
1834589,Dirty Wars,86.0,Documentary,English,Rick Rowley,"David Riker,Jeremy Scahill"
2411452,The Secret Rapture,96.0,Drama,English,Howard Davies,David Hare
2381132,The Iron Triangle,91.0,War,English,Eric Weston,"John A. Bushelman,Larry Hilbrand,Eric Weston"
1774189,Christmas at Maxwell's,94.0,"Holiday, Drama",English,William C. Laufer,William C. Laufer
2304096,Space Is the Place,85.0,Sci-fi,English,John Coney,"Sun Ra,Joshua Smith"
2269086,Sea Wife,82.0,Romance,English,Bob McNaught,George K. Burke
1954201,Holiday Camp,97.0,"Comedy, Drama, Adventure",English (United Kingdom),Ken Annakin,"Muriel Box,Sydney Box,Peter Rogers"
2404290,The Private Lives of Pippa Lee,93.0,"Comedy, Drama",English,Rebecca Miller,Rebecca Miller
1823723,Destroyer,99.0,War,English,William A. Seiter,
2480120,Violence,72.0,Mystery & thriller,English,Jack Bernhard,
2221155,Protocol,96.0,Comedy,English,Herbert Ross,
2080764,London Belongs to Me,112.0,"Comedy, Drama",English,Sidney Gilliat,"Sidney Gilliat,J.B. Williams"
2350055,The Birdcage,119.0,"Comedy, Lgbtq+",English,Mike Nichols,"Jean Poiret,Francis Veber,Edouard Molinaro,Marcello Danon,Elaine May"
2410996,The Second 100 Years,20.0,Comedy,,Fred Guiol,
2437918,Tiptoes,91.0,"Comedy, Drama",English,Matthew Bright,Matthew Bright
1666651,Adulthood,99.0,Drama,English,Noel Clarke,Noel Clarke
2357710,The Common Touch,101.0,Drama,English,John Baxter,
2160439,Nostradamus,96.0,Mystery & thriller,English,Tibor Takacs,"Stephen P. Jarchow,David Bourla,Brian Irving"
2464166,Uncle Joe,55.0,"Comedy, Music",English,"Howard M. Railsback,William Strohbach","G.M. Rohrbach,Al Weeks"
1771199,Chickens in the Shadows,61.0,Comedy,English,Vincent Gargiulo,Vincent Gargiulo
2252676,Rude Awakening,100.0,Comedy,English,"Aaron Russo,David Greenwalt",
1765180,Central Airport,75.0,Action,English,William A. Wellman,"Rian James,James Seymour"
2388859,The Lottery,81.0,Drama,English,Madeleine Sackler,
2340944,That Girl in Yellow Boots,101.0,Drama,Hindi,Anurag Kashyap,"Anurag Kashyap,Kalki Koechlin"
2456588,Two Night Stand,86.0,"Romance, Comedy",English,Max Nichols,Mark Hammer
2118481,Mikey and Nicky,119.0,Drama,English,Elaine May,Elaine May
2370977,The Fuller Brush Man,93.0,Comedy,English,S. Sylvan Simon,"Frank Tashlin,Devery Freeman,Roy Huggins"
1675009,Alive,119.0,"Sci-fi, Action",Japanese,Ryûhei Kitamura,"Ryûhei Kitamura,Yûdai Yamaguchi,Isao Kiriyama"
2311164,Starship Troopers: Invasion,89.0,"Sci-fi, Action, Animation",English,Shinji Aramaki,Flint Dille
1653084,A Mighty Heart,103.0,Drama,English,Michael Winterbottom,John Orloff
2373684,The Golden Tree,7.0,,English,Emma Kenney,
2348331,The Bees,83.0,Horror,English,Alfredo Zacarías,
2367522,The Family Tree,95.0,"Comedy, Drama",English,Vivi Friedman,Mark Lisson
2287248,Signpost to Murder,74.0,Mystery & thriller,English,George Englund,Sally Benson
2150325,Neurotypical,,,,Adam Larsen,
2333205,Tapia,82.0,Documentary,English,Eddie Alcazar,Eddie Alcazar
2420838,The Trail of '98,87.0,"History, Drama",,Clarence Brown,
2305480,Speedway,92.0,Musical,English,Norman Taurog,
1873635,Espionage Agent,83.0,Drama,English,Lloyd Bacon,"Warren Duff,Michael Fessier,Frank Donoghue"
1786443,Confidence,98.0,"Crime, Drama",English,James Foley,Doug Jung
2288457,Simba,98.0,Drama,English,Brian Desmond Hurst,John Baines
2176391,One Spy Too Many,102.0,Action,English,Joseph Sargent,
2345733,The Art of Love,99.0,Comedy,English,Norman Jewison,
1971492,Iceman,99.0,Drama,English,Fred Schepisi,
2365215,The Eliminator,85.0,"Action, Adventure",English,Ken Barbet,David Neilsen
2384360,The Last Exorcism,87.0,"Horror, Mystery & thriller",English,Daniel Stamm,"Huck Botko,Andrew Gurland"
1825206,Devotion,80.0,Romance,English,Robert Milton,
1879562,Eye of the Beholder,107.0,Mystery & thriller,English,Stephan Elliott,"Marc Behm,Stephan Elliott"
2318576,Subconscious,110.0,"Action, Mystery & thriller",English,Georgia Hilton,Georgia Hilton
2430115,There Goes the Bride,87.0,Comedy,English (United Kingdom),Terry Marcel,
1930949,Gumshoe,88.0,"Comedy, Drama",English,Stephen Frears,Neville Smith
2013090,Kareeb,160.0,Romance,Hindi,Vidhu Vinod Chopra,
2360855,The David Dance,108.0,"Drama, Lgbtq+",English,Aprill Winney,Don Scime
2183096,Out of Control,150.0,"Romance, Comedy",Hindi,"Ramanjit Juneja,Apurva Asrani",
2289198,Sinbad of the Seven Seas,90.0,Fantasy,English,Enzo G. Castellari,"Robert Gold,Enzo G. Castellari"
1877498,Exam,101.0,Mystery & thriller,English,Stuart Hazeldine,"Simon Garrity,Stuart Hazeldine"
2319381,Suddenly,75.0,Mystery & thriller,English,Lewis Allen,Richard Sale
1879811,Eyes Wide Open,63.0,Documentary,English,Paula Weiman-Kelman,
2249608,Romeo Is Bleeding,108.0,"Crime, Drama",English,Peter Medak,Hilary Henkin
2190477,ParaNorman,96.0,"Kids & family, Comedy, Fantasy, Adventure, Animation",English,"Chris Butler,Sam Fell",Chris Butler
2267701,Scrapple,91.0,"Comedy, Drama",English,Christopher Hanson,"Geoffrey Hanson,Christopher Hanson,George Plamondon"
1904724,From Nomad to Nobody,55.0,"Documentary, Adventure",English,Michael Buckley,Michael Buckley
1661872,Aap Ki Kasam,153.0,"Romance, Drama",Hindi,J. Om Prakash,"Ram Kelkar,Ramesh Pant"
2505609,Wonderful Days,86.0,"Fantasy, Action, Sci-fi, Anime",English,Moon-saeng Kim,"Sunmin Park,Michael Keyes,Jay Lender,Jun-Young Park,Park Yong-jun,Howard Rabinowitz,Jeffrey Winter,Micah Wright"
1634429,06/05,115.0,"Mystery & thriller, Drama",Dutch,Theo van Gogh,"Tomas Ross,Theo van Gogh"
2388426,The Lord of the Rings: The Fellowship of the Ring,178.0,"Fantasy, Adventure",English,Peter Jackson,"Peter Jackson,Fran Walsh,Philippa Boyens,J.R.R. Tolkien"
1635725,12 O'Clock Boys,74.0,Documentary,English,Lotfy Nathan,
1936236,Hangs Upon Nothing,90.0,Documentary,English,Jeremy Rumas,
1652648,A Map of the World,125.0,Drama,English,Scott Elliott,Peter Hedges
1955906,Homecoming,93.0,"Comedy, Drama",English,Eugene Ashe,Eugene Ashe
1708814,Bad for Each Other,83.0,Drama,English,Irving Rapper,
2169316,Off Shore,93.0,Drama,German,Sven J. Matten,"Viola Siegemund,Sven J. Matten"
1839329,Domino,91.0,Drama,English,Ivana Massetti,
2431164,Things Behind the Sun,117.0,Drama,English,Allison Anders,
2371768,The Gay Senorita,69.0,Drama,English,Arthur Dreifuss,
1902469,Free Spirits,98.0,Documentary,English,Bruce Geisler,Bruce Geisler
1958163,Horror Island,61.0,Mystery & thriller,English,George Waggner,
2358249,The Controller,100.0,"Action, Comedy",English,Frank Michels,Frank Michels
2454210,Turkles,87.0,Adventure,English,Frank Eberling,Frank Eberling
2157684,No Sweat,54.0,Documentary,English,Amie Williams,Amie Williams
2315075,Stragglers,86.0,"Horror, Mystery & thriller",English,Dave R. Watkins,Dave R. Watkins
2344815,The Anderson Tapes,98.0,Mystery & thriller,English,Sidney Lumet,
1864188,Electric Purgatory: The Fate of the Black Rocker,85.0,"Documentary, Music",English,Raymond Gayle,Raymond Gayle
2397951,The North Star,90.0,Drama,English,Thomas K. Phillips,"Thomas K. Phillips,Tim O'Connell"
2299963,Somefarwhere,112.0,"Drama, Mystery & thriller",English,Everett Lewis,Everett Lewis
2257844,Saint Ralph,98.0,"Comedy, Drama",English,Michael McGowan,Michael McGowan
2121611,Misdirection,96.0,"Drama, Mystery & thriller",English,Al Stoffel,Al Stoffel
2148362,Necrosis,90.0,"Horror, Mystery & thriller",English,Jason Robert Stephens,"Robert Michael Ryan,Jason Robert Stephens"
2076995,Little Ashes,97.0,"Drama, Lgbtq+",English,Paul Morrison,Paul Morrison
2432907,Thou Gild'st the Even,107.0,"Drama, Fantasy, Romance",Turkish,Onur Ünlü,Onur Ünlü
2420692,The Toxic Avenger Part III: The Last Temptation of Toxie,97.0,Horror,English,"Michael Herz,Lloyd Kaufman",
1990625,Isle of the Dead,72.0,Horror,English,Mark Robson,"Josef Mischel,Ardel Wray"
2105529,"Mary Ryan, Detective",68.0,"Action, Adventure, Crime, Drama",English,Abby Berlin,George Bricker
1905070,From Time to Time,95.0,"Comedy, Fantasy",English,Julian Fellowes,Julian Fellowes
2437005,Time Indefinite,117.0,Documentary,English,Ross McElwee,
1884182,Farz Ki Jung,139.0,Drama,Hindi,R.P. Swamy,
1647092,A Day at the Races,111.0,Comedy,English,Sam Wood,"Robert Pirosh,George Seaton,George Oppenheimer"
2368575,The File on Thelma Jordon,100.0,"Crime, Drama",English,Robert Siodmak,Ketti Frings
2446074,Trade of Innocents,91.0,"Drama, Mystery & thriller",English,Christopher Bessette,Christopher Bessette
2243403,Riddick,118.0,"Sci-fi, Mystery & thriller, Adventure, Action",English,David Twohy,David Twohy
2092167,Ma Barker's Killer Brood,82.0,"Crime, Drama",English,Bill Karn,F. Paul Hall
2020784,"King, Murray",88.0,Documentary,English,"Jonathan Gordon,David Hoffman",
2465232,Underdog,80.0,"Kids & family, Adventure, Comedy",English,Frederik Du Chau,"Adam Rifkin,Joe Piscatella,Craig A. Williams"
2489648,Waverider,62.0,"Documentary, Action",English (Australia),Karl Lear,Alex Lawson
1871358,Erebus,,,,Rick Laprade,
2312021,Stealth Fighter,90.0,Action,English,Jim Wynorski,
2385061,The Last Shot,93.0,Comedy,English,Jeff Nathanson,Jeff Nathanson
2454495,Turquoise Rose,94.0,Drama,English,Holt Hamilton,
2369156,The First Movie,76.0,Documentary,English,Mark Cousins,Mark Cousins
1741969,Bosta,142.0,Musical,Arabic,Philippe Aractingi,Philippe Aractingi
1946367,Herbie Rides Again,88.0,"Kids & family, Comedy",English,Robert Stevenson,Bill Walsh
2258643,Salma,91.0,Documentary,Tamil,Kim Longinotto,Ollie Huddleston
2504951,Woman on Top,85.0,"Romance, Comedy",English,Fina Torres,Vera Blasi
1712959,Baraka,96.0,Documentary,,Ron Fricke,"Constantine Nicholas,Genevieve Nicholas"
1853280,Eden Iowa,107.0,"Drama, Mystery & thriller",English,Derek Elz,Patrick Pinkston
2234547,Reality Bites,98.0,Drama,English,Ben Stiller,Helen Childress
1851862,East of Eden,115.0,Drama,English,Elia Kazan,"Paul Osborn,John Steinbeck"
2292088,Skin Deep,88.0,Drama,English,Midi Onodera,
2422942,The Uninvited,98.0,Horror,English,Lewis Allen,
1781228,Code of the West,57.0,Western,English,William Berke,
2127817,Monte Carlo,94.0,"Musical, Comedy",English,Ernst Lubitsch,"Vincent Lawrence,Hans Müller,Evelyn Greenleaf Sutherland,Booth Tarkington,Ernest Vajda"
2350064,The Birdpeople,61.0,Documentary,English,Michael Gitlin,Michael Gitlin
2453752,Tumse Achha Kaun Hai,100.0,Romance,Hindi,Pramod Chakravorty,"Sachin Bhowmick,Agha Jani Kashmiri"
1751812,Bus Riley's Back in Town,93.0,Drama,English,Harvey Hart,
2277851,Shades of Day,102.0,"Crime, Drama, Mystery & thriller, Romance",English,Vitaly Sumin,Vitaly Sumin
1869700,Enron: The Smartest Guys in the Room,113.0,Documentary,English,Alex Gibney,Alex Gibney
2146070,Natan,66.0,"Documentary, Biography",English,"Paul Duane,David Cairns",David Cairns
1634712,10 Days to Die,88.0,"Horror, Mystery & thriller",English,Michael Sergi,Philip Witts
2262478,Saravana,167.0,"Drama, Action",Tamil,K.S. Ravikumar,
1682143,Among Dead Men,97.0,"Action, Crime, Drama",English,James Richards,James Richards
2412102,The Shadow,102.0,"Action, Adventure",English,Russell Mulcahy,
2393508,The Messenger: 360 Days of Bolivar,99.0,"Documentary, Drama",English,Shawn Welling,"Roger Scott Budge,Shawn Welling"
2198710,Persian Catwalk,60.0,Documentary,Persian,Marjan Alizadeh,
2360058,The Curse of the Mummy's Tomb,80.0,"Horror, Mystery & thriller",English (United Kingdom),Michael Carreras,Michael Carreras
2298094,"Soft Beds, Hard Battles",95.0,Comedy,English,Roy Boulting,"Roy Boulting,Maurice Moisiewitsch,Leo Marks"
2082186,Looking for Trouble,79.0,"Kids & family, Adventure",English,"Jay Aubrey,Peter Tors","Jay Aubrey,Jeffrey Dowdy,Peter Tors,Christopher Wooden"
1844678,Dragonslayer,109.0,"Fantasy, Adventure",English,Matthew Robbins,"Matthew Robbins,Hal Barwood"
1931196,Gunless,89.0,"Comedy, Western",English,William Phillips,William Phillips
2160132,Northwest,84.0,Documentary,English,"Rick Charnoski,Coan Nichols",
2276071,Sex Drive,108.0,Comedy,English,Sean Anders,"Sean Anders,John Morris"
1940515,Hawken's Breed,93.0,Adventure,English,Charles B. Pierce,Charles B. Pierce
1736997,Blue Like Jazz,106.0,Drama,English,Steve Taylor,"Donald Miller,Ben Pearson,Steve Taylor"
2491886,Welcome to Doe Bay,75.0,Documentary,English,"Nesib Shamah,Dan Thornton","Amy Enser,James Allen Smith,Dan Thornton,Jonathan Cunningham"
2353246,The Buccaneer,124.0,"History, Drama",English,Anthony Quinn,
1648738,A Fish Called Wanda,107.0,Comedy,English,"Charles Crichton,John Cleese",
2082138,Looking for Mr. Miyagi,78.0,"Documentary, Biography",English,David Liban,David Liban
2466565,Unfinished Business,96.0,"Romance, Comedy",English,Gregory La Cava,
1981074,In the Company of Men,95.0,Drama,English,Neil LaBute,Neil LaBute
1781763,Cold Blooded,86.0,"Crime, Drama",English,Jason Lapeyre,Jason Lapeyre
2150378,Nevada,62.0,Western,English,Edward Killy,Norman Houston
1736948,Blue Ice,98.0,Mystery & thriller,English,Russell Mulcahy,
2133349,Ms. 45,82.0,Mystery & thriller,English,Abel Ferrara,Nicholas St. John
2356867,The Clones,93.0,Sci-fi,English,"Lamar Card,Paul Hunt","Lamar Card,Paul Hunt,Steve Fisher"
1931043,Gun the Man Down,78.0,Western,English,Andrew V. McLaglen,Burt Kennedy
1636407,17000 Block,87.0,Drama,English,Curtis Franklin,Curtis Franklin
2117642,Midnight Kiss,85.0,Horror,English,Joel Bender,
2226785,Quarantine 2: Terminal,86.0,"Horror, Mystery & thriller, Sci-fi",English,John Pogue,"John Pogue,John Erick Dowdle,Drew Dowdle,Jaume Balagueró,Luiso Berdejo,Paco Plaza"
2372808,The Girl Said No,90.0,Comedy,English,Sam Wood,
2448949,Treehouse Hostage,90.0,Comedy,English,Sean McNamara,"Scott Lewis,Jeff Phillips"
1762809,Casual Sex?,97.0,"Romance, Comedy",English,Genevieve Robert,"Judy Toll,Wendy Goldman"
2183923,Outpost: Black Sun,98.0,"Horror, Action",English (United Kingdom),Steve Barker,"Steve Barker,Rae Brunton"
2350965,The Blue Bird,99.0,"Fantasy, Adventure, Drama",English,George Cukor,"Hugh Whitemore,Alfred Hayes"
1995456,Jake Speed,104.0,Adventure,English,Andrew Lane,
1969560,I Think I Love My Wife,94.0,"Romance, Comedy",English,Chris Rock,"Chris Rock,Louis C.K."
2313574,Stille Nacht I,1.0,,English (United Kingdom),"Stephen Quay,Timothy Quay,Weiser Quay","Stephen Quay,Timothy Quay,Weiser Quay"
2107799,Mausoleum,96.0,Horror,English,Michael Dugan,
2105401,Mary,86.0,"Drama, Mystery & thriller",English,Abel Ferrara,"Abel Ferrara,Simone Lageoles,Mario Isabella"
2422327,The Two-Headed Spy,93.0,Drama,English,Andre de Toth,
1903737,Friday the Thirteenth,89.0,Drama,English,Victor Saville,
2253107,Rules: Pyaar Ka Superhit Formula,160.0,Romance,Hindi,Parvati Balagopalan,"Urmi Juvekar,Ajitabh Menon"
2446003,Tracks,90.0,Drama,English,Henry Jaglom,
1801918,Dancing,96.0,Drama,French (Canada),"Patrick-Mario Bernard,Xavier Brillat,Pierre Trividic","Pierre Trividic,Patrick-Mario Bernard"
2475825,Venus Boyz,105.0,Documentary,English,Gabrielle Baur,
2348496,The Bells Go Down,90.0,"Comedy, Drama",English,Basil Dearden,Roger MacDougall
1874821,Ethos,78.0,Documentary,English,Pete McGrain,Pete McGrain
2330977,Taking Lives,103.0,Mystery & thriller,English,D.J. Caruso,Jon Bokenkamp
1894225,Flesh,95.0,Drama,English,John Ford,
2017905,Khwab,133.0,"Drama, Mystery & thriller",Hindi,Shakti Samanta,
2178905,Ophelia Learns to Swim,88.0,Comedy,English,Jurgen Vsych,Jurgen Vsych
2433701,Three Strangers,92.0,Mystery & thriller,English,Jean Negulesco,
1877117,Evil Laugh,90.0,Horror,English,Dominick Brascia,
2409626,The Runner,95.0,Drama,English,Ron Moler,Anthony Zuiker
2198008,Perfect Sisters,100.0,Mystery & thriller,English,Stanley M. Brooks,"Fab Filippo,Adam Till"
2112365,Melvin,63.0,"Comedy, Drama, Horror",English,Henry Weintraub,Henry Weintraub
1881806,Fallen City,,,,Zhao Qi,
2389612,The Mad Magician,72.0,Horror,English,John Brahm,Crane Wilbur
2391133,The Mallory Effect,87.0,Comedy,English,Dustin Guy Defa,Dustin Guy Defa
1768690,Chasing the Green,102.0,"Drama, Romance",English,Russ Emanuel,"Craig Frankel,Emilio Iasiello"
2290530,Siskiyaan,125.0,"Drama, Mystery & thriller",Hindi,Ashwin Chaudhury,Sanjay Chauhan
1649062,A Free Soul,91.0,Drama,English,Clarence Brown,",Willard Mack,Adela Rogers St. Johns"
2366603,The Experts,89.0,Comedy,English,Dave Thomas,"Nick Thiel,Steven Greene,Eric Alter"
2123285,Misty,92.0,Adventure,English,James B. Clark,Ted Sherdeman
2432611,Thomas and the Magic Railroad,86.0,"Kids & family, Adventure",English,Britt Allcroft,
1749642,Buffalo Hearts,104.0,Drama,English,Elanor Togliatti,
2227369,Queen's Messenger,,Action,English,Mark Roper,Peter Jobin
1961288,How Stella Got Her Groove Back,124.0,"Romance, Comedy",English,Kevin Rodney Sullivan,"Terry McMillan,Ronald Bass"
2348507,The Belly of an Architect,118.0,"Comedy, Drama",English,Peter Greenaway,
1658902,A Time to Kill,150.0,"Drama, Mystery & thriller",English,Joel Schumacher,Akiva Goldsman
2285635,Shuttlecock Boys,94.0,"Comedy, Drama",Hindi,Hemant Gaba,Hemant Gaba
1654138,A Night in Heaven,83.0,Romance,English,John G. Avildsen,
1838326,"Doin' It in the Park: Pick-Up Basketball, NYC",90.0,Documentary,English,"Robert Garcia,Kevin Couliau",Robert Garcia
2118838,Milestones,195.0,Drama,English,"Robert Kramer,John Douglas",
1908045,Futureworld,107.0,"Sci-fi, Mystery & thriller",English,Richard Heffron,"Mayo Simon,George Schenck"
2276262,Sex Lives of the Potato Men,83.0,Comedy,English,Andy Humphries,
2117819,Midshipman Easy,70.0,Adventure,English,Carol Reed,
2090666,Lurking in Suburbia,87.0,Comedy,English,Mitchell Altieri,
1747252,Broken Noses,75.0,Documentary,English,Bruce Weber,
2347532,The Barretts of Wimpole Street,105.0,Romance,English,Sidney Franklin,"Ernest Vajda,Claudine West,Donald Ogden Stewart"
1785441,Con Air,115.0,Action,English,Simon West,Scott Rosenberg
1770936,Chicago Overcoat,94.0,"Crime, Drama",English,Brian Caunter,"John W. Bosher,Brian Caunter,Andrew Dowd,Josh Staman"
1892180,First Daughter,105.0,"Romance, Comedy",English,Forest Whitaker,"Jessica Bendinger,Jerry O'Connell,Kate Kondell"
1696516,Arthur Christmas,100.0,"Kids & family, Holiday, Comedy, Fantasy, Drama, Animation",English,Sarah Smith,"Peter Baynham,Sarah Smith"
2400443,The Parent Trap,127.0,"Kids & family, Comedy",English,Nancy Meyers,"Nancy Meyers,Erich Kästner,David Swift,Charles Shyer"
2402704,The Pleasure Garden,,,,James Broughton,
1890974,Finding Neverland,106.0,"Kids & family, Drama, Biography",English,Marc Forster,"David Magee,Allan Knee"
1982661,Inbred,94.0,"Horror, Comedy",English,Alex Chandon,Alex Chandon
2013818,Kasbah,99.0,Mystery & thriller,Spanish,Mariano Barroso,"Mariano Barroso,Luis Marias"
2427275,The Wings of the Dove,101.0,Drama,English,Iain Softley,"Henry James,Hossein Amini"
2441963,Tomorrow Is Another Day,90.0,Drama,English,Felix E. Feist,"Art Cohn,Guy Endore"
2515002,Young Love,,,,Arto Lehkamo,
2407625,The Return of the Living Dead,91.0,"Horror, Comedy",English,Dan O'Bannon,Dan O'Bannon
1877051,Evil Breed: The Legend of Samhain,78.0,Horror,English,Christian Viel,Christian Viel
2319201,Suck it Up Buttercup,87.0,Drama,English,Malindi Fickle,"Malindi Fickle,Kris Lienert"
1906742,Full Grown Men,78.0,"Comedy, Drama",English,David Munro,"David Munro,Xandra Castleton"
2274150,Serena and the Ratts,97.0,"Action, Drama, Sci-fi",English,Kevin James Barry,Kevin James Barry
1876289,Every Emotion Costs,90.0,Drama,English,Darlene Naponse,Darlene Naponse
1983147,Independence Day,110.0,Drama,English,Robert Mandel,
2228697,R.S.V.P.,98.0,"Mystery & thriller, Horror",English,Mark Anthony Galluzzo,Mark Anthony Galluzzo
2480980,Visioneers,94.0,"Comedy, Drama",English,Jared Drake,Brandon Drake
1939155,Harvard Beats Yale 29-29,105.0,Documentary,English,Kevin Rafferty,
1786126,Coney Island,96.0,"Musical, Romance",English,Walter Lang,
2466378,Une étrange affaire,100.0,Drama,French (France),Pierre Granier-Deferre,
2514611,Young Adam,98.0,Drama,English,David Mackenzie,"David Mackenzie,Alexander Trocchi"
2077198,Little Cobras: Operation Dalmatian,91.0,"Kids & family, Adventure",English,Paulette Victor Lifton,Paulette Victor Lifton
1755621,Caleb's Door,82.0,"Mystery & thriller, Drama",English,Arthur Vincie,Arthur Vincie
2242874,Ribbit,83.0,"Kids & family, Comedy, Drama, Adventure, Animation",English,Chuck Powers,"Chuck Powers,Amir Hafizi"
2517837,Zarf Tarek,111.0,"Comedy, Romance",Arabic,Wael Ihsan,"Mohamed Nour,Hazem Wefy"
2049628,La vie sauvage des animaux domestiques,,Documentary,French (France),Dominique Garing,"Dominique Garing,Frédéric Goupil"
2104100,Mark of the Vampire,61.0,Horror,English,Tod Browning,
1814313,Deep Waters,85.0,Drama,English,Henry King,
1961348,How the Grinch Stole Christmas,105.0,"Kids & family, Holiday, Fantasy, Comedy",English,Ron Howard,"Dr. Seuss,Jeffrey Price,Peter S. Seaman"
2385036,The Last Seduction II,96.0,Mystery & thriller,English,Terry Marcel,
2345478,The Arizona Kid,61.0,Western,English,Joseph Kane,"Luci Ward,Gerald Geraghty"
2348473,The Belle of New York,82.0,Musical,English,Charles Walters,"Robert O'Brien,Irving Elinson"
2431019,Thicker Than Water: The Vampire Diaries Part 1,87.0,"Comedy, Horror",English,Phil Messerer,Phil Messerer
1996953,Jason Goes to Hell: The Final Friday,88.0,Horror,English,Adam Marcus,Dean Lorey
2083117,Los chiflados del rock and roll,80.0,Drama,Spanish,José Díaz Morales,
2082522,Lord Byron,95.0,"Comedy, Drama",English,Zack Godshall,"Ross Brupbacher,Zack Godshall"
1767427,Chaos,106.0,"Action, Crime, Drama, Mystery & thriller",English,Tony Giglio,Tony Giglio
1879412,Extremely Loud & Incredibly Close,129.0,Drama,English,Stephen Daldry,Eric Roth
2051129,Lady Luck,97.0,Comedy,English,Edwin L. Marin,"Lynn Root,Frank Fenton"
2193276,Passport to Pimlico,85.0,Comedy,English,Henry Cornelius,T.E.B. Clarke
1920960,Glory Road,117.0,Drama,English,James Gartner,Christopher Cleveland
2414680,The Song Remains the Same,136.0,Documentary,English,"Peter Clifton,Joe Massot",
2489614,Wattstax,98.0,"Documentary, Music",English,Mel Stuart,
1675271,All Alone,90.0,Mystery & thriller,English,Jon Cellini,Jon Cellini
1672212,Al Jennings of Oklahoma,77.0,"Western, Romance",English,Ray Nazarro,George Bricker
1913438,Gemide,,,,Serdar Akar,
2257374,Saguni,,Drama,Tamil,N. Shankar Dayal,N. Shankar Dayal
2214865,Prayer of the Rollerboys,94.0,Sci-fi,English,Rick King,
1660286,A Wedding,125.0,"Comedy, Drama",English,Robert Altman,"John Considine,Patricia Resnick,Allan F. Nicholls,Robert Altman"
2175968,One Night in Turin,90.0,Documentary,English,James Erskine,James Erskine
2487282,Wanderlost,90.0,"Adventure, Fantasy, Horror",English,David Kabler,"David Kabler,Mitch Rumfelt,Daniel Judson"
2000766,Jimmy and Judy,100.0,"Drama, Romance",English,"Jon Schroder,Randall K. Rubin","Jon Schroder,Randall K. Rubin"
1914400,Geography Club,83.0,"Comedy, Drama, Lgbtq+",English,Gary Entin,Edmund Entin
2429751,Their Purple Moment,22.0,Comedy,,James Parrott,
2183029,Out Late,63.0,Documentary,English,Jennifer Brooke,
2320709,Summer School,89.0,Horror,English,"Ben Trandem,Lance Hendrickson,Steve Rhoden,Troy Mccall,Mike Nelson",Lance Hendrickson
2387511,The Little Shop of Horrors,70.0,Comedy,English,Roger Corman,Charles B. Griffith
1675712,All Inclusive,95.0,"Comedy, Drama",Spanish,Rodrigo Ortuzar,"Paula Del Fierro,Julio Rojas"
2346908,The Bad Man,70.0,Western,English,Richard Thorpe,
2135354,Murder in Harlem,102.0,"Mystery & thriller, Drama",English,"Oscar Micheaux,Clarence Williams III","Oscar Micheaux,Clarence Williams III"
1727373,Big Fish,125.0,Drama,English,Tim Burton,John August
2238567,Remember the Titans,113.0,Drama,English,Boaz Yakin,Gregory Allen Howard
2270767,Secundaria,100.0,Drama,Spanish,Mary Jane Doherty,
1930253,Guest House Paradiso,89.0,Comedy,English,Adrian Edmondson,"Adrian Edmondson,Rik Mayall"
1641298,40 Days and 40 Nights,94.0,"Romance, Comedy",English,Michael Lehmann,Rob Perez
1837351,Doce Amianto,,,,Guto Parente,
1980403,In Organic We Trust,82.0,Documentary,English,Kip Pastor,Kip Pastor
2419426,The Thief of Bagdad,155.0,"Fantasy, Adventure",,Raoul Walsh,"Douglas Fairbanks,Lotta Woods"
1726662,Big Bad Love,111.0,Drama,English,Arliss Howard,"Arliss Howard,Jim Howard"
1690993,Antichrist,109.0,"Drama, Horror",English,Lars von Trier,Lars von Trier
2088581,Lowball,96.0,Action,English,Demian Lichtenstein,
1962795,Hubad,,Drama,Tagalog,"Mark Gary,Denisa Reyes","Ron Bryant,Denisa Reyes,Rody Vera,Liza Magtoto"
2258686,Salome,72.0,Drama,,Charles Bryant,
1643297,8 Million Ways to Die,115.0,"Crime, Drama",English,Hal Ashby,
1794334,Crosswinds,93.0,Adventure,English,Lewis R. Foster,
1950322,Himmatwala,150.0,"Action, Comedy, Drama",Hindi,Sajid Khan,"Sajid Khan,Farhad-Sajid"
1977118,Ill Fated,96.0,"Comedy, Drama",English,Mark A. Lewis,John Callander
2075307,Lili Marleen,120.0,Drama,German,Rainer Werner Fassbinder,
1875928,Evelyn,93.0,Drama,English,Bruce Beresford,Paul Pender
2217152,Primary,87.0,Mystery & thriller,English,Ross Ferguson,Ross Ferguson
2410269,The Savage Seven,96.0,Action,English,Richard Rush,"Michael Fisher,Rosalind Ross"
2020490,King of Jazz,105.0,Musical,English,John Murray Anderson,
2382389,The Kentuckian,104.0,Western,English,Burt Lancaster,
1654020,A New Wave,93.0,"Action, Crime, Drama",English,Jason Carvey,Jason Carvey
2261665,Santa Mesa,80.0,Drama,English,Ron Morales,Ron Morales
2322982,Supersonic Man,85.0,Sci-fi,English,Juan Piquer Simon,Juan Piquer Simon
2090662,Lurkers,90.0,Horror,English,Roberta Findlay,"Ed Kelleher,Harriate Vidal"
2222405,Puddle Cruiser,104.0,"Romance, Comedy",English,Jay Chandrasekhar,
2368836,The Finest Hour,105.0,Action,English,Shimon Dotan,
2118369,Mike Bassett: England Manager,89.0,Comedy,English,Steve Barron,
2392386,The Marriage Circle,90.0,Comedy,,Ernst Lubitsch,
2433172,Three Came Home,106.0,Drama,English,Jean Negulesco,
1813518,December Ends,92.0,Drama,English,Lee Toland Krieger,Lee Toland Krieger
1774136,Christine,110.0,Horror,English,John Carpenter,Bill Phillips
2008651,K,85.0,Drama,English,Shoja Azari,Shoja Azari
1708297,Backlight,99.0,"Drama, Sci-fi",English,Fernando Fragata,Fernando Fragata
2124943,Moe no suzaku,,,,Naomi Kawase,
2029108,Kurt Cobain About a Son,97.0,Documentary,English,AJ Schnack,
1678794,Alvin and the Chipmunks: The Squeakquel,89.0,"Kids & family, Comedy",English,Betty Thomas,"Jon Vitti,Jonathan Aibel,Glenn Berger"
1889051,Fig Leaves,70.0,Comedy,,Howard Hawks,"Howard Hawks,Louis D. Lighton,Hope Loring"
1669013,Age of the Dragons,91.0,"Fantasy, Adventure",English,Ryan Little,McKay Daines
1793724,Crocodile 2: Death Swamp,95.0,"Horror, Mystery & thriller",English,Gary Jones,"Jace Anderson,Adam Gierasch"
1813066,Death Wish 4: The Crackdown,99.0,"Action, Crime, Drama",English,J. Lee Thompson,Gail Morgan Hickman
2014978,Kaw,100.0,"Horror, Mystery & thriller",English,Sheldon Wilson,
1842479,Double Dragon,95.0,Sci-fi,English,James Yukich,
1691188,Anton Corbijn Inside Out,90.0,"Documentary, Biography",English,Klaartje Quirijns,"Klaartje Quirijns,Thomas den Drijver"
1966501,I Become Gilgamesh,,,,Juan Francisco de la Guardia,
2353286,The Buddy System,110.0,Comedy,English,Glenn Jordan,
1727195,Big City Blues,94.0,"Comedy, Drama",English,Clive Fleury,Clive Fleury
1697248,As I Stand,116.0,Drama,English,Carlo Nicoletta,Carlo Nicoletta
2051240,Lady Windermere's Fan,87.0,"Comedy, Drama",English,Ernst Lubitsch,Julian Josephson
2261239,Sankat City,120.0,"Comedy, Drama, Action, Crime",Hindi,Pankaj Advani,Pankaj Advani
1897684,For Once in My Life,94.0,"Documentary, Drama, Music",English,"Jim Bigham,Mark Moormann",
2422994,The United States of Hoodoo,100.0,Documentary,English,Oliver Hardt,"Oliver Hardt,Darius James"
1733453,Blackmail,126.0,"Action, Crime, Drama, Mystery & thriller",Hindi,Anil Devgan,
2414139,The Smell of Success,96.0,Comedy,English,Michael Polish,"Mark Polish,Michael Polish"
2384332,The Last Drop,103.0,"Action, Adventure, War",English,Colin Teague,"Gary Young,Colin Teague"
1885258,Father-Like Son,96.0,"Romance, Comedy, Drama",English,Mac Alsfeld,"Mac Alsfeld,Andrew Megison"
1893126,Fitzcarraldo,160.0,Drama,English,Werner Herzog,Werner Herzog
2357090,The Coca-Cola Kid,94.0,Comedy,English,Dusan Makavejev,
2310088,Stanley's Dragon,92.0,Fantasy,English,Gerry Poulson,
1713188,Barbershop Punk,84.0,Documentary,English,"Kristin Armfield,Georgia Sugimura Archer",Georgia Sugimura Archer
1732678,Black Moon,100.0,Fantasy,English,Louis Malle,"Joyce Buñuel,Louis Malle,Ghislain Uhry"
2507543,Wrong Way to Hope: A Story of Young Adults and Cancer,78.0,"Documentary, Adventure, Biography",English,"Aaron Bryant,Michael Lang",
2185327,P.S. I Love You,126.0,"Romance, Comedy, Drama",English,Richard LaGravenese,"Richard LaGravenese,Steven Rogers"
1876551,Everybody's Fine,95.0,"Comedy, Drama",English,Kirk Jones,Kirk Jones
2510875,Yankee Fakir,67.0,Mystery & thriller,English,W. Lee Wilder,Richard S. Conway
2037942,La ciénaga,100.0,Drama,Spanish,Lucrecia Martel,Lucrecia Martel
2241685,Revanche,121.0,"Crime, Drama, Mystery & thriller",German,Götz Spielmann,Götz Spielmann
1741303,Borderland,104.0,"Mystery & thriller, Horror, Crime, Drama",English,Zev Berman,"Zev Berman,Eric Poppen"
1910746,Ganga Ki Saugand,180.0,"Drama, Action",Hindi,Sultan Ahmed,"Nabendu Ghosh,Asgar Mirza"
2498133,White Man's Burden,89.0,Drama,English,Desmond Nakano,
1763543,Cattle Stampede,58.0,Western,English,Sam Newfield,
1661254,A.L.F.,96.0,Drama,French (France),Jérôme Lescure,Jérôme Lescure
1750301,Bulldog Jack,62.0,"Mystery & thriller, Comedy",English (United Kingdom),Walter Forde,
1745749,Bride of Re-Animator,97.0,Horror,English,Brian Yuzna,"Rick Fry,Woody Keith,H.P. Lovecraft,Brian Yuzna"
1879385,Extreme Vengeance,94.0,"Crime, Drama, Mystery & thriller",English,Roger Zahr,
1925027,Googoosh: Iran's Daughter,158.0,Documentary,English,Farhad Zamani,Farhad Zamani
2108369,Maximum Tolerated Dose,90.0,Documentary,English,Karol Orzechowski,
2185786,Packaged Goods,15.0,,English,Leah Meyerhoff,Leah Meyerhoff
1963483,Human Highway,83.0,"Comedy, Drama",English,"Neil Young,Dean Stockwell","Neil Young,Jeanne Fields,Dean Stockwell,Russ Tamblyn,James Beshears"
1765160,Centipede!,93.0,"Horror, Mystery & thriller",English,Gregory Gieras,Gregory Gieras
2501043,Wild Rapture,,,,Jacques Dupont,
1933582,Hafu: The Mixed-Race Experience in Japan,90.0,Documentary,Japanese,"Megumi Nishikura,Lara Perez Takagi",
2354028,The Cake Eaters,95.0,Drama,English,Mary Stuart Masterson,Jayce Bartok
2211432,Porkchops,80.0,"Comedy, Horror",English,Eamon Hardiman,Eamon Hardiman
1666947,Adventures of Gallant Bess,71.0,Adventure,English,Lew Landers,
1903278,Fresh Horses,105.0,Romance,English,David Anspaugh,
2139912,My Super Ex-Girlfriend,96.0,"Romance, Comedy",English,Ivan Reitman,Don Payne
1638273,20 Years After,95.0,"Drama, Fantasy, Sci-fi",English,Jim Torres,"Jim Torres,Ron Harris"
2382808,The Killing of Sister George,137.0,Drama,English,Robert Aldrich,"Lukas Heller,Frank Marcus"
2496597,When Worlds Collide,81.0,Sci-fi,English,Rudolph Maté,"Edwin Balmer,Philip Wylie,Sydney Boehm"
2384262,The Last Days of Disco,113.0,Drama,English,Whit Stillman,Whit Stillman
1998024,Jeans,175.0,"Romance, Comedy",Tamil,S. Shankar,
1812887,Death of Two Sons,,,,Micah Schaffer,
2189909,Paradise Broken,104.0,"Crime, Drama",English,James Sereno,Chris McKinney
2381647,The Jigsaw Man,91.0,Mystery & thriller,English (United Kingdom),Terence Young,"Dorothea Bennett,Jo Eisinger"
1729151,Billion Dollar Brain,111.0,Drama,English,Ken Russell,John McGrath
2358169,The Contender,126.0,Mystery & thriller,English,Rod Lurie,Rod Lurie
1715986,Battle Taxi,82.0,War,English,Herbert L. Strock,
2326147,Sweet Revenge,78.0,Action,English,Mark Sobel,
1804352,Darkdrive,87.0,Sci-fi,English,Phillip J. Roth,
2358362,The Coolangatta Gold,114.0,Drama,English,Igor Auzins,
2125346,Mojave Phone Booth,88.0,Drama,English,John Putch,
2020526,King of the Avenue,93.0,"Crime, Drama, Fantasy",English,Ryan Combs,Ryan Combs
1942906,Heavy Times,90.0,Comedy,English,"Benjamin Mark,Ryan McKenna","Benjamin Mark,Ryan McKenna,Matto Todd"
2079981,Local Boy Makes Good,67.0,Comedy,English,Mervyn LeRoy,"Robert Lord,Raymond Griffith,Ray Enright"
1783687,Comedown,90.0,Mystery & thriller,English,Menhaj Huda,Steven Kendall
1937418,Happy People: A Year in the Taiga,94.0,Documentary,English,Dmitry Vasyukov,"Rudolph Herzog,Werner Herzog"
1675836,All My Mothers,60.0,Documentary,Persian,"Abbas Ghazali,Ebrahim Saeedi","Abbas Ghazali,Ebrahim Saeedi"
2168228,Ocean's Eleven,127.0,"Comedy, Drama",English,Lewis Milestone,"Harry Brown,Charles Lederer"
2247232,Robotech: The Shadow Chronicles,88.0,"Kids & family, Sci-fi, Adventure, Animation",English,"Dong-Wook Lee,Tommy Yune","Carl Macek,Tommy Yune,Thomas J. Bateman,Steve Yun"
2384525,The Last Hurrah,88.0,"Comedy, Drama",English,Jonathan W. Stokes,Jonathan W. Stokes
1692061,Apartment: Rent at Your Own Risk,,"Drama, Mystery & thriller",Hindi,Jag Mundhra,"Syed Gulrez,Jag Mundhra"
2087791,Love's Kitchen,90.0,"Romance, Comedy",English (United Kingdom),James Hacking,James Hacking
2368801,The Final Winter,,,,Brian Andrews,
1693649,Araf,124.0,Drama,Turkish,Yesim Ustaoglu,Yesim Ustaoglu
2382083,The Juggler,86.0,Drama,English,Edward Dmytryk,
2379807,The Immigration Paradox,120.0,Documentary,English,Lourdes Lee Vasquez,Lourdes Lee Vasquez
2345257,The Apple Dumpling Gang,100.0,"Western, Comedy",English,Norman Tokar,Don Tait
1674692,Alien Hunter,100.0,Sci-fi,English,Ron Krauss,J.S. Cardone
2361496,The Death of Salvador Dali,18.0,Fantasy,English,Delaney Bishop,
2423479,The Utopian Society,93.0,Comedy,English,John P. Aguirre,Jason Preston
2151181,New Mexico,76.0,Western,English,Irving Reis,
1763489,Cats Don't Dance,75.0,"Kids & family, Musical, Animation",English,Mark Dindal,"Mark Dindal,Robert Lence,Brian McEntee,Rick Schneider,David Womersley,Kelvin Yasuda,Bobs Gannaway,Cliff Ruby,Elana Lesser,Theresa Pettengill"
1747664,Brooklyn Lobster,90.0,Drama,English,Kevin Jordan,Kevin Jordan
2041035,La gente de la Universal,90.0,"Comedy, Drama",Spanish,Felipe Aljure,Manuel Arias
1900716,Fragment,88.0,Horror,English,Andrew Miles,Andrew Miles
2373387,The Gods Must Be Crazy,108.0,Comedy,Afrikaans,Jamie Uys,Jamie Uys
1946678,Here We Go Round the Mulberry Bush,94.0,Comedy,English,Clive Donner,Hunter Davies
2309412,Staggered,94.0,Comedy,English,Martin Clunes,
1840952,Donsol,105.0,Drama,Tagalog,Adolfo Alix Jr.,Adolfo Alix Jr.
2086297,Love at Stake,88.0,Comedy,English,John Moffitt,
2140191,My Winnipeg,80.0,"Documentary, Comedy, Drama",English,Guy Maddin,"Guy Maddin,George Toles"
2473103,Vampire Diary,89.0,Horror,English,"Mark James,Phil O'Shea",Phil O'Shea
2243466,Ride Beyond Vengeance,100.0,Western,English,Bernard McEveety,Andrew J. Fenady
2317350,Stripteaser,,,,Dan Golden,
2399825,The Outfit,103.0,"Crime, Drama",English,John Flynn,"Donald E. Westlake,John Flynn"
2001971,Joe the King,101.0,Drama,English,Frank Whaley,Frank Whaley
2419816,The Three Musketeers,72.0,"Musical, Comedy",English,Allan Dwan,
2091833,M,99.0,"Mystery & thriller, Crime, Drama",German,Fritz Lang,"Egon Jacobson,Fritz Lang"
2013514,Karnan,177.0,"Action, Drama, War",Tamil,B. Ramakrishnaiah Panthulu,"Sakthi T.K. Krishnasamy,A.S. Nagarajan"
2322605,Superchick,95.0,"Action, Adventure",English,Ed Forsyth,Gary Crutcher
2354298,The Camp on Blood Island,81.0,War,English,Val Guest,
2320085,Sujata,161.0,Drama,Hindi,Bimal Roy,
2374815,The Great Outdoors,91.0,Comedy,English,Howard Deutch,John Hughes
2489838,Waydowntown,87.0,Comedy,English,Gary Burns,"Gary Burns,James Martin"
1741164,Borat: Cultural Learnings of America for Make Benefit Glorious Nation of Kazakhstan,84.0,Comedy,English,Larry Charles,"Sacha Baron Cohen,Anthony Hines,Peter Baynham,Dan Mazer"
2183534,Out of Time,105.0,"Mystery & thriller, Crime, Drama",English,Carl Franklin,David Collard
1714561,Barry Lyndon,184.0,Drama,English,Stanley Kubrick,"Stanley Kubrick,William Makepeace Thackeray"
2310401,Star Trek,126.0,"Sci-fi, Adventure, Action, Fantasy",English,J.J. Abrams,"Roberto Orci,Alex Kurtzman"
2412605,The Shipping News,111.0,Drama,English,Lasse Hallström,"Robert Nelson Jacobs,E. Annie Proulx"
1717533,Beau Geste,129.0,"Adventure, History, Drama, War",,Herbert Brenon,"Herbert Brenon,John Russell,Paul Schofield,Percival Christopher Wren"
1776323,Cinema Alcázar,10.0,Documentary,Spanish,Florence Jaugey,Florence Jaugey
1658741,A Thousand and One Nights,93.0,Fantasy,English,Alfred E. Green,
2294879,Small Timers,79.0,"Adventure, Comedy, Crime, Drama",English,Jonny Cruz,"Jonny Cruz,Robby Storey,Cortez Davis"
1931368,Gunsmoke Trail,57.0,Western,English,Sam Newfield,
2394356,The Misadventures of Merlin Jones,93.0,"Kids & family, Comedy",English,Robert Stevenson,"Bill Walsh,Alfred Lewis Levitt,Helen Levitt"
2017485,Khartoum,134.0,"History, Drama, Action",English (United Kingdom),Basil Dearden,Robert Ardrey
1995418,Jakarta,94.0,"Crime, Drama",English,Charles Kaufman,
1944141,Hell to Eternity,132.0,War,English,Phil Karlson,
2403793,The Price of Fear,79.0,Drama,English,Abner Biberman,
1754502,C.R.A.Z.Y.,127.0,Drama,French (Canada),Jean-Marc Vallée,"Jean-Marc Vallée,François Boulay"
1844541,Dragon Day,95.0,Mystery & thriller,English,Jeffrey Travis,"Matt Patterson,Jeffrey Travis"
2378788,The House I Live In,11.0,Drama,English,Mervyn LeRoy,Albert Maltz
2399995,The Owls,66.0,Mystery & thriller,English,Cheryl Dunye,Sarah Schulman
1780986,Cocktail Hour,74.0,"Crime, Drama, Romance",English,Victor Schertzinger,"Gertrude Purcell,Richard Schayer"
1753071,Buy & Cell,91.0,Comedy,English,Robert Boris,
1894439,Flick,82.0,"Crime, Drama",English,Fintan Connolly,Fintan Connolly
1833056,Dillagi,188.0,"Romance, Musical",Hindi,Sunny Deol,
2409067,The Rookie,127.0,Drama,English,John Lee Hancock,Mike Rich
2236375,Red Skies of Montana,89.0,Action,English,Joseph M. Newman,
2242954,Rice Field of Dreams,75.0,"Documentary, Adventure",English,Daron Ker,Daron Ker
2234608,Reality Star,84.0,Drama,English,Raoul Suvi,
1864010,Election,103.0,Comedy,English,Alexander Payne,"Tom Perrotta,Alexander Payne,Jim Taylor"
1721572,Bending Steel,93.0,Documentary,English,Dave Carroll,
1815528,Delta Pi,90.0,Comedy,English,Kevin Brodie,Kevin Brodie
2261265,Sanky Panky,110.0,"Musical, Comedy",Spanish,Jose Enrique Pintor,
1969332,I Sing of a Well,,Drama,English,Leila Djansi,Leila Djansi
2388228,The Long Wait,93.0,"Crime, Drama",English,Victor Saville,
2378587,The Hospital,90.0,Horror,English,"Tommy Golden,Daniel Emery Taylor",
1842143,Dot and the Bunny,80.0,"Kids & family, Adventure",English,Yoram Gross,
2355272,The Cemetery Club,107.0,"Comedy, Drama",English,Bill Duke,
1904177,Frisbee: The Life and Death of a Hippie Preacher,105.0,Documentary,English,David Di Sabatino,David Di Sabatino
2228198,Quietly on By,87.0,Drama,English,Frank V. Ross,Frank V. Ross
1707041,Baby Doll,114.0,Drama,English,Elia Kazan,
2374560,The Great Debaters,127.0,Drama,English,Denzel Washington,Robert Eisele
2348083,The Beast Within,98.0,Horror,English,Philippe Mora,Tom Holland
1926237,Graduation Day,85.0,Horror,English,Herb Freed,Anne Marisse
2085031,Lost in Yonkers,112.0,Drama,English,Martha Coolidge,Neil Simon
2348040,The Bears and Bees,6.0,"Comedy, Musical, Animation",,Wilfred Jackson,
2365395,The Empty Mirror,117.0,Fantasy,English,Barry J. Hershey,"R. Buckingham,Barry J. Hershey"
1814542,Defending Your Life,112.0,Comedy,English,Albert Brooks,Albert Brooks
2418500,The Tamarind Seed,123.0,Drama,English,Blake Edwards,
1808637,Daylight,97.0,"Horror, Mystery & thriller",English,"David McCracken,Joel Townsend,Kaidan Tremain","David McCracken,Joel Townsend"
2418928,The Tempest,96.0,Drama,English,Derek Jarman,
1954696,Hollywood Hot Tubs,103.0,Comedy,English,Chuck Vincent,"Mark Borde,Craig Horrall"
2110373,Medium Cool,110.0,Drama,English,Haskell Wexler,
1635513,11 x 14,81.0,Documentary,English,James Benning,
2326673,Swing Fever,80.0,Musical,English,Tim Whelan,
1717554,Beaufort,125.0,"Action, Drama, War",Hebrew,Joseph Cedar,Joseph Cedar
2503006,Winter's Bone,99.0,Drama,English,Debra Granik,"Debra Granik,Anne Rosellini"
1891771,Fireball 500,92.0,Action,English,William Asher,"William Asher,Leo Townsend"
2090751,Lust for Love,85.0,"Romance, Comedy",English,Anton King,Anton King
2333597,Tarnation,87.0,Documentary,English,Jonathan Caouette,
2258474,Salesman,90.0,Documentary,English,"Albert Maysles,David Maysles,Charlotte Zwerin",
2405630,The Racket,70.0,"Crime, Drama",,Lewis Milestone,
2079217,Lizzie,81.0,Drama,English,Hugo Haas,Mel Dinelli
1750300,Bulldog in the White House,79.0,Drama,English,Todd Verow,Todd Verow
1934662,Hallam Foe,95.0,"Drama, Romance",English,David Mackenzie,"Peter Jinks,David Mackenzie,Ed Whitmore"
2291190,Six of a Kind,62.0,Comedy,English,Leo McCarey,
1792244,Crazy Mama,82.0,"Comedy, Drama",English,Jonathan Demme,
2343867,The Afflicted,85.0,"Horror, Mystery & thriller",English,Jason Stoddard,
2138366,My Geisha,120.0,"Comedy, Drama",English,Jack Cardiff,
2434778,Thundering Hoofs,60.0,Western,English,Lesley Selander,
1635367,101 Ways (The Things a Girl Will Do to Keep Her Volvo),93.0,Comedy,English,Jennifer B. Katz,Jennifer B. Katz
1680920,American Crude,94.0,Comedy,English,Craig Sheffer,Craig Sheffer
2400655,The Passing,105.0,Horror,English,John Harwood,"Paul Clinco,John Harwood"
1779343,Cloak and Dagger,106.0,Mystery & thriller,English,Fritz Lang,"Albert Maltz,Ring Lardner Jr."
2504838,Wolves,90.0,Horror,English,David Hayter,David Hayter
1701139,Atlantic City,104.0,"Comedy, Drama",English,Louis Malle,John Guare
2119681,Mimi,98.0,Romance,English,Paul Stein,
1881683,Fall Guy,64.0,Mystery & thriller,English,Reginald LeBorg,
2477442,Via Darjeeling,104.0,"Mystery & thriller, Drama",Hindi,Arindam Nandy,
2306368,Spinning Plates,95.0,Documentary,English,Joseph Levy,Joseph Levy
2456838,Two Tickets to Paradise,95.0,Comedy,English,D.B. Sweeney,"D.B. Sweeney,Brian Hayes Currie"
2417025,The Strangler,89.0,Mystery & thriller,English,Burt Topper,Bill S. Ballinger
2478533,Video Vixens,79.0,Comedy,English,Henri Pachard,
2440416,Today I Hang,55.0,"Crime, Drama",English,"Oliver Drake,George M. Merrick",
2264833,Scalene,96.0,"Drama, Mystery & thriller",English,Zack Parker,"Brandon Owens,Zack Parker"
1803851,Dark by Noon,82.0,Sci-fi,English,Alan Leonard,"Michael O'Flaherty,Alan Leonard"
2293487,"Sleep, My Love",97.0,Mystery & thriller,English,Douglas Sirk,
2395164,The Morning After,102.0,Mystery & thriller,English,Sidney Lumet,
1916493,Ghost Image,100.0,Mystery & thriller,English,Jack Snyder,"Jack Snyder,James Dean Schulte"
1876665,Everyone,89.0,"Comedy, Drama",English,Bill Marchant,Bill Marchant
2493600,What a Carve Up!,87.0,Comedy,English,Pat Jackson,"Ray Cooney,Tony Hilton"
2503982,Without a Clue,106.0,"Comedy, Drama",English (United Kingdom),Thom Eberhardt,"Gary Murphy,Larry Strawther"
1813067,Death Wish II,93.0,"Action, Crime, Drama",English,Michael Winner,David Engelbach
2498419,White Water Summer,89.0,Adventure,English,Jeff Bleckner,
1857613,El baile de San Juan,100.0,"History, Drama",Spanish,Francisco Athié,Francisco Athié
2300805,Son of a Gunfighter,92.0,Western,English,Paul Landres,Clarke Reynolds
2368312,The Fifth Horseman,33.0,Drama,Japanese,Kari Barber,Kari Barber
2470249,Urban Legend,95.0,Horror,English,Jamie Blanks,Silvio Horta
1815893,Demon of Paradise,84.0,Horror,English,Cirio H. Santiago,Frederick Bailey
2106166,Mass,170.0,Action,Telugu,Lawrence Raghavendra,Lawrence Raghavendra
1939018,Harsh Times,115.0,"Crime, Drama",English,David Ayer,David Ayer
1865925,Emak-Bakia,18.0,,,Man Ray,Man Ray
2504000,Without a Paddle,99.0,"Comedy, Adventure",English,Steven Brill,"Harris Goldberg,Jay Leggett"
2281198,Shell,90.0,Drama,English,Scott Graham,Scott Graham
2431001,Thicker Than Water,91.0,Drama,English,Richard Cummings Jr.,"Ernest Nyle Brown,Julie Shannon"
2405855,The Rally,90.0,Drama,English,Rick Reyna,"Eddie Richard,M. Jason Smith"
2182277,Ouija,,"Drama, Horror, Mystery & thriller",Tagalog,Toppel Lee,
2292768,Skyler,82.0,"Crime, Drama, Romance, Mystery & thriller",English,Clenet Verdi-Rose,Tony Moras
2304656,Spark,103.0,Mystery & thriller,English,Garret Williams,Garret Williams
2395841,The Music Man,151.0,"Musical, Comedy",English,Morton DaCosta,"Meredith Willson,Franklin Lacey"
2445462,Tower Heist,105.0,"Comedy, Adventure",English,Brett Ratner,"Ted Griffin,Jeff Nathanson"
2146380,National Treasure: Book of Secrets,130.0,"Action, Adventure",English,Jon Turteltaub,"Cormac Wibberley,Marianne Wibberley"
1752305,Busting Out,59.0,Documentary,English,"Francine Strickwerda,Laurel Spellman Smith","Laurel Spellman Smith,Francine Strickwerda"
2223938,Purple Rain,111.0,"Musical, Drama, Romance",English,Albert Magnoli,"Albert Magnoli,William Blinn"
2361186,The Dead Don't Dream,62.0,Western,English,George Archainbaud,
2001312,Jism,136.0,"Mystery & thriller, Drama, Romance",Hindi,Amit Saxena,"Mahesh Bhatt,Niranjan Iyengar"
2426364,The Whip Hand,82.0,Sci-fi,English,William Cameron Menzies,
2190838,Parents,82.0,"Mystery & thriller, Comedy",English,Bob Balaban,
1901551,"Frantz Fanon: Black Skin, White Mask",65.0,Biography,English,Isaac Julien,"Isaac Julien,Mark Nash"
1938869,Harry Dean Stanton: Partly Fiction,77.0,"Documentary, Biography",English,Sophie Huber,
2425205,The War Between Men and Women,110.0,Comedy,English,Melville Shavelson,
1984067,Infestation,93.0,"Horror, Comedy, Action",English,Kyle Rankin,Kyle Rankin
1980371,In Old Kentucky,86.0,Comedy,English,George Marshall,
1915641,Gettin' Square,101.0,"Comedy, Mystery & thriller",English,Jonathan Teplitzky,Chris Nyst
1915067,"Gertrude Stein: When This You See, Remember Me",89.0,Documentary,English,Perry Miller Adato,Marianna Norris
2448041,Trash,113.0,"Adventure, Comedy, Drama, Mystery & thriller",Portuguese (Brazil),Stephen Daldry,Richard Curtis
2357284,The Collection,82.0,"Horror, Mystery & thriller",English,Marcus Dunstan,"Marcus Dunstan,Patrick Melton"
2198839,Personal Exemptions,91.0,Comedy,English,Peter Rowe,
2404109,The Princess Bride,98.0,"Kids & family, Adventure, Comedy",English,Rob Reiner,William Goldman
2136192,Musical Chairs,102.0,"Drama, Romance",English,Susan Seidelman,Marty Madden
2074745,Lighthouse,62.0,Romance,English,Frank Wisbar,Robert B. Churchill
1731064,Bitter Harvest,98.0,"Crime, Drama",English,Duane Clark,
2284922,Showtime,95.0,"Comedy, Action",English,Tom Dey,"Alfred Gough,Miles Millar,Keith Sharon"
2075195,Like Water,75.0,Documentary,English,Pablo Croce,"Damaso Pereira,Ed Soares,Ramon Lemos,Lyoto Machida"
2124347,Mob Queen,87.0,"Comedy, Drama",English,Jon Carnoy,Mike Horelick
2054509,Last Holiday,89.0,"Comedy, Drama",English (United Kingdom),Henry Cass,J.B. Priestley
2135329,Murder Eleven,90.0,"Crime, Drama, Mystery & thriller",English,Jim Klock,Jim Klock
1896574,Folly to Be Wise,91.0,Comedy,English,Frank Launder,"Frank Launder,John Dighton"
1646065,A Clockwork Orange,137.0,"Drama, Comedy",English,Stanley Kubrick,"Stanley Kubrick,Anthony Burgess"
2384441,The Last Godfather,100.0,Comedy,English,Shim Hyung-rae,Shim Hyung-rae
2393510,The Messengers,85.0,"Horror, Mystery & thriller",English,"Danny Pang,Oxide Chun Pang",Mark Wheaton
2515155,Young Rebels,,,,Anna Boden,
2352739,The Bridge of San Luis Rey,89.0,Drama,English,Rowland V. Lee,
1807456,Date Night,88.0,"Romance, Comedy, Action",English,Shawn Levy,Josh Klausner
2051016,Lady Dragon,98.0,Action,English,David Worth,
1936512,Hans Christian Andersen,120.0,"Kids & family, Musical",English,Charles Vidor,Moss Hart
2517260,Zahreelay,163.0,"Action, Drama",Hindi,Jyotin Goel,
1954506,Hollywood and Vine,59.0,Comedy,English,Alexis Thurn-Taxis,Edith Watkins
2261700,Santa's Apprentice,80.0,"Kids & family, Holiday, Comedy, Drama, Fantasy, Adventure, Animation",French (Canada),Luc Vinciguerra,Alexandre Reverend
1896302,Folies Bergère de Paris,83.0,"Musical, Comedy",English,Roy Del Ruth,"Bess Meredyth,Hal Long"
2392810,The Mating Habits of the Earthbound Human,90.0,Comedy,English,Jeff Abugov,Jeff Abugov
2506021,Words and Music,119.0,Musical,English,Norman Taurog,Fred F. Finklehoffe
1895238,Florida City,91.0,"Mystery & thriller, Crime, Drama",English,Ralph Clemente,"Stephen Bowles,Peter A. Zorn Jr."
2078866,Living in Seduced Circumstances,90.0,"Drama, Mystery & thriller",Vietnamese,Ian Gamazon,Ian Gamazon
2333816,Tarzan's Magic Fountain,73.0,Adventure,English,Lee Sholem,
1719240,Begotten,78.0,Drama,English,E. Elias Merhige,
2264019,Save Your Legs!,92.0,Comedy,English,Boyd Hicklin,Brendan Cowell
1662027,Aashiq,160.0,"Drama, Action, Romance",Hindi,"Indra Kumar,Anwar Khan","Rajeev Kaul,Praful Parekh"
2302754,Soul Hustler,81.0,Drama,English,Burt Topper,
2467059,Unity,94.0,Documentary,English,Shaun Monson,Shaun Monson
2000424,Jigsaw,107.0,Mystery & thriller,English,Val Guest,Val Guest
2367593,The Fantasist,98.0,Mystery & thriller,English,Robin Hardy,Robin Hardy
2310943,Starlet,107.0,Drama,English,Sean Baker,"Sean Baker,Chris Bergoch"
2366392,The Evolution of Andrew Andrews,82.0,Comedy,English,Will Klipstine,"Will Klipstine,Amy Mills"
2324923,Svengali,76.0,Drama,English,Archie Mayo,
2407646,The Return of the Texas Chainsaw Massacre,102.0,Horror,English,"Ken Henkel,Kim Henkel",Kim Henkel
1740449,Bonzo Goes to College,80.0,Comedy,English,Frederick De Cordova,
1661182,A. (Anonymous),53.0,Comedy,English,Daniel Bowers,Daniel Bowers
2386182,The Leopard Man,65.0,Horror,English,Jacques Tourneur,
2487772,War Hunt,81.0,War,English,Denis Sanders,
1755854,California Split,108.0,"Comedy, Drama",English,Robert Altman,Joseph Walsh
1707664,Bachke Rehna Re Baba,130.0,Comedy,Hindi,Govind Menon,"Robin Bhatt,Umesh Shukla"
1666389,Adopted,87.0,Documentary,German,"Rouven Rech,Gudrun F. Widlok",
1735673,Blood Loss,90.0,"Crime, Drama, Western",English,Isaac Pingree,Sebastian Passanisi
1757460,Can U Feel It: The UMF Experience,90.0,Music,English,Charly Friedrichs,
1667507,Afghan Stories,59.0,Documentary,English,Taran Davies,
1743386,Boys Life 4: Four Play,83.0,"Comedy, Drama",English,"Phillip J. Bartell,Alan Brown,Eric Mueller,Brian Sloan","Phillip J. Bartell,Alan Brown,Andrew Peterson,Brian Sloan"
1737035,Blue Montana Skies,56.0,Western,English,B. Reeves Eason,Gerald Geraghty
1670784,Airboss,90.0,Action,English,J. Christian Ingvordsen,
2382529,The Kid,60.0,"Comedy, Drama",English,Charlie Chaplin,Charlie Chaplin
1926703,Grand Theft Auto,89.0,Comedy,English,Ron Howard,"Rance Howard,Ron Howard"
2012065,Kanna Laddu Thinna Aasaiya,135.0,Comedy,Tamil,K.S. Manikandan,
1868356,Encore,86.0,"Comedy, Drama",English,"Pat Jackson,Anthony Pelissier,Harold French",
1660945,A Yank in Libya,61.0,War,English,Albert Herman,
1837951,Dog Eat Dog,93.0,"Comedy, Crime, Drama",English,Moody Shoaibi,"Moody Shoaibi,Mark Tonderai"
2498452,White Woman,68.0,Adventure,English,Stuart Walker,
1915782,Getting It Right,102.0,Comedy,English,Randal Kleiser,
2498644,Who Do I Gotta Kill?,85.0,Comedy,English,Frank Rainone,
2263513,Saturno contro,,,,Ferzan Ozpetek,
1778594,Claudine's Return,91.0,Drama,English,Antonio Tibaldi,"Antonio Tibaldi,Heidi Hall"
1831900,Die Watching,92.0,Mystery & thriller,English,Charles Davis,
1835110,Disha,135.0,Drama,Hindi,Sai Paranjape,
2346925,The Bad News Bears Go to Japan,91.0,"Kids & family, Comedy",English,John Berry,
2500943,Wild in the Country,114.0,Drama,English,Philip Dunne,Clifford Odets
2419308,The Texas Kid,57.0,Western,English,Lambert Hillyer,"Adele Buffington,Lynton Brent"
2410605,The Scientist,,"Drama, Sci-fi",English,Zach LeBeau,"Chase Brandau,Zach LeBeau"
1716627,Be Cool,119.0,Comedy,English,F. Gary Gray,"Peter Steinfeld,Elmore Leonard"
2067437,Les escargots,10.0,"Fantasy, Animation",French (France),René Laloux,"René Laloux,Roland Topor"
2502921,Winter Meeting,104.0,Drama,English,Bretaigne Windust,
2156449,No Entry,158.0,Comedy,Hindi,Anees Bazmee,Anees Bazmee
1875818,Evasive Action,105.0,Action,English,Jerry P. Jacobs,Tripp Reed
1737353,Blueberry Soup,72.0,Documentary,English,Eileen Jerrett,
2346873,The Bad and the Beautiful,118.0,Drama,English,Vincente Minnelli,"George Bradshaw,Charles Schnee"
2245161,Risen,121.0,"Drama, Biography",English,Neil Jones,"Stuart Brennan,Neil Jones"
2378551,The Horse Soldiers,119.0,Action,English,John Ford,
2183692,Outcast,98.0,Horror,English (United Kingdom),Colm McCarthy,"Colm McCarthy,Tom K. McCarthy"
1724433,Beware,95.0,Horror,English,Jason Daly,"Jason Daly,Shawn Copenhaver"
1708076,"Back to the Garden, Flower Power Comes Full Circle",70.0,Documentary,English,Kevin Tomlinson,
1980694,In Search of La Che,71.0,Comedy,English,Mark D. Ferguson,"Mark D. Ferguson,Chris Quick,Andy S. McEwan"
2132441,Mr. Gibb,,,,David Ostry,
1946722,Here's to Life!,94.0,"Comedy, Drama",English,Arne Olsen,Arne Olsen
1688180,Angels Crest,93.0,Drama,English,Gaby Dellal,Catherine Trieschmann
1901393,Frankenstein: Day of the Beast,91.0,Horror,English,Ricardo Islas,
2387794,The Loch Ness Horror,93.0,Horror,English,Larry Buchanan,
2498195,White Oleander,110.0,Drama,English,Peter Kosminsky,"Mary Agnes Donoghue,Janet Fitch"
2152773,Nick and Norah's Infinite Playlist,89.0,"Romance, Comedy, Lgbtq+",English,Peter Sollett,Lorene Scafaria
2390079,The Magnificent Seven Deadly Sins,107.0,Comedy,English,Graham Stark,"Graham Chapman,Barry Cryer,John Esmonde,Marty Feldman,Dave Freeman,Ray Galton,Bob Larbey,Spike Milligan,Alan Simpson,Graham Stark"
2469921,Upperdog,100.0,"Comedy, Drama",Norwegian,Sara Johnsen,Sara Johnsen
1725832,Bhoot Bungla,180.0,"Comedy, Musical",Hindi,Mehmood,"Akhtar-Ul-Iman,Ranjan Bose"
1714381,Barquero,118.0,Western,English,Gordon Douglas,"George Schenck,William Marks"
1802599,Dangerously They Live,71.0,Drama,English,Robert Florey,
1640636,3000 Miles to Graceland,125.0,Action,English,Demian Lichtenstein,"Richard Recco,Demian Lichtenstein"
1776142,Cinderella,74.0,"Kids & family, Fantasy, Animation",English,"Clyde Geronimi,Wilfred Jackson,Hamilton Luske","Ken Anderson,Homer Brightman,Winston Hibler,Bill Peet,Erdman Penner,Charles Perrault,Harry Reeves,Joe Rinaldi,Ted Sears"
2414613,The Song,117.0,Drama,English,Richard Ramsey,Richard Ramsey
2005982,Julie & Julia,123.0,"Comedy, Drama",English,Nora Ephron,Nora Ephron
2514766,Young Blood,60.0,Western,English,Phil Rosen,
1934372,Half a Sinner,59.0,"Crime, Drama",English,Al Christie,
2214832,Pray for Morning,91.0,"Horror, Mystery & thriller",English,Cartney Wearn,Cartney Wearn
2415869,The Stand-In,100.0,Drama,English,Roberto Monticello,
2286380,Sick Girl,83.0,Horror,English,Eben McGarr,Eben McGarr
2431253,Things You Can Tell Just by Looking at Her,106.0,"Drama, Lgbtq+",English,Rodrigo Garcia,Rodrigo Garcia
1680787,American Bellydancer,90.0,Documentary,English,Jonathan Brandeis,
2430334,There's Nothing Out There,91.0,Comedy,English,Rolfe Kanefsky,
1979757,In Enemy Hands,94.0,"War, Drama",English,Tony Giglio,"John E. Deaver,Tony Giglio"
2376258,The Happiest Day of His Life,13.0,Comedy,English,Ursula Burton,Ursula Burton
2135297,Murder by Decree,121.0,Mystery & thriller,English,Bob Clark,
1869903,Enter the Dragon,99.0,"Action, Adventure",English,Robert Clouse,Michael Allin
2265984,Schindler's List,195.0,"History, Drama",English,Steven Spielberg,Steven Zaillian
2292728,Skyfall,143.0,"Action, Adventure, Mystery & thriller",English,Sam Mendes,"Neal Purvis,Robert Wade,John Logan"
1793783,Cronaca di una morte annunciata,,,,Francesco Rosi,
2236406,Red State,89.0,"Horror, Mystery & thriller",English,Kevin Smith,Kevin Smith
1845611,Dreamrider,92.0,Drama,English,"William H. Brown,Steve Grass",
2450813,Trog,91.0,Horror,English,Fred Francis,Aben Kandel
2303472,South of Monterey,63.0,Western,English,William Nigh,
2429233,The Young Americans,104.0,Mystery & thriller,English,Danny Cannon,"Danny Cannon,David Hilton"
2100942,Maniac,67.0,Horror,English,Dwain Esper,Hildegarde Stadie
2365550,The End of America,74.0,Documentary,English,"Ricki Stern,Anne Sundberg","Michelle Ngo,Patricia Sunshine,Naomi Wolf"
1979852,In Gay Madrid,71.0,Musical,English,Robert Z. Leonard,
1683688,An Enemy of the People,103.0,Drama,English,George Schaefer,Alexander Jacobs
2055063,Latcho Drom,103.0,Documentary,French (Canada),Tony Gatlif,Tony Gatlif
2370306,The Formula,90.0,"Romance, Comedy",English,"Thomas Beecher,Joe Clarke","Thomas Beecher,Joe Clarke"
2163358,Nurse Betty,108.0,Comedy,English,Neil LaBute,"John C. Richards,James Flamberg"
1715629,Bats in the Clocktower,50.0,"Action, Mystery & thriller",English,Scott Stoltz,Scott Stoltz
2442641,Too Late for Tears,99.0,"Crime, Drama",English,Byron Haskin,Roy Huggins
2187979,Panic Room,112.0,Mystery & thriller,English,David Fincher,David Koepp
1745752,Bride of the Gorilla,76.0,Horror,English,Curt Siodmak,Curt Siodmak
2221938,Psychic Experiment,93.0,"Horror, Sci-fi",English,Mel House,Mel House
2222790,Pulling John,73.0,Documentary,English,"Vassiliki Khonsari,Sevan Matossian",
2374553,The Great Dan Patch,94.0,Drama,English,Joseph M. Newman,
2386102,The Legend of the Sky Kingdom,74.0,"Kids & family, Adventure, Animation",English,Roger Hawkins,Phil Cunningham
2324009,Survivor,92.0,Sci-fi,English,Michael Shackleton,
1692619,Apparition of the Eternal Church,54.0,Documentary,English,Paul Festa,
2426055,The Wedding Singer,96.0,"Romance, Comedy",English,Frank Coraci,Tim Herlihy
2358066,The Conrad Boys,94.0,Drama,English,Justin Lo,Justin Lo
1980081,In Lieu of Flowers,89.0,"Comedy, Drama, Romance",English,William Savage,William Savage
1811168,Dead Man Down,118.0,"Crime, Drama, Mystery & thriller",English,Niels Arden Oplev,J.H. Wyman
2409949,The Saint Meets the Tiger,70.0,Mystery & thriller,English,Paul Stein,
2311504,State of Violence,79.0,Drama,Zulu,Khalo Matabane,Khalo Matabane
1741551,Born in Chicago,86.0,Documentary,English,John Anderson,
2157852,No Way Out,106.0,Drama,English,Joseph L. Mankiewicz,
1864526,Elephant Tales,92.0,"Adventure, Drama",English,Mario Andreacchio,
2437321,Timecop,98.0,Sci-fi,English,Peter Hyams,Mark Verheiden
1695234,Armored,88.0,"Mystery & thriller, Drama",English,Nimród Antal,James V. Simpson
1694549,Argentine Nights,72.0,"Musical, Comedy",English,Albert Rogell,
1714606,Barsaat Ki Raat,141.0,"Drama, Musical, Romance",Hindi,P.L. Santoshi,"Bharat Bhushan,Sarshar Sailani,P.L. Santoshi"
1715722,Battle at Bloody Beach,83.0,War,English,Herbert Coleman,
2080338,Loft,117.0,Mystery & thriller,Dutch,Erik Van Looy,
1901325,Frankenhooker,88.0,"Comedy, Sci-fi",English,Frank Henenlotter,
1798761,D'un film à l'autre,,,,Claude Lelouch,
1782646,Color of a Brisk and Leaping Day,85.0,Drama,English,Christopher Munch,Christopher Munch
1722891,Besotted,92.0,Fantasy,English,Holly Hardman,Holly Hardman
2218152,Prisoner of War,80.0,War,English,Andrew Marton,
2087986,"Love, Marilyn",105.0,Documentary,English,Liz Garbus,Truman Capote
2074494,Lifted,108.0,Drama,English,Lexi Alexander,Lexi Alexander
2018182,Kicking the Dog,91.0,Comedy,English,Randy Scooter Lammey,Randy Scooter Lammey
2292182,Skinner,80.0,Horror,English,Ivan Nagy,Paul Hart-Wilden
2230329,Raiders of the Sun,81.0,Sci-fi,English,Cirio H. Santiago,
2422584,The Unbeliever,80.0,"Drama, War",,Alan Crosland,Mary Raymond Shipman Andrews
2240053,Rescue Dawn,125.0,"War, History, Drama",English,Werner Herzog,Werner Herzog
2187205,Palmetto,114.0,Mystery & thriller,English,Volker Schlöndorff,"James Hadley Chase,E. Max Frye"
1923616,Golub: Late Works Are the Catastrophes,80.0,Documentary,English,Jerry Blumenthal,Gordon Quinn
1692809,Appointment in Honduras,79.0,Adventure,English,Jacques Tourneur,Karen DeWolf
2455888,Twisted: A Balloonamentary,79.0,Documentary,English,"Sara Taksler,Naomie Greenfield",
2374318,The Grass Harp,107.0,Drama,English,Charles Matthau,"Stirling Silliphant,Kirk Ellis"
1747845,Brother's Justice,86.0,Comedy,English,"David Palmer,Dax Shepard",Dax Shepard
2113810,Mephisto,135.0,Drama,English,István Szabó,
1642868,7 Faces of Dr. Lao,100.0,Fantasy,English,George Pal,
2054486,Last Gasp,93.0,Mystery & thriller,English,Scott McGinnis,
1767814,Charles Bradley: Soul of America,75.0,"Documentary, Biography, Music",English,Poull Brien,
1636307,16 Photographs at Ohrdruf,72.0,Documentary,English,"Matthew Nash,Michael Equi",Matthew Nash
2406938,The Reef 2: High Tide,77.0,"Kids & family, Adventure, Animation",English,Mark A.Z. Dippe,"Chris Denk,Johnny Hartmann"
1837641,Doctors of the Dark Side,74.0,"Documentary, Crime, Drama, War",English,Martha Davis,Mark Jonathan Harris
2438283,Titillating Steven,83.0,Comedy,English,"Jacqueline Donelli,Kerry Donelli",
2392802,The Mating Game,96.0,"Romance, Comedy",English,George Marshall,
2085051,Lost Junction,95.0,Drama,English,Peter Masterson,Jeff Cole
2270563,Secrets of Monte Carlo,60.0,Adventure,English,George Blair,
2508757,Xcuse Me,100.0,"Romance, Comedy",Hindi,N. Chandra,
1680736,American Anthem,102.0,Drama,English,Albert Magnoli,
1755058,Caesar's Messiah: The Roman Conspiracy to Invent Jesus,84.0,Documentary,English,"Fritz Heede,Nijole Sparkis","Nijole Sparkis,Joseph Atwill"
2357319,The Collector,15.0,Drama,English,Darian Lane,Darian Lane
2353285,The Buddy Holly Story,113.0,Biography,English,Steve Rash,
2454080,Turbulence,100.0,"Mystery & thriller, Action",English,Robert Butler,Jonathan Brett
2491219,Weeds,115.0,Drama,English,John D. Hancock,
1937393,Happy New Year,84.0,"Comedy, Drama",English,John G. Avildsen,
1658257,A Swingin' Trio,80.0,"Comedy, Drama",English,Kelvin Z. Phillips,Kelvin Z. Phillips
2359458,The Crocodile Hunter: Collision Course,90.0,"Comedy, Adventure",English,John Stainton,"John Stainton,Holly Goldberg Sloan"
1654167,A Night of Adventure,65.0,"Crime, Drama",English,Gordon Douglas,
2086485,Love During Wartime,92.0,Documentary,Hebrew,Gabriella Bier,
1695492,Around the Bay,96.0,Drama,English,Alejandro Adams,Alejandro Adams
1985398,Insaniyat Ke Devta,180.0,"Action, Crime, Drama",Hindi,K.C. Bokadia,Faiz Saleem
2211391,Porfirio,101.0,"Comedy, Drama",Spanish,Alejandro Landes,
2082227,Looking Through Lillian,99.0,Drama,English,Jake Torem,"Jake Torem,Jade Henham"
2349540,The Big Green,99.0,"Kids & family, Comedy",English,Holly Goldberg Sloan,Holly Goldberg Sloan
1979920,In Harm's Way,112.0,"Action, Crime, Drama, Mystery & thriller",English,John Karsko,"Mike Borka,John Karsko,Brandon Van Vliet"
1637046,1969,95.0,Drama,English,Ernest Thompson,
1721885,Benji: Off the Leash!,99.0,"Kids & family, Drama",English,Joe Camp,Joe Camp
2240308,Resistance,92.0,"Drama, Romance, War",English,Todd Komarnicki,Todd Komarnicki
1643505,8:46,51.0,Drama,English,Jennifer Gargano,Jennifer Gargano
2425838,The Way We Were,118.0,Romance,English,Sydney Pollack,Arthur Laurents
2499184,Who's That Girl?,107.0,Comedy,Tagalog,Wenn V. Deramas,Wenn V. Deramas
1931657,Gut,90.0,"Horror, Mystery & thriller",English,Elias,Elias
1910646,Gang Girl: A Mother's Journey to Save Her Daughter,86.0,Documentary,English,Valerie Goodloe,
1680793,American Bistro,95.0,"Comedy, Drama",English,Arthur Diennet,Arthur Diennet
2186336,Paid to Love,76.0,"Comedy, Romance",,Howard Hawks,"Malcolm Stuart Boylan,Harry Carr,William M. Conselman,Benjamin Glazer,Seton I. Miller"
1720081,Beijing Blues,115.0,"Action, Crime, Drama",Chinese,Qunshu Gao,"Yan Dai,Qunshu Gao"
2487132,Wamba,67.0,Drama,English,Yves Tchouta,"Yves Tchouta,Amardeep Kaleka,Christopher L. Miller"
2217440,Prince,138.0,"Action, Mystery & thriller",Hindi,Kookie V. Gulati,"Shiraz Ahmed,Mayur Puri"
2497658,Whispering Smith,88.0,Western,English,Leslie Fenton,"Frank Butler,Karl Kamb"
2187614,Panamint's Bad Man,60.0,Western,English,Ray Taylor,
1788356,Coonskin,82.0,Fantasy,English,Ralph Bakshi,Ralph Bakshi
2109679,Mean Creek,89.0,Drama,English,Jacob Aaron Estes,Jacob Aaron Estes
2444326,Total Recall,109.0,"Sci-fi, Action",English,Paul Verhoeven,"Philip K. Dick,Jon Povill,Gary Goldman"
2317081,Striker,128.0,Drama,Hindi,Chandan Arora,"Chandan Arora,Sunita Rajwar"
1905216,Frontier Days,61.0,Western,English,Robert F. Hill,
2353160,The Brothers Karamazov,146.0,Drama,English,Richard Brooks,
2152385,Niagara Falls,43.0,Comedy,English,Gordon Douglas,"Paul Smith,Hal Yates,Eugene Conrad"
2125557,Molly Crows,96.0,Horror,English,Ray Wilkes,Ray Wilkes
1877037,Evil Angel,123.0,"Horror, Mystery & thriller",English,Richard Dutcher,Richard Dutcher
2327017,Sword of Sherwood Forest,80.0,"Adventure, History, Drama",English (United Kingdom),Terence Fisher,Alan Hackney
2139410,My Own Private Idaho,102.0,"Drama, Lgbtq+",English,Gus Van Sant,"William Shakespeare,Gus Van Sant"
1678810,Always,105.0,"Romance, Comedy",English,Henry Jaglom,
1868628,End of Watch,109.0,"Crime, Drama, Action",English,David Ayer,David Ayer
2194002,Patrick,95.0,Horror,English,Mark Hartley,Justin King
2406646,The Red Badge of Courage,69.0,War,English,John Huston,"Albert Band,John Huston"
2409775,The Sacred,93.0,Horror,English,Jose Zambrano Cassella,"Jose Zambrano Cassella,Sharon Reed"
2013981,Kaspar Hauser,137.0,Drama,German,Peter Sehr,Peter Sehr
2417753,The Sunset Trail,62.0,Western,English,B. Reeves Eason,
2384632,The Last Lullaby,93.0,Mystery & thriller,English,Jeffrey Goodman,"Peter Biegen,Max Allan Collins"
2458090,U.F.O.,102.0,Sci-fi,English,Dominic Burns,Dominic Burns
2375964,The Hagstone Demon,103.0,Horror,English,Jon Springer,"Harrison Matthews,Jon Springer"
2094352,Madhumasam,139.0,Romance,Telugu,Chandra Siddhartha,Chandra Siddhartha
2295377,Smithereens,90.0,Drama,English,Susan Seidelman,
2305553,Spellbound,111.0,Mystery & thriller,English,Alfred Hitchcock,"Frances Beeding,Angus MacPhail,Ben Hecht"
2355278,The Census Taker,95.0,Comedy,English,Bruce R. Cook,Bruce R. Cook
1942669,Heaven on Earth,106.0,Drama,English,Deepa Mehta,Deepa Mehta
1898024,For Those in Peril,67.0,Adventure,English (United Kingdom),Charles Crichton,"T.E.B. Clarke,J.O.C. Orton,Harry Watt"
2184527,Overexposed,80.0,Mystery & thriller,English,Larry Brand,
1659209,A Tree Grows in Brooklyn,128.0,Drama,English,Elia Kazan,"Frank Davis,Anita Loos,Tess Slesinger,Betty Smith"
2246250,Road to the Open,90.0,"Comedy, Drama",English,Cole Claassen,Cole Claassen
2286422,Sicko,113.0,Documentary,English,Michael Moore,Michael Moore
2334606,Taxi!,70.0,"Crime, Drama",English,Roy Del Ruth,"Kubec Glasmon,John Bright"
1937244,Happy Feet,108.0,"Kids & family, Adventure, Musical, Comedy, Animation",English,George Miller,"Warren Coleman,John Collee"
2212119,Portrait of a Zombie,,"Comedy, Drama, Horror",English,Bing Bailey,"Bing Bailey,Laura Morand Bailey"
2281722,Sherry Ann,,Drama,Thai,Charoon Wattanasin,
1944444,Hello Herman,85.0,Drama,English,Michelle Danner,John Buffalo Mailer
1914292,Gentleman's Fate,90.0,"Crime, Drama",English,Mervyn LeRoy,Leonard Praskins
2054178,Lassiter,100.0,Adventure,English,Roger Young,
1884637,Fat Albert,93.0,"Kids & family, Comedy",English,Joel Zwick,"Lowell Ganz,Bill Cosby"
2105960,Mask of Death,89.0,Action,English,David Mitchell,
2369688,The Flirting Club,90.0,Comedy,English (United Kingdom),"James Bedford,Alexander Jovy","James Bedford,Alexander Jovy"
2187831,Pandora's Promise,90.0,Documentary,English,Robert Stone,Robert Stone
1717301,Beat Street,105.0,Musical,English,Stan Lathan,"Andrew Davis,David Gilbert,Paul Golding,Steven Hager"
2174217,On the Verge,115.0,Comedy,English,Pete Balistrieri,Pete Balistrieri
1732327,Black Harvest,75.0,Documentary,English,"Robin Anderson,Bob Connolly",
2261630,Santa Fe Trail,110.0,Western,English,Michael Curtiz,Robert Buckner
1915445,Get Pony Boy,90.0,"Comedy, Horror",English,Juan Frausto,
2377683,The Hindenburg,125.0,Drama,English,Robert Wise,"Richard Levinson,William Link,Nelson Gidding"
2200433,Phar Lap,108.0,Drama,English,Simon Wincer,
2456881,Two Towns of Jasper,90.0,Documentary,English,"Marco Williams,Whitney Dow",
1766066,Chain Reaction,106.0,Action,English,Andrew Davis,"Arne Schmidt,Rick Seaman,Josh Friedman,J.F. Lawton,Michael Bortman"
1731723,Black Beauty,74.0,Drama,English,Max Nosseck,"Lillie Hayward,Agnes Christine Johnston"
1768273,Charly,106.0,Fantasy,English,Ralph Nelson,
1900007,Four Eyed Monsters,85.0,"Comedy, Drama, Romance",English,"Susan Buice,Arin Crumley","Susan Buice,Arin Crumley"
2476893,Very Little Time,80.0,"Fantasy, Mystery & thriller, Sci-fi",English,"Timothy Michael Wynn,Todd Wynn","Timothy Michael Wynn,Todd Wynn"
1993986,Jack and the Beanstalk,94.0,"Kids & family, Comedy, Adventure",English,Gary J. Tunnicliffe,"Flip Kobler,Cindy Marcus"
1810993,Dead End City,85.0,Sci-fi,English,Peter Yuval,
1811489,Dead Time: Kala,,,,Joko Anwar,
2358991,The Cowboy Counsellor,63.0,Western,English,George Melford,Jack Natteford
2493193,Westward Passage,73.0,Romance,English,Robert Milton,
2419758,The Three Caballeros,70.0,"Kids & family, Musical, Fantasy, Comedy",English,Norman Ferguson,
2339455,Terror in a Texas Town,80.0,Western,English,Joseph H. Lewis,Dalton Trumbo
2080050,Loch Ness,101.0,"Kids & family, Adventure",English,John Henderson,
1847609,Du côté de la côte,25.0,Documentary,French (Canada),Agnès Varda,Agnès Varda
1813581,Deceptive,101.0,"Drama, Mystery & thriller",English,Roderick Giles,Angelique Monet
1908672,G-Force,88.0,"Kids & family, Action, Adventure, Comedy",English,Hoyt H. Yeatman Jr.,"Cormac Wibberley,Marianne Wibberley"
1883578,Far,23.0,"Romance, Comedy, Sci-fi",English,Brian James Crewe,Marion Kerr
2495218,When a City Falls,106.0,Documentary,English,Gerard Smyth,Gerard Smyth
1782709,Colorado Sundown,67.0,Western,English,William Witney,"Eric Taylor,William Lively"
2233964,Reach for the Sky,123.0,"Biography, War",English,Lewis Gilbert,Lewis Gilbert
1987009,Intern Academy,99.0,Comedy,English,Dave Thomas,Dave Thomas
1735885,Blood Screams,81.0,Horror,English,Glenn Gebhard,
1991459,It Started in Naples,100.0,"Romance, Comedy",English,Melville Shavelson,"Melville Shavelson,Jack Rose,Suso Cecchi d'Amico"
1988473,Invasion of the Body Snatchers,115.0,Sci-fi,English,Philip Kaufman,"Jack Finney,W.D. Richter"
1723600,Betrayal,95.0,Drama,English,David Jones,Harold Pinter
2143756,Najma,121.0,"Drama, Romance",Hindi,Mehboob Khan,Agha Jani Kashmiri
2508561,X's & O's,93.0,"Comedy, Drama, Romance",English,Kedar Korde,
2155736,Nirvana,93.0,Drama,Russian,Igor Voloshin,Olga Larionova
1797355,Curse of the Pink Panther,100.0,Comedy,English,Blake Edwards,
2342968,The Absence of Light,77.0,"Horror, Action",English,Patrick Desmond,Patrick Desmond
2411585,The Seduction of Joe Tynan,107.0,Drama,English,Jerry Schatzberg,
1891498,Firaaq,101.0,Drama,Hindi,Nandita Das,"Nandita Das,Shuchi Kothari"
2473638,Vanishing Twin,94.0,Mystery & thriller,Korean,Yun Tae-yong,Yun Tae-yong
2009209,Kadal,164.0,"Romance, Drama",Tamil,Mani Ratnam,"Jeyamohan,Mani Ratnam"
1941426,Head of the Family,82.0,Horror,English,Charles Band,Neal Marshall Stevens
2230531,Rain or Shine,92.0,"Comedy, Drama",English,Frank Capra,
2410836,The Sea Shall Not Have Them,91.0,"War, Drama",English (United Kingdom),Lewis Gilbert,Lewis Gilbert
2213184,Pot o' Gold,86.0,"Musical, Comedy",English,George Marshall,"Andrew Bennison,Monte Brice,Harry Tugend,Walter DeLeon,Haydn Roth Evans,Robert Brilmayer"
2359863,The Cup Reader,12.0,"Comedy, Drama, Romance",Arabic,Suha Araj,Suha Araj
2431549,Thirty Proof Coil,81.0,"Horror, Mystery & thriller",English,Will Schmeckpeper,Will Schmeckpeper
1784653,Common Clay,88.0,Drama,English,Victor Fleming,"Jules Furthman,Cleves Kinkead"
2434686,Thunder Over Texas,50.0,Western,English,Edgar G. Ulmer,
1952894,Hitman,93.0,"Action, Mystery & thriller",English,Xavier Gens,Skip Woods
2080701,Lolo's Child,,,,Romeo Candido,
1841752,Dorothy Mills,101.0,"Mystery & thriller, Drama",English,Agnès Merlet,"Agnès Merlet,Juliette Sales"
1940385,Hawa,128.0,"Romance, Drama, Musical",Hindi,Guddu Dhanoa,"Sutanu Gupta,Sanjay Masoom"
1939585,Hatari!,159.0,Adventure,English,Howard Hawks,Leigh Brackett
2349867,The Big Wedding,90.0,"Romance, Comedy",English,Justin Zackham,Justin Zackham
2364416,The Dude Bandit,63.0,Western,English,George Melford,
2395317,The Most Fun You Can Have Dying,97.0,"Drama, Romance",English,Kirstin Marcon,Kirstin Marcon
1773902,Chow Down,75.0,Documentary,English,"Julia Grayer,Gage Johnston",
2236953,Reel Zombies,97.0,"Action, Comedy, Horror, Mystery & thriller",English,"David J. Francis,Mike Masters",Mike Masters
1794888,"Cry for Me, Billy",93.0,Western,English,William Graham,David Markson
2012814,Karam,120.0,Mystery & thriller,Hindi,Sanjay F. Gupta,
2291939,Ski School 2,92.0,Comedy,English,David Mitchell,
2350638,The Blackout,95.0,Comedy,English,Matt Hish,Keith Brown
2306885,Split Decision,75.0,Documentary,English,Marcy Garriott,
2054897,Last Summer at Coney Island,94.0,Documentary,English,J.L. Aronson,
2125331,Mojados: Through the Night,65.0,Documentary,English,Tommy Davis,
1716318,Bay Rong,100.0,Action,Vietnamese,Le Thanh Son,Johnny Nguyen
2070939,Let's Face It,76.0,"Musical, Comedy",English,Sidney Lanfield,
2352329,The Bramble Bush,105.0,Drama,English,Daniel Petrie,
2309687,Stamboul Quest,88.0,Drama,English,Sam Wood,Herman J. Mankiewicz
1761470,Carry on Girls,88.0,Comedy,English,Gerald Thomas,Talbot Rothwell
1982358,In Your Face,105.0,Action,English,Tim Tommasino,"Aaron Christopher,Valerie Hiatt,Kristin Hornburg"
2319433,"Suds County, USA",115.0,Documentary,English,Sheldon Kaplan,Sheldon Kaplan
2490182,We Are Wisconsin,105.0,Documentary,English,Amie Williams,
1770190,Cherry 2000,93.0,Sci-fi,English,Steve De Jarnatt,"Lloyd Fonvielle,Michael Almereyda"
1693149,Apt Pupil,111.0,Drama,English,Bryan Singer,"Stephen King,Brandon Boyce"
2282688,Shining Night: A Portrait of Composer Morten Lauridsen,74.0,Documentary,English,Michael Stillwater,
2431073,Thieves Like Us,123.0,"Crime, Drama",English,Robert Altman,"Robert Altman,Joan Tewkesbury,Calder Willingham"
2175676,One Lucky Elephant,84.0,Documentary,English,Lisa Leeman,Cristina Colissimo
2415375,The Spirit Is Willing,100.0,Comedy,English,William Castle,Ben Starr
2204271,Pirate Radio USA,84.0,Documentary,English,Jeff Pearson,Jeff Pearson
1960604,Houseguest,109.0,Comedy,English,Randall Miller,
2379820,The Immortal Edward Lumley,92.0,"Adventure, Comedy, Fantasy",English,William Wall,William Wall
1861691,El perro,97.0,Drama,Spanish,Carlos Sorin,"Santiago Calori,Salvador Roselli,Carlos Sorin"
2316900,Strictly Ballroom,92.0,"Musical, Comedy",English,Baz Luhrmann,"Baz Luhrmann,Craig Pearce"
1911075,Gangsters of the Frontier,56.0,Western,English,Elmer Clifton,
1646058,A Climate for Killing,104.0,Mystery & thriller,English,J.S. Cardone,
2491725,Welcome Aboard Toxic Airlines,93.0,Documentary,English,Tristan Loraine,
2402519,The Plainsman,113.0,Western,English,Cecil B. DeMille,"Lynn Riggs,Harold Lamb,Waldemar Young"
2483375,Von Ryan's Express,117.0,War,English,Mark Robson,"Wendell Mayes,Joseph Landon,David Westheimer,Saul David"
2235857,Red Dirt,110.0,"Drama, Romance",English,Tag Purvis,
1865793,Elysium,109.0,"Sci-fi, Action, Drama",English,Neill Blomkamp,Neill Blomkamp
2178736,Operation Terror,91.0,Mystery & thriller,English,Paul Cross,Art Olivier
1711562,Bamako,118.0,Drama,Bambara,Abderrahmane Sissako,Abderrahmane Sissako
1838208,Dogman,95.0,Mystery & thriller,English,Richard Brauer,Richard Brauer
2182968,Out for Blood,86.0,Action,English,Richard W. Munchkin,"Robert Easter,Neva Friedenn,Paul Maslak"
1993807,Jab Pyar Kisise Hota Hai,150.0,"Romance, Musical",Hindi,Nasir Hussain,"Nasir Hussain,Anis Khan"
1664078,Accomplice,68.0,"Crime, Drama",English,Walter Colmes,
2207270,Pleasurecraft,82.0,Sci-fi,English,Franklin Adreon Vallette,
1801227,Damn Yankee Day,93.0,"Comedy, Drama",English,Robert Shupe,Robert Shupe
2242998,Rich in Love,105.0,Drama,English,Bruce Beresford,Alfred Uhry
2223716,Pure Race,115.0,Drama,English,Rocco DeVilliers,"Rocco DeVilliers,Fred Hunting"
1714362,Barood,166.0,"Action, Crime, Drama, Mystery & thriller",Hindi,Pramod Chakravorty,"Rajeev Kaul,Praful Parekh"
1986220,Insight of Evil,82.0,Horror,English,Nigel Hartwell,Nigel Hartwell
1661610,Aaj Ka Arjun,164.0,"Action, Crime, Drama",Hindi,K.C. Bokadia,
2383510,The Lady,127.0,"Drama, Biography",English,Luc Besson,Rebecca Frayn
1793842,Crooked Mick of the Speewah,11.0,"Adventure, Comedy, Fantasy, Animation",English,Philip R. Smith,Philip R. Smith
2356023,The China Syndrome,122.0,"Mystery & thriller, Drama",English,James Bridges,
1645902,A Christmas Story,93.0,"Kids & family, Holiday, Comedy",English,Bob Clark,"Leigh Brown,Bob Clark,Jean Shepherd,Jean Shepherd"
1733401,Blackhats,,"Action, Drama, Mystery & thriller",English,Laron Austin,"Martin L. Kelley,Eddie Davis Singleton"
2304788,Spartan,107.0,Mystery & thriller,English,David Mamet,David Mamet
1984456,Inherit the Wind,127.0,Drama,English,Stanley Kramer,"Jerome Lawrence,Robert E. Lee,Nedrick Young,Harold Jacob Smith"
2294931,Small Wonders,76.0,Documentary,English,Allan Miller,
1981673,In the Name of the King: A Dungeon Siege Tale,124.0,"Adventure, Action, Fantasy",English,Uwe Boll,Doug Taylor
2084852,Lost Heroes,110.0,Documentary,English,Will Pascoe,Will Pascoe
2249584,Romeo and Juliet: A Love Song,97.0,Musical,English,Tim van Dammen,
1713184,Barbershop 2: Back in Business,106.0,Comedy,English,Kevin Rodney Sullivan,Don D. Scott
1793628,Critical Mass,95.0,"Action, Mystery & thriller",English,Fred Olen Ray,Sean McGinly
1954543,Hollywood Boulevard II,82.0,Comedy,English,Steve Barnett,
2234322,Real Life,90.0,Comedy,English,Francis Megahy,
1921906,God's Gift to Women,72.0,"Romance, Comedy",English,Michael Curtiz,
1767846,Charles Lloyd: Arrows Into Infinity,114.0,"Documentary, Biography, Music",English,"Dorothy Darr,Jeffery Morse",Michael Collins
2262553,Sargam,145.0,Drama,Hindi,K. Viswanath,"Jainendra Jain,K. Viswanath"
1885897,Fear of a Black Republican,111.0,"Documentary, History, Drama",English,Kevin Williams,
2321620,Sunset Pass,58.0,Western,English,William Berke,
2098450,Malevolence,95.0,Drama,English,Belle Avery,
1681412,American Reunion,112.0,Comedy,English,"Jon Hurwitz,Hayden Schlossberg","Jon Hurwitz,Hayden Schlossberg"
2432273,This Means War,97.0,"Action, Comedy",English,McG,"Timothy Dowling,Simon Kinberg"
2185858,Pad Yatra: A Green Odyssey,70.0,"Documentary, Adventure",English,Wendy J.N. Lee,
1924107,Good Bye Lenin!,121.0,"Comedy, Drama",German,Wolfgang Becker,"Wolfgang Becker,Bernd Lichtenberg"
2352860,The British Guide to Showing Off,98.0,"Documentary, Biography, Comedy, Drama",English (United Kingdom),Jes Benstock,
2286538,Sidekick,87.0,"Fantasy, Adventure",English,Blake Van de Graaf,Michael Sparaga
1692872,Approaching Midnight,86.0,"Action, Crime, Drama",English,Sam Logan Khaleghi,Sam Logan Khaleghi
1835868,Divergence,113.0,Drama,English,Patrick J. Donnelly,Patrick J. Donnelly
1714568,Barry McKenzie Holds His Own,93.0,Comedy,English,Bruce Beresford,
2425737,The Way of the Gun,119.0,"Crime, Drama",English,Christopher McQuarrie,Christopher McQuarrie
1778958,Cleo/Leo,94.0,Fantasy,English,Chuck Vincent,
2464019,Uncanny Terrain,,Documentary,Japanese,"Junko Kajino,Ed Koziarski","Junko Kajino,Ed Koziarski"
1774414,Christmas Nightmare,90.0,"Horror, Mystery & thriller",English,Vince Di Meglio,"Vince Di Meglio,Tim Rasmussen"
2155129,Nine Lives Are Not Enough,63.0,"Crime, Drama",English,A. Edward Sutherland,
2198693,Persepolis,95.0,"Drama, Animation",English,"Vincent Paronnaud,Marjane Satrapi","Marjane Satrapi,Vincent Paronnaud"
2073884,Life Is Love,78.0,Documentary,English,"Halfdan Hussey,Kathleen J. Powell",
2414378,The Snowman,26.0,"Holiday, Drama, Animation",English (United Kingdom),"Jimmy T. Murakami,Dianne Jackson",Raymond Briggs
2421303,The Trial of Billy Jack,175.0,Drama,English,Tom Laughlin,"Tom Laughlin,Delores Taylor"
2236904,Reel Injun,86.0,Documentary,English,Neil Diamond,"Neil Diamond,Catherine Bainbridge,Jeremiah Hayes"
2355520,The Chant of Jimmie Blacksmith,108.0,Drama,English,Fred Schepisi,Fred Schepisi
1650096,A Hand Full of Dirt,90.0,Drama,English,Russell Watson,Russell Watson
2442685,Too Many Crooks,85.0,Comedy,English,Mario Zampi,Michael Pertwee
2174059,On the Run,94.0,"Comedy, Drama",English,Bruno de Almeida,Joseph Minion
2381018,The Invisible String,94.0,"Documentary, Biography",Unknown language,Jan Bäss,"Jan Bäss,Gregor Marter,Michael Osterhoff"
2411449,The Secret Policeman's Private Parts,77.0,"Musical, Comedy",English,"Roger Graef,Julien Temple",
2162834,Nuit et brouillard,32.0,"Documentary, War",French (Canada),Alain Resnais,Jean Cayrol
1792613,Creature,97.0,Sci-fi,English,William Malone,"William Malone,Alan Reed"
2312004,Stealing Summers,75.0,"Crime, Drama, Mystery & thriller",English,David Martín Porras,Matt Lester
2292193,Skinning,98.0,"Action, Crime, Drama",Serbian,Stevan Filipović,"Stevan Filipović,Stasa Koprivica,Dimitrije Vojnov,Natasa Vranjes"
2211460,Porky's,95.0,Comedy,English,Bob Clark,
1803621,Dare,90.0,"Drama, Lgbtq+",English,Adam Salky,David Brind
2496949,Where No Vultures Fly,97.0,"Adventure, Drama",English (United Kingdom),Harry Watt,W.P. Lipscomb
1714791,Baseball Girls,81.0,Documentary,English,Lois Siegel,
1991259,It Had to Be You,100.0,"Romance, Comedy",English,Steven Feder,Steven Feder
1911506,Garfield: A Tail of Two Kitties,78.0,"Kids & family, Comedy, Adventure",English,Tim Hill,"Joel Cohen,Alec Sokolow"
1645120,A Burlesque on Carmen,60.0,Comedy,,Charlie Chaplin,
1780613,Coast Modern,56.0,"Documentary, History, Drama",English,"Mike Bernard,Gavin Froome","Peter Roeck,Spencer Maybee"
1994879,Jaffa,106.0,Drama,Hebrew,Keren Yedaya,"Illa Ben Porat,Keren Yedaya"
1880964,Faeryville,95.0,"Action, Fantasy",English,Tzang Merwyn Tong,Tzang Merwyn Tong
1826800,Dick Tracy vs. Cueball,62.0,"Crime, Drama",English,Gordon Douglas,"Dane Lussier,Robert E. Kent"
2516830,Z.P.G.,95.0,Sci-fi,English,Michael Campus,"Frank De Felitta,Max Ehrlich"
2363080,The Disciple,50.0,Western,,William S. Hart,
2514972,Young Lady Chatterley,100.0,Drama,English,Alan Roberts,
2320517,Summer Camp,90.0,Comedy,English,Chuck Vincent,Avrumie Schnitzer
2326019,Sweet Jane,83.0,Drama,English,Joe Gayton,Joe Gayton
1894614,Flight Command,113.0,Drama,English,Frank Borzage,
2426566,The White Parade,80.0,"Comedy, Drama",English,Irving Cummings,"Sonya Levien,Ernest Pascal,Jesse Lasky Jr.,James Lasky"
2358314,The Cook,22.0,Comedy,,"Roscoe ""Fatty"" Arbuckle","Roscoe ""Fatty"" Arbuckle"
2355553,The Charge of the Light Brigade,116.0,Action,English,Michael Curtiz,"Michael Jacoby,Rowland Leigh"
1651739,A Line in the Sand,85.0,"Drama, War",English,Rob Botts,"Rob Botts,Chris Montgomery-Bender"
1815517,Delta Heat,91.0,Action,English,Michael Fischa,
2298784,Soldier's Revenge,88.0,Action,English,David Worth,"Lee Stull,David Worth"
1758543,Cannonball Run II,108.0,Comedy,English,Hal Needham,
2326529,Swim Little Fish Swim,95.0,"Comedy, Drama",English,"Ruben Amar,Lola Bessis","Ruben Amar,Lola Bessis"
2510026,Y2K,103.0,"Mystery & thriller, Action",English,Richard Pepin,"Carl Chapman,Terry Cunningham,Mick Dalrymple"
2289010,Sin in the Suburbs,88.0,Drama,English,Joseph W. Sarno,Joseph W. Sarno
1663214,Above Suspicion,95.0,Drama,English,Stephen La Rocque,
2420652,The Towering Inferno,165.0,"Action, Mystery & thriller",English,"John Guillermin,Irwin Allen",Stirling Silliphant
1823776,Desvío al paraíso,,,,Gerardo Herrero,
1935968,Hands Across the Rockies,55.0,"Western, Action",English,Lambert Hillyer,
2226922,Quatorze Juillet,73.0,Romance,English,René Clair,
2382422,The Key,125.0,Romance,English,Carol Reed,Carl Foreman
1826205,Diamond Ruff,82.0,"Drama, Action",English,Alec Asten,Joe Young Jr.
2432047,This Is Not a Test,72.0,Sci-fi,English,Frederic Gadette,
2361816,The Delinquents,101.0,Romance,English,Chris Thomson,
2502084,"Win, Place or Steal",92.0,Comedy,English,Richard Bailey,Richard Bailey
2183773,Outland,109.0,Sci-fi,English,Peter Hyams,Peter Hyams
2193206,Passionflower,84.0,Drama,English,Shelagh Carter,Shelagh Carter
2100533,Mandy,93.0,Drama,English,Alexander Mackendrick,Nigel Balchin
1966104,I Am a Criminal,74.0,"Crime, Drama",English,William Nigh,
1928097,Green Grow the Rushes,79.0,Comedy,English,Derek N. Twist,
2065830,Leon the Pig Farmer,100.0,Comedy,English,"Gary Sinyor,Vadim Jean",
2391717,The Man Who Haunted Himself,94.0,Mystery & thriller,English (United Kingdom),Basil Dearden,Michael Relph
1739278,Bolero,106.0,Drama,English,John Derek,John Derek
1989723,Irreversi,,Mystery & thriller,English,Michael Gleissner,"Michael Gleissner,Mark Jacyszyn,Scott Kurttila,Andrew Lacrosse"
1954035,Hold Your Man,86.0,Romance,English,Sam Wood,
1851692,Earth vs. the Spider,73.0,Sci-fi,English,Bert I. Gordon,George Worthing Yates
2256043,Saaransh,137.0,Drama,Hindi,Mahesh Bhatt,
1922188,"Godzilla, King of the Monsters!",80.0,Sci-fi,English,"Terry Morse,Ishirô Honda","Takeo Murata,Ishirô Honda"
2158485,Nochnoy prodavets,,,,Valeri Rozhnov,
2065867,Leonard Part 6,95.0,Comedy,English,Paul Weiland,
2368524,The Fighting Redhead,57.0,Western,English,Lewis D. Collins,Thomas Evans
2121053,Mirage,109.0,Mystery & thriller,English,Edward Dmytryk,Peter Stone
2407304,The Rescue,98.0,Action,English,Ferdinand Fairfax,"Jim Thomas,John Thomas"
2028736,Kuntilanak,105.0,Horror,Indonesian,Rizal Mantovani,Alim Sudio
1678039,Along Came Love,72.0,"Comedy, Romance",English,Bert Lytell,Austin Strong
1980484,In Place Out of Time,45.0,Documentary,English,Erin Hudson,
2401977,The Pianist,113.0,Romance,English,Claude Gagnon,
2202677,Piggy,106.0,Mystery & thriller,English,Kieron Hawkes,Kieron Hawkes
2303682,Southside 1-1000,73.0,Mystery & thriller,English,Boris Ingster,
2230739,Raise Your Voice,106.0,Drama,English,Sean McNamara,"Sam Schreiber,Mitch Rotter"
1842765,Double Speed,,"Comedy, Drama",English,Sam Wood,Byron Morgan
2396949,The New Centurions,103.0,Drama,English,Richard Fleischer,
2522704,¡Cómo está el servicio!,92.0,Comedy,Spanish (Spain),Mariano Ozores,"Vicente Coello,Mariano Ozores"
1640204,3 Mile Limit,105.0,"Adventure, Drama, Romance",English,Craig Newland,"Andrew Gunn,Craig Newland"
2494345,What Maisie Knew,98.0,Drama,English,"Scott McGehee,David Siegel","Nancy Doyne,Carroll Cartwright"
2418814,The Telephone Book,88.0,Comedy,English,Nelson Lyon,Nelson Lyon
2418324,The Taking of Pelham One Two Three,104.0,"Mystery & thriller, Action, Crime, Drama",English,Joseph Sargent,"John Godey,Peter Stone"
2503022,Winter's Wind,60.0,"Adventure, Drama",English,Matt Herriger,Matt Herriger
1881210,Fairhaven,81.0,"Comedy, Drama",English,Tom O'Brien,"Tom O'Brien,Chris Messina"
2130001,Mosquito,92.0,Horror,English,Gary Jones,"Tom Chaney,Steve Hodge,Gary Jones"
1953660,Hog Wild,97.0,Comedy,English,Les Rose,
2052329,Land of the Free,96.0,Action,English,Jerry Jameson,Maria James
2117581,Midnight Cowboy,113.0,Drama,English,John Schlesinger,"James Leo Herlihy,Waldo Salt"
2362290,The Devil at Your Heels,102.0,Documentary,English,Robert Fortier,
2403372,The Power of Community: How Cuba Survived Peak Oil,53.0,Documentary,English,Faith Morgan,"Faith Morgan,Eugene 'Pat' Murphy"
1739592,Bombardier,99.0,War,English,Richard Wallace,
1748011,Brothers Three: An American Gothic,98.0,Drama,English,Paul Kampf,Paul Kampf
2194978,Payback,101.0,"Action, Mystery & thriller",English,Brian Helgeland,"Donald E. Westlake,Brian Helgeland,Terry Hayes"
2425605,The Watermen,94.0,"Horror, Mystery & thriller",English,Matt L. Lockhart,Matt L. Lockhart
1717517,Beau Bandit,71.0,Western,English,Lambert Hillyer,
1877167,Evil Under the Sun,102.0,Mystery & thriller,English,Guy Hamilton,
2175688,One Man Army,79.0,Action,English,Cirio H. Santiago,Daryl Haney
2060070,Le matou,140.0,Drama,French (Canada),Jean Beaudin,
2220436,Proloy,,"Crime, Drama",Bangla,Raj Chakraborty,Raj Chakraborty
2375730,The Guilty,107.0,Mystery & thriller,English,Anthony Waller,Will Davies
2394030,The Millionaire Tour,95.0,Drama,English,Inon Shampanier,"Natalie Shampanier,Inon Shampanier"
1645928,A Chump at Oxford,63.0,Comedy,English,Alfred Goulding,
1686479,And So They Were Married,74.0,Comedy,English,Elliott Nugent,
2250661,Rosario Tijeras,126.0,"Crime, Drama, Romance",Spanish,Emilio Maillé,"Marcelo Figueras,Jorge Franco Ramos"
2377854,The Hit List,90.0,"Action, Mystery & thriller",English,William Kaufman,"Chad Law,Evan Law"
2386017,The Legend of Pale Male,85.0,Documentary,English,Frederic Lilien,
1848088,"Dude, Where's My Car?",83.0,Comedy,English,Danny Leiner,Philip Stark
1640834,36 Hours,115.0,Mystery & thriller,English,George Seaton,
1752782,Butterflies Are Free,109.0,"Comedy, Drama",English,Milton Katselas,
2218614,Private Hell 36,81.0,"Crime, Drama",English,Don Siegel,
2351445,The Bonfire of the Vanities,126.0,"Comedy, Drama",English,Brian De Palma,Michael Cristofer
2184115,Outward Bound,82.0,Drama,English,Robert Milton,
1781918,Cold Steel,90.0,"Crime, Drama",English,Dorothy Ann Puzo,Lisa M. Hansen
2129910,Moscow Zero,82.0,Mystery & thriller,English,María Lidón,Adela Ibañez
1825207,Devotion,107.0,Biography,English,Curtis Bernhardt,
1793540,CrissCross,100.0,Drama,English,Chris Menges,Scott Sommer
2349906,The Biggest Chinese Restaurant in the World,80.0,Documentary,Chinese,Weijun Chen,
1956699,Honeymooner,74.0,Comedy,English,Col Spector,Col Spector
2104176,Marked for Murder,56.0,Western,English,Elmer Clifton,
1707955,Back to God's Country,75.0,Adventure,,David M Hartford,James Oliver Curwood
2419313,The Texas Rangers,74.0,Western,English,Phil Karlson,Richard Schayer
1948953,Hider in the House,109.0,Mystery & thriller,English,Matthew Patrick,Lem Dobbs
2366674,The Extra Girl,70.0,Comedy,,F. Richard Jones,
1936912,Happiness Ahead,86.0,"Musical, Comedy",English,Mervyn LeRoy,"Harry Sauber,Brian Marlow"
2089195,Lucky Bastard,94.0,Mystery & thriller,English,Robert Nathan,"Lukas Kendall,Robert Nathan"
1664610,Acoustic Routes,102.0,Documentary,English (United Kingdom),Jan Leman,Jan Leman
2355397,The Challenge of Rin Tin Tin,90.0,Western,English,Robert G. Walker,
2283959,Shooting April,89.0,"Comedy, Drama",English,Tod Lancaster,Tod Lancaster
2456915,Two Weeks,98.0,"Comedy, Drama",English,Steve Stockman,Steve Stockman
1764955,Cemetery Junction,95.0,Comedy,English,"Ricky Gervais,Stephen Merchant","Ricky Gervais,Stephen Merchant"
1640008,3 Américas,98.0,Drama,English,Cristina Aurora Kotz Cornejo,Cristina Aurora Kotz Cornejo
2419027,The Tenant,96.0,"Horror, Mystery & thriller",English,Ric La Monte,Ric La Monte
2407521,The Return of Doctor X,62.0,Horror,English,Vincent Sherman,Lee Katz
1642288,52 Pick-Up,109.0,"Crime, Drama, Mystery & thriller",English,John Frankenheimer,"Elmore Leonard,John Steppling"
2326388,Sweethearts of the Prison Rodeo,89.0,Documentary,English,Bradley Beesley,Bradley Beesley
2411890,The Seven Little Foys,95.0,Biography,English,Melville Shavelson,"Jack Rose,Melville Shavelson"
2113857,Mera Haque,135.0,Action,Hindi,Ajay Kashyap,"Ajay Kashyap,Anwar Khan"
2311156,Starship Invasions,87.0,Sci-fi,English,Ed Hunt,
1878439,Experiment in Terror,123.0,"Crime, Drama",English,Blake Edwards,
1803694,Daredevils of the Red Circle,210.0,Adventure,English,"William Witney,John English",
2070708,Let Me Out,,"Comedy, Drama, Horror",Korean,"Kim Chang-lae,Jae Soh","Kim Chang-lae,Jae Soh"
2365284,The Emerald Diamond,92.0,Documentary,English,John Fitzgerald,
1771949,Children of Men,109.0,"Sci-fi, Mystery & thriller",English,Alfonso Cuarón,"Alfonso Cuarón,David Arata,Timothy J. Sexton,Hawk Ostby,Mark Fergus"
2286187,Siam Sunset,91.0,Comedy,English,John Polson,"Max Dann,Andrew Knight"
2021602,Kismet,,"Drama, Fantasy",English,John Francis Dillon,
1647781,A Dog of Flanders,100.0,Drama,English,Kevin Brodie,"Kevin Brodie,Robert Singer"
2385885,The Legend of Billie Jean,96.0,Drama,English,Matthew Robbins,
2452253,Truth Be Tolled,105.0,Documentary,English,William H. Molina,
1845215,Dream House,92.0,Mystery & thriller,English,Jim Sheridan,David Loucka
2200837,Phir Bhi Dil Hai Hindustani,180.0,Drama,Hindi,Aziz Mirza,"Sanjay Chhel,Raaj Kumar Dahima,Manoj Lalwani"
1827186,Die Another Day,130.0,"Action, Adventure",English,Lee Tamahori,"Neal Purvis,Robert Wade"
2405775,The Rain People,102.0,Drama,English,Francis Ford Coppola,
2020463,King of Chinatown,62.0,Documentary,English,"Jordan Levinson,Calvin Theobald",
2102068,Maqsad,200.0,"Action, Crime, Drama, Musical",Hindi,K. Bapaiah,"Kader Khan,Paruchuri Murali,Gopalakrishna Paruchuri"
2298609,Solaris,99.0,"Sci-fi, Mystery & thriller, Romance",English,Steven Soderbergh,"Steven Soderbergh,Stanislaw Lem"
2382257,The Karate Kid,140.0,"Kids & family, Drama",English,Harald Zwart,Christopher Murphey
2289867,Sinister,109.0,"Horror, Mystery & thriller",English,Scott Derrickson,"Scott Derrickson,C. Robert Cargill"
1693039,Aprile,78.0,Comedy,Italian,Nanni Moretti,Nanni Moretti
2109211,McQ,116.0,"Crime, Drama",English,John Sturges,Lawrence Roman
2026630,Kranti,,,,Naresh Malhotra,
1893615,"Flags, Feathers and Lies",85.0,Documentary,English,Pablo Palacios,
2203976,Pinup Dolls on Ice,85.0,Horror,English,"Geoff Klein,Melissa Mira",Michael Penning
1991808,It's All About Love,105.0,"Sci-fi, Mystery & thriller",English,Thomas Vinterberg,
1658740,A Thousand and One Journeys: The Arab Americans,90.0,Documentary,English,Abe Kasbo,"Gia M. Amella,Abe Kasbo"
2219475,Proceed and Be Bold!,90.0,Documentary,English,Laura Zinger,
2179205,Or,100.0,Drama,Hebrew,Keren Yedaya,"Keren Yedaya,Sari Ezouz"
2233295,Ravenous,100.0,Horror,English,Antonia Bird,Ted Griffin
2395058,The Moon Is Blue,99.0,Comedy,English,Otto Preminger,
1647962,A Dream in Doubt,56.0,Documentary,English,Tami Yeager,"Tami Yeager,Valerie Kelly"
2020365,King Frat,82.0,Comedy,English,Ken Wiederhorn,Ron Kurz
2400279,The Pamela Principle,94.0,Mystery & thriller,English,Paul Thomas,"Alan Gries,Robyn Sullivent,Paul Thomas"
1700194,Así del precipicio,110.0,Drama,Spanish,Teresa Suárez,Teresa Suárez
2296093,Snapdragon,96.0,Mystery & thriller,English,Worth Keeter,"Gene Church,Terri Treas"
1668052,After Earth,99.0,"Sci-fi, Adventure, Action",English,M. Night Shyamalan,"Gary Whitta,M. Night Shyamalan"
2390101,The Magnificent Tati,60.0,Documentary,English,Michael House,Juliette Andrews
2119613,"Milwaukee, Minnesota",95.0,Drama,English,Allan Mindel,Richard Murphy
2380036,The Incredible Burt Wonderstone,100.0,Comedy,English,Don Scardino,"Jonathan M. Goldstein,John Francis Daley"
1738828,Bog,85.0,Horror,English,Don Keeslar,Carl Kitt
2324358,Suspicions,83.0,,,Michael Sperrazza,
1966214,I Am Gay and Muslim,59.0,"Documentary, Biography",English,Chris Belloni,Chris Belloni
2236111,Red Lights,118.0,Mystery & thriller,English,Rodrigo Cortés,Rodrigo Cortés
1662726,Aberration,93.0,Horror,English,Tim Boxell,
1761136,Carolina Blues,81.0,Musical,English,Leigh Jason,
2316236,Strayed,,,,Akan Satayev,
2189332,Papilio Buddha,108.0,Drama,Malayalam,Jayan Cherian,Jayan Cherian
2493117,Western Trails,58.0,Western,English,George Waggner,
1937260,Happy Gilmore,92.0,Comedy,English,Dennis Dugan,"Tim Herlihy,Adam Sandler"
1908911,Gabi on the Roof in July,99.0,Comedy,English,Lawrence Michael Levine,"Lawrence Michael Levine,Kate Kirtz"
2189978,Paradise Lost: The Child Murders at Robin Hood Hills,150.0,Documentary,English,"Joe Berlinger,Bruce Sinofsky",
1843301,Down in the Valley,114.0,Drama,English,David Jacobson,David Jacobson
1724886,Beyond the Call,82.0,Documentary,English,Adrian Belic,Adrian Belic
2270121,Secret Games II (The Escort),83.0,Drama,English,Gregory Dark,
2173869,On the Line: Dissent in an Age of Terrorism,55.0,Documentary,English,Peter Glenn,
1832893,Dil Hai Tumhaara,180.0,"Comedy, Drama",Hindi,Kundan Shah,"Kundan Shah,Rajkumar Santoshi,Subrat Sinha"
2072302,Liar Liar,87.0,Comedy,English,Tom Shadyac,"Paul Guay,Stephen Mazur"
2407742,The Revengers,112.0,Western,English,Daniel Mann,Wendell Mayes
2206885,Playmaker,88.0,Mystery & thriller,English,Yuri Zeltser,
1691567,Any Wednesday,109.0,Comedy,English,Robert Ellis Miller,
1945967,Her Minor Thing,91.0,"Romance, Comedy",English,Charles Matthau,
1688519,Angus,89.0,"Comedy, Drama",English,Patrick Read Johnson,
2129838,Mosaferan,90.0,Drama,Persian,Bahram Beyzaie,Bahram Beyzaie
2000512,Jill Rips,90.0,Mystery & thriller,English,Anthony Hickox,
2514259,You Were Meant for Me,92.0,"Musical, Comedy",English,Lloyd Bacon,
2139602,My Sassy Girl,92.0,"Comedy, Drama, Romance",English,Yann Samuell,"Victor Levin,Kwak Jae-yong"
2107571,Matty Hanson and the Invisibility Ray,88.0,"Adventure, Sci-fi",English,William Fruet,
1835372,Disorganized Crime,101.0,Comedy,English,Jim Kouf,
2426703,The Whole Truth,84.0,"Mystery & thriller, Crime, Drama",English,John Guillermin,Jonathan Latimer
2116551,Miami Rhapsody,95.0,"Romance, Comedy",English,David Frankel,
2488852,Wasteland,80.0,"Adventure, Sci-fi",English,Kantz,"Kantz,Lucas Culshaw"
1724879,Beyond the Boundaries,63.0,Drama,English,Yonatan Nir,Nina Hawn Zale
1989894,Is My Face Red?,67.0,Comedy,English,William A. Seiter,"Casey Robinson,Ben Markson"
2443017,Tootie's Last Suit,97.0,Documentary,English,Lisa Katzman,
1783079,Coma,113.0,Sci-fi,English,Michael Crichton,Michael Crichton
2436776,Timber Falls,100.0,"Horror, Mystery & thriller",English,Tony Giglio,Dan Kay
2103263,Mariage à Mendoza,91.0,"Comedy, Drama",French (Canada),Edouard Deluc,"Edouard Deluc,Thomas Lilti"
1719387,Behind Enemy Lines,106.0,"Action, Adventure, War, Mystery & thriller",Czech,John Moore,"David Veloz,Zak Penn,Jim Thomas,John Thomas"
1771991,Children of the Corn: Genesis,81.0,"Horror, Mystery & thriller",English,Joel Soisson,Joel Soisson
1680406,America,95.0,"Drama, Mystery & thriller",Spanish,Sonia Fritz,"Sonia Fritz,Miguel Machalski,Lymari Nadal"
2295114,Smashing Time,96.0,Comedy,English,Desmond Davis,George Melly
1808588,Daybreakers,98.0,"Horror, Sci-fi",English,"Michael Spierig,Peter Spierig","Michael Spierig,Peter Spierig"
1691468,Anuvahood,88.0,Comedy,English,"Adam Deacon,Daniel Toland","Adam Deacon,Michael Vu"
1868572,End of the Line,105.0,Comedy,English,Jay Russell,Jay Russell
2264442,Sawan Ko Aane Do,153.0,"Musical, Drama, Romance",Hindi,Kanak Mishra,
2129050,More Than the Rainbow,87.0,Documentary,English,Dan Wechsler,
1868884,Enduring Love,97.0,"Mystery & thriller, Drama",English,Roger Michell,"Ian McEwan,Joe Penhall"
2368544,The Fighting Stallion,62.0,Western,English,Robert Emmett Tansey,
2108245,"Maxed Out: Hard Times, Easy Credit and the Era of Predatory Lenders",90.0,Documentary,English,James D. Scurlock,James D. Scurlock
2343059,The Accidental Tourist,121.0,Drama,English,Lawrence Kasdan,Frank Galati
1996026,Jan Dara,112.0,Drama,Thai,Nonzee Nimibutr,
2375356,The Green Years,127.0,Drama,English,Victor Saville,
1839997,Don't Fade Away,98.0,Drama,English,Luke Kasdan,Luke Kasdan
1705087,Awaydays,104.0,Drama,English,Pat Holden,Kevin Sampson
2241905,Revenge of the Nerds,90.0,Comedy,English,Jeff Kanew,"David Obst,Jeff Buhai,Miguel Tejada-Flores,Steve Zacharias,Tim Metcalfe"
2007946,Just Wright,101.0,"Romance, Comedy",English,Sanaa Hamri,Michael Elliot
2140682,"Mystery, Alaska",118.0,Comedy,English,Jay Roach,"David E. Kelley,Sean O'Byrne"
1963323,Hullumeelsus,,,,Kaljo Kiisk,
1811916,Deadly Swarm,90.0,Mystery & thriller,English,Paul Andresen,"John Dombrow,William H. Stewart"
2229131,Race for Glory,96.0,Action,English,Rocky Lang,
2301039,Sone Pe Suhaaga,163.0,"Crime, Drama",Hindi,K. Bapaiah,R. Selvaraj
2373209,The Glove,91.0,Action,English,Ross Hagen,
1921647,God Bless America,107.0,Comedy,English,Bobcat Goldthwait,Bobcat Goldthwait
1688240,Angels Over Broadway,80.0,Comedy,English,Ben Hecht,Ben Hecht
1712807,Bar 20,54.0,Western,English,Lesley Selander,"Morton Grant,Norman Houston,Michael Wilson"
2407938,The Rider and The Storm,16.0,"Documentary, Biography",English,"David Darg,Bryn Mooser",
2023254,Knock on Wood,103.0,Comedy,English,"Norman Panama,Melvin Frank",
2343250,The Addiction,82.0,Horror,English,Abel Ferrara,Nicholas St. John
2399800,The Outcast,90.0,Western,English,William Witney,
2233518,Ray,155.0,"Biography, History, Drama, Music",English,Taylor Hackford,"Robert Eisele,James L. White"
2254610,RUTZ: Global Generation Travel,75.0,"Kids & family, Documentary, Adventure",Portuguese (Brazil),António Caetano Faria,"Miguel Simal,José Castro Caldas"
2295548,Smokey and the Bandit II,101.0,Comedy,English,Hal Needham,"Jerry Belson,Brock Yates"
1746363,Bringing Rain,82.0,"Drama, Mystery & thriller, Romance",English,Noah Buschel,Noah Buschel
1923747,Gone,95.0,Mystery & thriller,English,Heitor Dhalia,Allison Burnett
2077313,Little Fugitive,87.0,Drama,English,Joanna Lipper,Joanna Lipper
2284987,SHReD: The Story of Asher Bradshaw,98.0,"Documentary, Biography",English,Kathy Herndl,
2130014,Mosquito Squadron,90.0,"War, Drama",English,Boris Sagal,"Donald S. Sanford,Joyce Perry"
1868290,Enchanted April,93.0,"Romance, Comedy",English,Mike Newell,Peter Barnes
1740687,Book of Shadows: Blair Witch 2,90.0,Horror,English,Joe Berlinger,"Joe Berlinger,Dick Beebe"
2169283,Off Jackson Avenue,80.0,Drama,English,John-Luke Montias,John-Luke Montias
1743417,Boys on the Run,97.0,Action,English,Pol Cruchten,"Frank Feitler,Randall Fontana"
2153790,Night of the Living Dead,96.0,Horror,English,George A. Romero,"George A. Romero,John A. Russo"
1931036,Gun Smugglers,61.0,Western,English,Frank McDonald,
2510205,Yaariyan,138.0,Drama,Punjabi,Deepak Grewal,Deepak Grewal
2453168,Tuba Atlantic,25.0,"Comedy, Drama",Norwegian,Hallvar Witzo,Linn-Jeanethe Kyed
2003034,Johnson Family Vacation,97.0,Comedy,English,Christopher Erskin,"Earl Richey Jones,Todd R. Jones"
2407335,The Resistance,89.0,War,English,Peng Zhang Li,"Peng Zhang Li,Scott Timmins"
1767982,Charlie and the Chocolate Factory,115.0,"Kids & family, Fantasy, Comedy",English,Tim Burton,"John August,Roald Dahl"
1815525,Delta of Venus,102.0,Drama,English,Zalman King,
2419045,The Tender Years,81.0,Drama,English,Harold D. Schuster,
2309922,Standby,90.0,"Romance, Comedy",English,"Rob Burke,Ronan Burke",Pierce Ryan
2064740,"Legend of the Goatman: Horrifying Monsters, Cryptids and Ghosts",69.0,Mystery & thriller,English,William Burke,
1896361,Folkswagon,20.0,Drama,English,Shachar Langlev,Shachar Langlev
2100937,Mania,120.0,Documentary,English,Dan Schaefer,Dan Schaefer
1719018,Before the Nickelodeon: The Cinema of Edwin S. Porter,60.0,Documentary,English,Charles Musser,Warren Leight
1661318,A/S/L: Age Sex Location,100.0,Drama,English,Devon Lyon,"Mark Anderson,Anthony Pierce"
1789799,Cost of a Soul,90.0,"Crime, Drama",English,Sean Kirkpatrick,Sean Kirkpatrick
1974981,Il grande sogno,,,,Michele Placido,
2080478,Loins of Punjab Presents,88.0,Comedy,English,Manish Acharya,"Manish Acharya,Anuvab Pal"
2120509,Ministry of Vengeance,95.0,Action,English,Peter Maris,"Brian D. Jeffries,Ann Narus,Mervyn Emeryys"
1786802,Conned,101.0,"Action, Comedy, Mystery & thriller",English,Arthur Luhn,Arthur Luhn
2151982,Next Time Ned,76.0,"Comedy, Drama",English (United Kingdom),Thomas McCue,Thomas McCue
1928239,Greening the Revolution,80.0,Documentary,English,Katie Curran,Katie Curran
2403017,The Polo Kid,,,,Nathaniel McCullagh,
2050693,Ladies Crave Excitement,69.0,Action,English,Nick Grinde,"John Rathmell,Wellyn Totman,W. Scott Darling"
2489053,Watch the Birdie,70.0,Comedy,English,Jack Donohue,
1879750,Eyes of Fire,106.0,Horror,English,Avery Crounse,
2465335,Undermind,108.0,"Mystery & thriller, Sci-fi",English,Nevil Dwek,Nevil Dwek
2496923,Where Love Has Gone,114.0,Drama,English,Edward Dmytryk,John Michael Hayes
2508619,X-Men: The Last Stand,105.0,"Action, Adventure, Fantasy, Sci-fi",English,Brett Ratner,"Zak Penn,Simon Kinberg"
1776755,Circle of Two,105.0,Romance,English,Jules Dassin,
1749348,Buddy Buddy,96.0,Comedy,English,Billy Wilder,
1776461,Cinerama Adventure,93.0,Documentary,English,David Strohmaier,David Strohmaier
2028861,Kurbagalar,92.0,Drama,Turkish,"Serif Goren,Zeki Ökten",
2215455,Prem Shastra,102.0,"Drama, Romance",Hindi,B.R. Ishara,
2397812,The Ninth Gate,133.0,Mystery & thriller,English,Roman Polanski,"Arturo Pérez-Reverte,John Brownjohn,Enrique Urbizu,Roman Polanski"
2010452,Kal Ki Awaz,167.0,Drama,Hindi,"B.R. Chopra,Ravi Chopra",Rahi Masoom Reza
1769997,Cheonggyecheon Medley,80.0,Documentary,English,Kelvin Kyung Kun Park,
1736141,BloodRayne,95.0,"Fantasy, Horror, Adventure, Action",English,Uwe Boll,Guinevere Turner
2265259,Scary or Die,94.0,Horror,English,"Bob Badway,Michael Emanuel,Igor Meglic","Bob Badway,Michael Emanuel"
2223954,Purpose,100.0,Drama,English,Alan Ari Lazar,"Ronnie Apteker,Alan Ari Lazar,Saki Missaikos,Thomas W. Roush"
2172173,Oliver Sherman,82.0,Drama,English,Ryan Redford,Ryan Redford
2377584,The Highest Pass,90.0,Documentary,English,Jon Fitzgerald,Adam Schomer
2503037,Winterhawk,98.0,Western,English,Charles B. Pierce,Charles B. Pierce
2450617,Tristana,98.0,Drama,Spanish,Luis Buñuel,"Julio Alejandro,Luis Buñuel,Benito Pérez Galdós"
2136568,Mutant Man,100.0,"Horror, Sci-fi",English,Suzanne DeLaurentiis,Suzanne DeLaurentiis
2422387,The Ugly Dachshund,93.0,"Kids & family, Comedy",English,Norman Tokar,"G.B. Stern,Albert Aley"
1651054,A Killing Affair,100.0,Drama,English,David Saperstein,
2294837,Small Small Thing,83.0,Drama,English,Jessica Vale,"Jessica Vale,Chuck Wendig"
1962122,Howard,95.0,"Documentary, Music",English,Don Hahn,Don Hahn
2406542,The Reckless Moment,82.0,"Mystery & thriller, Drama",English,Max Ophuls,"Mel Dinelli,Henry Garson,Elisabeth Sanxay Holding,Robert E. Kent,Robert W. Soderberg"
2485965,Waiting to Inhale,85.0,Documentary,English,Jed Riffe,Katherine Covell
1782587,Colony,88.0,Documentary,English,"Carter Gunn,Ross McDonnell",
2353219,The Brute,90.0,Drama,English,Gerry O'Hara,
1955942,Homeland,93.0,Drama,English,Michael Eldridge,Brad Rothschild
1691443,Anuradha,141.0,Drama,Hindi,Hrishikesh Mukherjee,"Rajinder Singh Bedi,D.N. Mukherjee,Shachin Bhowmick,Samir Chowdhary"
2501538,Will Penny,108.0,Western,English,Tom Gries,Tom Gries
1907004,Fun in Acapulco,97.0,"Musical, Comedy",English,Richard Thorpe,Allan Weiss
2071018,Let's Go to Prison,89.0,Comedy,English,Bob Odenkirk,"Robert Ben Garant,Thomas Lennon,Michael Patrick Jann"
1880864,Fade to Black,109.0,Documentary,English,"Patrick Paulson,Michael John Warren",
1748591,Brás Cubas,75.0,Drama,Portuguese (Brazil),Júlio Bressane,"Júlio Bressane,Antônio Medina"
2002612,John Q,118.0,Drama,English,Nick Cassavetes,James Kearns
2382743,The Killers,95.0,"Crime, Drama",English,Don Siegel,
2412397,The Sheik and I,104.0,"Documentary, Comedy",English,Caveh Zahedi,
1740833,Boomerang!,88.0,Drama,English,Elia Kazan,
2432399,This Time Tomorrow,82.0,"Drama, Romance",English,Shane Bissett,"Shane Bissett,Brendan McHugh"
2190128,Paraiso Travel,110.0,"Adventure, Drama, Romance",English,Simón Brand,"Jorge Franco Ramos,Juan Manuel Rendon"
2399687,The Other Side of the Mountain,103.0,"Romance, War",Korean,In Hak Jang,Joon Bai
2476535,Veronika Decides to Die,103.0,Drama,English,Emily Young,Roberta Hanley
1660463,A Wife Alone,69.0,Mystery & thriller,English,Justin Reichman,"Justin Reichman,Peter Friedman"
2236428,Red Swastik,131.0,Mystery & thriller,Hindi,Vinod Pande,Vinod Pande
2231589,Ramchand Pakistani,103.0,Drama,Urdu,Mehreen Jabbar,"Mohammad Ahmed,Javed Jabbar"
2117632,Midnight in the Garden of Good and Evil,155.0,"Drama, Lgbtq+",English,Clint Eastwood,
2337943,Ten Days,76.0,Drama,English,"Daniel Gonzalez,Rimas Morkunas",Daniel Gonzalez
2250876,Roseland,103.0,Drama,English,James Ivory,Ruth Prawer Jhabvala
2413707,The Skeleton Key,104.0,"Mystery & thriller, Horror",English,Iain Softley,Ehren Kruger
2257404,Sahara,97.0,War,English,Zoltan Korda,
2177283,Only You,108.0,"Romance, Comedy",English,Norman Jewison,Diane Drake
1741668,Born to Race: Fast Track,93.0,Action,English,Alex Ranarivelo,Steve Sarno
2026629,Kranti,188.0,"Adventure, Action, Drama",Hindi,Manoj Kumar,
1824868,Deviation,90.0,Mystery & thriller,English (United Kingdom),J.K. Amalou,
2262615,Sarkar,124.0,"Crime, Drama",Hindi,Ram Gopal Varma,Manish Gupta
2521135,Zone Troopers,86.0,"Sci-fi, Adventure, War",English,Danny Bilson,"Paul De Meo,Danny Bilson"
2303517,South Pacific,151.0,Musical,English,Joshua Logan,"Oscar Hammerstein II,Joshua Logan,James Michener,Paul Osborn"
2507167,Wrecked,91.0,Mystery & thriller,English,Michael Greenspan,Christopher Dodd
2220609,Promised Land,104.0,Drama,Arabic,Amos Gitai,"Amos Gitai,Marie-Jose Sanselme"
2078583,"Live, Love and Learn",78.0,"Romance, Comedy",English,George Fitzmaurice,
2177271,Only When I Dance,78.0,Documentary,English,Beadie Finzi,
1706877,Babul,142.0,Drama,Hindi,S.U. Sunny,Azm Bazidpuri
1668490,Afterglow,113.0,"Romance, Comedy",English,Alan Rudolph,Alan Rudolph
2502180,Windfall,81.0,"Documentary, Drama",English,Laura Israel,
1653831,A Name for Evil,74.0,Horror,English,Bernard Girard,
2373875,The Good Night,93.0,"Comedy, Drama, Romance",English,Jake Paltrow,Jake Paltrow
2492752,Werewolves in Heat,85.0,"Comedy, Horror",English,Lance Polland,
2446657,Train to Pakistan,111.0,"History, Drama",Hindi,Pamela Rooks,Pamela Rooks
2359104,The Cradle of Courage,50.0,Drama,,"William S. Hart,Lambert Hillyer","Frederick Bradbury,Lambert Hillyer"
2470289,Urban Roots,94.0,Documentary,English,Mark MacInnis,Mark MacInnis
2333525,Targets,92.0,Mystery & thriller,English,Peter Bogdanovich,"Polly Platt,Peter Bogdanovich,Peter Bogdanovich,Samuel Fuller"
2203502,Ping Pong,103.0,"Comedy, Drama",English,Po-Chih Leong,Jerry Liu
2379517,The Hustler,135.0,Drama,English,Robert Rossen,"Sidney Carroll,Robert Rossen,Walter Tevis"
2004619,Joy,,,,Julie Shles,
2436352,Tijuana Makes Me Happy,79.0,"Comedy, Drama, Romance",Spanish,Dylan Verrechia,"Dylan Verrechia,James Lefkowitz"
1848787,Dumbarton Bridge,98.0,Romance,English,Charles Koppelman,
2385482,The Laughing Mask,100.0,"Horror, Mystery & thriller",English,Michael Aguiar,Michael Aguiar
1688379,Angola 3: Black Panthers and the Last Slave Plantation,108.0,Documentary,English,Jimmy O'Halligan,
2315205,Straight Time,114.0,"Crime, Drama",English,Ulu Grosbard,"Jeffrey Boam,Edward Bunker,Nancy Dowd,Michael Gutmann,Alvin Sargent"
2466925,Union Pacific,135.0,Western,English,Cecil B. DeMille,"Walter DeLeon,C. Gardner Sullivan,Jesse Lasky Jr."
2454074,Turbo: A Power Rangers Movie,99.0,"Kids & family, Adventure",English,"Shuki Levy,David Winning","Shuki Levy,Shell Danielson"
2122068,Miss Gulag,80.0,Documentary,English,Maria Yatskova,"Maria Yatskova,Irina Vodar"
1943853,Helen,79.0,Drama,English,"Joe Lawlor,Christine Molloy","Joe Lawlor,Christine Molloy,Ben Slater"
1958137,Horror Express,88.0,Horror,English,Eugenio Martin,
1824818,Devi,98.0,Drama,Bangla,Satyajit Ray,"Prabhat Mukherjee,Satyajit Ray"
1712512,Bank Bang,,,,Argyris Papadimitropoulos,
1663506,Absolon,96.0,"Sci-fi, Mystery & thriller, Action",English,David Barto,Brad Mirman
2217547,Prince of Swine,100.0,Comedy,English,Mark Toma,Mark Toma
2299195,Solo,94.0,Action,English,Norberto Barba,
1841102,Doomsdayer,95.0,"Mystery & thriller, Action",English,Michael J. Sarna,Bob Couttie
1959247,Hot Pursuit,92.0,Comedy,English,Steven Lisberger,
1663979,Access to the Danger Zone,70.0,"Documentary, War",English,"Peter Casaer,Eddie Gregoor",
2217592,Prince Valiant,100.0,Adventure,English,Henry Hathaway,
2095259,Magic Rock,94.0,"Comedy, Drama, Romance",English,"Aditya Chandora,Bradley Gallo",Bradley Gallo
2228854,Raaz: The Mystery Continues,151.0,"Horror, Mystery & thriller",Hindi,Mohit Suri,
2455255,Twelve Miles Out,85.0,Drama,,Jack Conway,Joseph Farnham
1876836,Everything Went Down,86.0,"Comedy, Drama, Music",English,Dustin Morrow,Dustin Morrow
2399369,The Original Kings of Comedy,115.0,"Documentary, Comedy",English,Spike Lee,"Cedric the Entertainer,Steve Harvey,D.L. Hughley,Bernie Mac"
1947144,Heroes in Blue,60.0,"Crime, Drama",English,William Watson,
2358607,The Cottage,92.0,"Comedy, Horror",English,Paul Andrew Williams,Paul Andrew Williams
2454355,Turner Risk,112.0,"Drama, Mystery & thriller",English,Michael Dailey,"Michael Dailey,Morgan Lintz"
2393020,The Mechanic,92.0,"Action, Mystery & thriller",English,Simon West,"Richard Wenk,Lewis John Carlino"
1654647,A Passion for Giving,50.0,Documentary,,Robin Melanie Leacock,
2315613,Strangeland,86.0,Horror,English,John Pieplow,Dee Snider
2220717,Proof,86.0,Drama,English,Jocelyn Moorhouse,
2149084,Nekromantik 2,104.0,Horror,English,Jörg Buttgereit,"Jörg Buttgereit,Franz Rodenkirchen"
2427941,The Women Men Marry,60.0,Drama,English,Errol Taggart,
1735856,Blood Reunion,93.0,Horror,English,Jim DeVault,Jim DeVault
2101686,Mantera,117.0,"Action, Sci-fi",Malayalam,"Aliyar Ali Kutty,Miza Mohamad",
2385313,The Last War Crime,,Drama,English,The Pen,The Pen
1930971,Gun Brothers,79.0,Western,English,Sidney Salkow,
2193712,Pather Panchali,126.0,Drama,Bangla,Satyajit Ray,Satyajit Ray
2241853,Revenge of Billy the Kid,102.0,Horror,English,Jim Groom,
2357773,The Competition,126.0,Romance,English,Joel Oliansky,Joel Oliansky
1955407,Home Alone 3,102.0,"Kids & family, Comedy",English,Raja Gosnell,John Hughes
1945174,Henry & Me,68.0,"Kids & family, Adventure, Animation",English,Barrett Esposito,David I. Stern
1735978,Blood Warriors,96.0,Drama,English,Sam Firstenberg,
1815100,Delhi Safari,96.0,"Kids & family, Comedy, Adventure, Animation",Hindi,Nikhil Advani,"Nikhil Advani,Girish Dhamija,Suresh Nair,Milap Zaveri"
2078508,Live Nude Girls,92.0,"Comedy, Lgbtq+",English,Julianna Lavin,
2185416,Pa-ra-da,100.0,Drama,French (Canada),Marco Pontecorvo,"Marco Pontecorvo,Roberto Tiraboschi"
2375238,The Green,90.0,Drama,English,Steven Williford,Paul Marcarelli
1650841,A Jihad for Love,81.0,"Documentary, Lgbtq+",Arabic,Parvez Sharma,Parvez Sharma
2180078,Original Gangstas,98.0,Action,English,Larry Cohen,Aubrey K. Rattan
2285181,Shrooms,84.0,Horror,English,Paddy Breathnach,Pearse Elliott
1909131,Gag,81.0,Horror,English,Scott W. Mckinlay,Kirk Sever
1733173,Black Thunder,85.0,Adventure,English,Rick Jacobson,William C. Martell
2108684,Maybe Tomorrow,93.0,Drama,English,Michael Wolfe,Michael Wolfe
2377484,The Hiding,90.0,"Horror, Mystery & thriller",English,Ramon Hamilton,Dani Dixon
2360583,The Dark Knight,152.0,"Action, Adventure, Fantasy",English,Christopher Nolan,"Jonathan Nolan,Christopher Nolan"
1788900,Corn,97.0,"Drama, Mystery & thriller",English,Dave Silver,Dave Silver
1755010,Cadillac Man,97.0,Comedy,English,Roger Donaldson,Ken Friedman
2301736,Sons of Cuba,88.0,Documentary,Spanish,Andrew Lang,
1750280,Bulldog Courage,60.0,Western,English,Sam Newfield,
2223137,Puncture,100.0,"History, Drama",English,"Adam Kassen,Mark Kassen","Chris Lopata,Paul Danziger,Ela Thier"
1808017,David Jones Between the Wars: The Years of Achievement,78.0,"Documentary, Biography",English,"Adam Alive,Derek Shiel",Derek Shiel
2371433,The Games,97.0,Drama,English (United Kingdom),Michael Winner,
1972337,Idiocracy,84.0,"Comedy, Sci-fi",English,Mike Judge,"Mike Judge,Etan Cohen"
2416456,The Storm,76.0,Drama,English,William Wyler,Wells Root
2089953,Lullaby,96.0,Mystery & thriller,English,Darrell James Roodt,
2001778,Jodhaa Akbar,213.0,"Romance, History, Drama",Hindi,Ashutosh Gowariker,"Ashutosh Gowariker,Haidar Ali,K.P. Saxena"
1838048,Dog Soldiers,105.0,"Horror, Mystery & thriller",English,Neil Marshall,Neil Marshall
2373918,The Good Shepherd,91.0,Mystery & thriller,English,Lewin Webb,Brad Mirman
2434322,Through the Lens,2.0,Drama,English,Robert Cedric Bowden,Robert Cedric Bowden
1673811,Alfie Darling,102.0,Comedy,English,Ken Hughes,
1684846,Anaconda,89.0,Mystery & thriller,English,Luis Llosa,"Hans Bauer,Jim Cash,Jack Epps Jr."
1688453,Angry Monk: Reflections on Tibet,97.0,Documentary,Swedish,Luc Schaedler,Luc Schaedler
1804294,Dark Tower,91.0,Horror,English,Ken Wiederhorn,
1901403,Frankenweenie,87.0,"Kids & family, Fantasy, Animation",English,Tim Burton,John August
2349884,The Bigfoot Diaries,90.0,Comedy,English,Jamie Sharps,Jamie Sharps
2236270,Red River Valley,62.0,Western,English,Joseph Kane,
2271103,See What I'm Saying: The Deaf Entertainers Documentary,91.0,Documentary,English,Hilari Scarl,
1989204,Iraq for Sale: The War Profiteers,75.0,Documentary,English,Robert Greenwald,
1708064,Back to the Future Part III,118.0,"Comedy, Sci-fi, Western, Fantasy, Adventure",English,Robert Zemeckis,Bob Gale
1960521,House Party,100.0,Comedy,English,Reginald Hudlin,Reginald Hudlin
2236893,Reel Evil,80.0,Horror,English,Danny Draven,"Shane Bitterling,Danny Draven"
1695036,Armadillo,100.0,"Documentary, War",Danish,Janus Metz,Kasper Torsting
2193148,Passion's Desire,77.0,"Drama, Mystery & thriller",English,Mike Sedan,
2456613,Two of a Kind,88.0,Fantasy,English,John Herzfeld,
1705470,Ayodhyecha Raja,146.0,"Drama, History",Marathi,Shantaram Rajaram Vankudre,Munshi Ismail Farooque
2138721,My Kontrabida Girl,121.0,"Comedy, Romance",Filipino,Jade Castro,Jade Castro
1653903,A Necessary Ruin,30.0,Documentary,English,Evan Mather,Evan Mather
2352482,The Break-Up,107.0,"Romance, Comedy",English,Peyton Reed,"Vince Vaughn,Jeremy Garelick,Jay Lavender"
2403955,The Prime Gig,96.0,"Comedy, Drama",English,Gregory Mosher,William Wheeler
2318958,Subway,104.0,"Crime, Drama, Romance, Mystery & thriller",French (France),Luc Besson,Pierre Jolivet
2410198,The Sapphires,103.0,"Musical, Comedy",English,Wayne Blair,"Keith Thompson,Tony Briggs"
2001507,Jo Bole So Nihaal,100.0,Action,Hindi,Rahul Rawail,
2255982,Saajan Bina Suhagan,132.0,"Crime, Drama",Hindi,Saawan Kumar Tak,Kamleshwar
2021011,Kink Crusaders,74.0,"Documentary, Lgbtq+",English,Michael Skiff,
1959346,Hot Shots! Part Deux,89.0,Comedy,English,Jim Abrahams,"Jim Abrahams,Pat Proft"
1967101,I Dream Too Much,95.0,"Musical, Comedy",English,John Cromwell,"James Gow,Edmund H. North"
1886405,Feeling Sexy,,,,Davida Allen,
1960372,House of Luk,99.0,"Comedy, Drama",English,Derek Diorio,Dan Lalande
2135482,Murder on the Yukon,55.0,Adventure,English,Louis Gasnier,Milton Raison
2425601,The Watermelon,90.0,Comedy,English,Brad Mays,Michael Hemmingson
2147578,Nayakan,145.0,"Crime, Drama",Tamil,Mani Ratnam,Mani Ratnam
2243630,Riders of the Sage,55.0,Western,English,Harry S. Webb,
1725444,Bhai,147.0,"Action, Adventure",Hindi,Deepak S. Shivdasani,Kader Khan
1753543,Bye Bye Now,15.0,"Documentary, Drama",English,"Aideen O'Sullivan,Ross Whitaker",
2274227,Serenity,119.0,"Sci-fi, Action, Adventure",English,Joss Whedon,Joss Whedon
2256104,Saaya,160.0,Drama,Hindi,Anurag Basu,Amol Shetge
2363281,The Divine Woman,,"Drama, Romance",English,Victor Sjöström,Dorothy Farnum
1923813,Gone in Sixty Seconds,117.0,"Action, Mystery & thriller",English,Dominic Sena,Scott Rosenberg
2287490,Silence,90.0,Mystery & thriller,English,Tom Whitus,
1943662,Heist: Who Stole the American Dream?,90.0,Documentary,English,"Frances Causey,Donald Goldmacher","Frances Causey,Hollis Rich"
2347947,The Beach Boys: An American Band,103.0,Documentary,English,Malcolm Leo,
2451370,Trouble Busters,55.0,Western,English,Lewis D. Collins,
2494061,What Happened Was...,91.0,Drama,English,Tom Noonan,
2293796,Sleuth,138.0,Mystery & thriller,English,Joseph L. Mankiewicz,Anthony Shaffer
2397519,The Night Club,60.0,Comedy,English,"Paul Iribe,Frank Urson",
2227295,Queen of the Yukon,74.0,Drama,English,Phil Rosen,
1906473,Fugly!,100.0,Comedy,English,Alfredo De Villa,"John Leguizamo,Kathy DeMarco"
1761343,Carrie,98.0,Horror,English,Brian De Palma,"Lawrence D. Cohen,Stephen King"
1794373,Crow Hollow,69.0,"Crime, Drama",English,Michael McCarthy,
2089976,Lullaby of Broadway,93.0,"Musical, Comedy",English,David Butler,
1670874,Airport 1975,107.0,Mystery & thriller,English,Jack Smight,Don Ingalls
2138061,My Favorite Martian,93.0,Comedy,English,Donald Petrie,"Anthony L. Greene,Sherri Stoner,Deanna Oliver"
2280214,She,106.0,"Fantasy, Action, Adventure",English,Avi Nesher,
2087509,Love Story 2050,,"Sci-fi, Musical, Romance, Drama",Hindi,Harry Baweja,"Harry Baweja,Bhavani Iyer"
1780950,Cockneys vs Zombies,88.0,"Action, Comedy, Horror",English,Matthias Hoene,"James Moran,Lucas Roche"
1854893,Eight Legged Freaks,99.0,"Mystery & thriller, Comedy, Sci-fi",English,Ellory Elkayem,"Ellory Elkayem,Ellory Elkayem,Jesse Alexander,Randy Kornfield"
2311845,Stay Tuned,87.0,Comedy,English,Peter Hyams,"Tom S. Parker,Jim Jennewein"
2363191,The Distinguished Gentleman,113.0,Comedy,English,Jonathan Lynn,
2314180,Stone Cold,93.0,Action,English,Craig R. Baxley,Walter Doniger
2034012,L'incrédule,95.0,Drama,French (Canada),Federico Hidalgo,Federico Hidalgo
2216636,Preventive Warriors,,,,Michael Burns,
1980257,In My Father's Den,126.0,Drama,English,Brad McGann,Brad McGann
1704149,Avalon,76.0,"Drama, Mystery & thriller",Swedish,Axel Petersén,Axel Petersén
2313386,Still I Strive,92.0,Documentary,Khmer,"Adam Pfleghaar,A. Todd Smith","Adam Pfleghaar,A. Todd Smith"
1896180,Fog Island,72.0,Mystery & thriller,English,Terry Morse,
2464352,Unconditional Love,121.0,"Comedy, Drama, Lgbtq+",English,P.J. Hogan,"P.J. Hogan,Jocelyn Moorhouse"
2263025,Satanic Panic,82.0,Horror,English,Marc Selz,"Marc Selz,Karl Sundstrom"
2249825,Ronald Reagan: An American Journey,103.0,Documentary,English,Robert Kline,Robert Kline
2443744,Tormented,91.0,"Comedy, Horror",English,Jon Wright,Stephen Prentice
1927661,Great God Gold,65.0,Drama,English,Arthur Lubin,
1988273,Intruder,83.0,Horror,English,Scott Spiegel,
1985724,Inside Detroit,82.0,Drama,English,Fred F. Sears,
1772097,Children on Their Birthdays,102.0,Drama,English,Mark Medoff,"Douglas Sloan,Truman Capote"
2160552,Not Another Teen Movie,88.0,Comedy,English,Joel Gallen,"Mike Bender,Adam Jay Epstein,Andrew Jacobson,Phil Beauman,Buddy Johnson"
2121061,Mirage,92.0,Mystery & thriller,English,Paul Williams,
2235911,Red Ensign,69.0,Drama,English,Michael Powell,"Jerome Jackson,Michael Powell"
2286968,Sifir dedigimde,90.0,"Drama, Fantasy, Mystery & thriller",Turkish,Gokhan Yorgancigil,Gokhan Yorgancigil
2143619,Nailed,91.0,Drama,English,Joel Silverman,Joel Silverman
1898245,Forbidden Games,89.0,Mystery & thriller,English,Edward Holzman,
2144676,"Nancy, Please",84.0,"Comedy, Drama",English,Andrew Semans,"Will Heinrich,Andrew Semans"
2400712,The Passion of the Christ,126.0,Drama,Aramaic,Mel Gibson,"Benedict Fitzgerald,Mel Gibson"
2205723,Plastic,80.0,Horror,English,Jose Carlos Gomez,Jose Carlos Gomez
2092978,Machete,104.0,Action,English,"Robert Rodriguez,Ethan Maniquis","Robert Rodriguez,Álvaro Rodríguez"
2381929,The Journey of Natty Gann,101.0,"Kids & family, Adventure",English,Jeremy Kagan,Jeanne Rosenberg
1786379,Confessions of a Thug,105.0,"Crime, Drama, Musical",English,Daron Fordham,Daron Fordham
1919563,Giuliani Time,130.0,Documentary,English,Kevin Keating,
2154645,Nikaah,100.0,Drama,Urdu,B.R. Chopra,Achala Nagar
2103400,Marie Antoinette,123.0,"History, Drama",English,Sofia Coppola,Sofia Coppola
1735748,Blood of Redemption,81.0,"Action, Crime, Drama",English,"Giorgio Serafini,Shawn Sourgose","Rey Reyes,Giorgio Serafini,Shawn Sourgose"
1664719,Across the Bridge,103.0,"Crime, Drama",English,Ken Annakin,
2259088,Salvation,98.0,Drama,English,Paul Cox,
2179526,Orchestra of Exiles,85.0,Documentary,English,Josh Aronson,Josh Aronson
1935183,Hamesima X,94.0,"Action, Drama, Sci-fi",Hebrew,"Yuval Ovadia,Or Yashar","Prosper Malka,Yuval Ovadia"
1852695,Echo Park,93.0,Comedy,English,Robert Dornhelm,
2315446,Strange Days,145.0,Mystery & thriller,English,Kathryn Bigelow,"James Cameron,Jay Cocks"
2373137,The Glimmer Man,92.0,Action,English,John Gray,Kevin Brodbin
1999582,"Jesus, Mary and Joey",107.0,"Comedy, Drama, Romance",English,James Quattrochi,Vincent Pagano
1917847,Ginostra,138.0,"Drama, Crime, Mystery & thriller",English,Manuel Pradal,Manuel Pradal
2283664,Shogun Assassin,86.0,Adventure,Japanese,"Kenji Misumi,Robert Houston",
1963662,Humko Tumse Pyaar Hai,128.0,"Romance, Drama",Hindi,Bunty Soorma,"Bunty Soorma,Ashok Roy,Javed Siddiqui"
1994212,Jack Strong,128.0,"Mystery & thriller, Biography",Polish,Władysław Pasikowski,Władysław Pasikowski
2111870,Mela,180.0,Drama,Hindi,Dharmesh Darshan,
1999698,Jetsam,84.0,Mystery & thriller,English,Simon Welsford,Simon Welsford
1659037,A Touch of Grey,90.0,Comedy,English,"Sandra Feldman,Ian Mah",Sandra Feldman
2151894,Next,96.0,"Sci-fi, Action",English,Lee Tamahori,"Gary Goldman,Jonathan Hensleigh,Paul Bernbaum"
1804327,Dark Waters,90.0,Mystery & thriller,English,Andre de Toth,"Francis M. Cockrell,Marian B. Cockrell,Joan Harrison,Arthur T. Horman"
2280851,She's Working Her Way Through College,101.0,"Musical, Comedy",English,H. Bruce Humberstone,
2117621,Midnight Heat,98.0,"Crime, Drama",English,Brad Jones,
1996499,Janleva 555,135.0,"Romance, Mystery & thriller, Musical",Hindi,Sandeep Malani,
1982519,"Inara, the Jungle Girl",71.0,"Action, Adventure",English,Patrick Desmarattes,Patrick Desmarattes
2391746,The Man Who Liked Funerals,,Comedy,English,David Eady,"Margot Bennett,Cecily Finn,Joan O'Connor"
2354850,The Case of Lena Smith,4.0,Drama,,Josef von Sternberg,"Jules Furthman,Julian Johnson,Samuel Ornitz"
1674369,Alice Doesn't Live Here Anymore,112.0,Drama,English,Martin Scorsese,Robert Getchell
2174559,Once in the Life,107.0,"Crime, Drama",English,Laurence Fishburne,"Laurence Fishburne,Laurence Fishburne"
2393280,The Men Who Stare at Goats,93.0,Comedy,English,Grant Heslov,Peter Straughan
1963674,Hummingbird,48.0,Documentary,Portuguese (Brazil),Holly Mosher,
2514700,Young and Willing,83.0,Comedy,English,Edward H. Griffith,Virginia Van Upp
1680012,Amazon Warrior,83.0,"Action, Adventure",English,Dennis Devine,Steve Jarvis
1876047,Event Horizon,95.0,"Sci-fi, Horror",English,Paul W.S. Anderson,Philip Eisner
1736693,Blue,119.0,Drama,English,Ryan Miningham,Don Wallace
2359578,The Crow,100.0,"Action, Fantasy",English,Alex Proyas,"John Shirley,David J. Schow"
1925833,Government Girl,94.0,Comedy,English,Dudley Nichols,Dudley Nichols
1825479,Dharma Karma,136.0,"Action, Mystery & thriller",Hindi,Ravi Varma,
1837526,Doctor Love,155.0,Romance,Malayalam,K. Biju,
2050637,Ladder 49,114.0,"Drama, Action",English,Jay Russell,Lewis Colick
1756365,Calling Hedy Lamarr,69.0,Documentary,English,Georg Misch,Georg Misch
1905232,Frontier Marshal,71.0,Western,English,Allan Dwan,Sam Hellman
1702154,Au pays de Zom,77.0,Drama,French (Canada),Gilles Groulx,Gilles Groulx
2382819,The Killing Strain,105.0,"Horror, Mystery & thriller",English,Daniel Maldonado,"Allen Green,Daniel Maldonado"
2315464,Strange Factories,132.0,"Drama, Horror, Mystery & thriller",English,John Harrigan,John Harrigan
1935689,Hancock,92.0,"Action, Comedy, Fantasy",English,Peter Berg,"Vy Vincent Ngo,Vince Gilligan"
1721596,Beneath,82.0,"Horror, Mystery & thriller",English,Dagen Merrill,"Dagen Merrill,Kevin Burke"
2153448,Night Children,90.0,"Crime, Drama",English,Norbert Meisel,
2350368,The Black Dahlia,121.0,"Mystery & thriller, Crime, Drama",English,Brian De Palma,Josh Friedman
1716058,Battleship,131.0,"Sci-fi, Action, Adventure",English,Peter Berg,"Jon Hoeber,Erich Hoeber"
2399679,The Other Side of the Ice,75.0,"Documentary, Adventure, Drama",English,Sprague Theobald,Sprague Theobald
2251538,Rough Riding Rhythm,,Western,English,J.P. McGowan,
1792224,Crazy Like a Fox,98.0,"Comedy, Drama",English,Richard Squires,Richard Squires
1682829,Amreeka,96.0,"Comedy, Drama",Arabic,Cherien Dabis,Cherien Dabis
1978190,Imani,82.0,Drama,Swedish,Caroline Kamya,Agnes Kamya
2264204,Saving Grace,85.0,"Mystery & thriller, Horror",English,Chris Pickle,"Chris Pickle,Filip Premrl"
2374045,The Goose Steps Out,79.0,Comedy,English,"Basil Dearden,Will Hay",
1771117,Chicken Every Sunday,91.0,Comedy,English,George Seaton,"Valentine Davies,George Seaton"
2514390,You're in the Navy Now,93.0,Comedy,English,Henry Hathaway,
2305309,Speed & Angels,95.0,"Documentary, Drama",English,Peyton Wilson,
2085822,Love & Basketball,124.0,Romance,English,Gina Prince-Bythewood,Gina Prince-Bythewood
2314778,Storm Warning,82.0,Horror,English,Jamie Blanks,Everett De Roche
2187965,Panic in the City,97.0,Drama,English,Eddie Davis,
2051179,Lady of the Night,58.0,Drama,,Monta Bell,
1658910,A Time to Remember,72.0,Musical,English,Thomas Travers,
2479172,Vigilantes of Boomtown,56.0,Western,English,R. G. Springsteen,
1793832,Crooked Earth,100.0,Drama,English,Sam Pillsbury,
2191959,Party,95.0,Drama,Portuguese (Brazil),Manoel de Oliveira,Manoel de Oliveira
2514360,You're Darn Tootin',20.0,Comedy,English,Edgar Kennedy,H. M. Walker
1783086,Coma,,,,Liz Garbus,
2004614,Joy,40.0,"Documentary, Sports & fitness",English,"Tyler Orton,John Cavan",
1722351,Berlin Calling,82.0,Documentary,English,Nigel Dick,"Nigel Dick,Kastle Waserman"
2200270,Phantasm II,97.0,Horror,English,Don Coscarelli,
2376567,The Hat Box Mystery,44.0,Mystery & thriller,English,Lambert Hillyer,
1984300,Ingagi,75.0,"Action, Adventure, Fantasy",English,William Campbell,Adam Shirk
2220133,Project 313,115.0,Drama,English,Darren Brown,
2157642,No Strings Attached,108.0,"Romance, Comedy",English,Ivan Reitman,Elizabeth Meriwether
2009585,Kagemusha,179.0,"History, Drama",Japanese,Akira Kurosawa,"Masato Ide,Akira Kurosawa"
2344640,The American Standards,94.0,"Drama, Romance",English,Joe Wehinger,Joe Wehinger
1675960,All or Nothing,128.0,Drama,English,Mike Leigh,
2194081,Patriots,80.0,Mystery & thriller,English,Frank Kerr,Frank Kerr
2349308,The Big Bad,78.0,"Drama, Horror, Mystery & thriller",English,Bryan Enk,Jessi Gotta
2413431,The Singer and the Dancer,51.0,Drama,English,Gillian Armstrong,
1771995,Children of the Damned,90.0,Sci-fi,English,Anton Leader,"John Briley,John Wyndham"
1891174,Finger on the Trigger,87.0,Western,English,Sidney W. Pink,
2486252,Waking Life,99.0,"Drama, Animation",English,Richard Linklater,Richard Linklater
2229859,Rafea: Solar Mama,75.0,Documentary,Arabic,Jehane Noujaim,
2242334,Revolutionary Road,119.0,Drama,English,Sam Mendes,Justin Haythe
2209626,Politics of Love,93.0,"Romance, Comedy",English,William Dear,Gary Goldstein
2148824,Neighborhood Watch,92.0,"Mystery & thriller, Horror",English,Graeme Whifler,Graeme Whifler
2364544,The Dunwich Horror,90.0,Horror,English,Daniel Haller,"Curtis Hanson,Henry Rosenbaum"
1768275,Charly,103.0,Romance,English,Adam Thomas Anderegg,"Jack Weyland,Janine Whetten-Gilbert"
1942600,Heaven,96.0,Mystery & thriller,English,Tom Tykwer,"Krzysztof Kieslowski,Krzysztof Piesiewicz"
2133305,Mrs. Wiggs of the Cabbage Patch,80.0,"Comedy, Drama",English,Norman Taurog,
1754506,C.S.A.: The Confederate States of America,89.0,"Comedy, Drama",English,Kevin Willmott,Kevin Willmott
1781879,Cold Mountain,155.0,"Drama, War",English,Anthony Minghella,"Charles Frazier,Anthony Minghella"
2496911,Where It's At,104.0,"Comedy, Drama",English,Garson Kanin,Garson Kanin
2323464,Surf Ninjas,86.0,Action,English,Neal Israel,
2261655,Santa Maradona,92.0,Comedy,Italian,Marco Ponti,Marco Ponti
2171485,Old Cats,99.0,Drama,Spanish,"Pedro Peirano,Sebastián Silva","Pedro Peirano,Sebastián Silva"
1893079,Fit to Kill,94.0,Action,English,Andy Sidaris,Andy Sidaris
1786894,Conrack,107.0,Drama,English,Martin Ritt,"Harriet Frank Jr.,Irving Ravetch"
2127529,Monster Man,100.0,"Horror, Comedy",English,Michael Davis,Michael Davis
1782711,Colorado Territory,94.0,Western,English,Raoul Walsh,"W. R. Burnett,Edmund H. North,John Twist"
2489548,Waterproof,94.0,Drama,English,Barry Berman,
2191148,Paris Was a Woman,69.0,Documentary,English,Greta Schiller,
2389231,The Loves of Edgar Allan Poe,67.0,Biography,English,Harry Lachman,"Arthur Caesar,Samuel Hoffenstein,Tom Reed"
1904480,From Beneath,82.0,Mystery & thriller,English,David Doucette,David Doucette
2483954,Voyage to Amasia,85.0,Documentary,English,"Randy Bell,Eric V. Hachikian","Randy Bell,Eric V. Hachikian"
2426764,The Wicker Man,103.0,"Horror, Mystery & thriller",English,Neil LaBute,"Neil LaBute,Anthony Shaffer"
2297082,So Long Letty,64.0,"Musical, Comedy",English,Lloyd Bacon,
2499958,Wicked,96.0,Mystery & thriller,English,Michael Steinberg,Eric Weiss
2070431,Less Than Zero,97.0,Drama,English,Marek Kanievska,Harley Peyton
2371809,The General,123.0,"Biography, Drama",English,John Boorman,"John Boorman,Paul Williams"
1748178,Bruce Lee Played Badminton Too,15.0,Comedy,English,Corrie Chen,Corrie Chen
2367051,"The Face on the Barroom Floor: The Poem, the Place, the Opera",90.0,Documentary,English,Lawrence Kraman,David Patrick Stearns
2290907,Sitting Bull,105.0,Western,English,Sidney Salkow,"Jack DeWitt,Sidney Salkow"
2425831,The Way We Get By,84.0,Documentary,English,Aron Gaudet,Aron Gaudet
1728107,Big Town After Dark,70.0,"Crime, Drama",English,William C. Thomas,
2077555,Little Men,84.0,Drama,English,Norman Z. McLeod,"Mark Kelly,Arthur Caesar"
2278120,Shadow of the Eagle,92.0,Adventure,English,Sidney Salkow,
1903935,Friends & Lovers: The Ski Trip 2,,Comedy,English,Maurice Jamal,Maurice Jamal
1842891,Double Whoopee,20.0,Comedy,,Lewis R. Foster,
1982994,Incubus,92.0,"Horror, Mystery & thriller",English,Anya Camilleri,Gary Humphreys
2117433,Middle Men,105.0,"Drama, Crime",English,George Gallo,"George Gallo,Andy Weiss"
1927624,Great Expectations,118.0,Drama,English (United Kingdom),David Lean,"David Lean,Ronald Neame,Anthony Havelock-Allan"
1944508,Hello Trouble,61.0,Western,English,Lambert Hillyer,
1721172,Below the Sea,78.0,Adventure,English,Albert Rogell,Jo Swerling
1916816,Ghosts on the Loose,64.0,Comedy,English,William Beaudine,
2126482,Mondays at Racine,39.0,Documentary,English,Cynthia Wade,
1736432,Blow Dry,91.0,Comedy,English,Paddy Breathnach,Simon Beaufoy
2393998,The Million Eyes of Su-Muru,95.0,Action,English,Lindsay Shonteff,Kevin Kavanagh
2287365,Sikandar,110.0,"Drama, Mystery & thriller",Hindi,Piyush Jha,Piyush Jha
2262277,Sarah Landon and the Paranormal Hour,81.0,Mystery & thriller,English,Lisa Comrie,"Lisa Comrie,John Comrie"
2309509,Stakeout on Dope Street,83.0,"Crime, Drama",English,Irvin Kershner,
1942156,Heart: The Marilyn Bell Story,96.0,Biography,English,Manon Briand,Karen Walton
2451076,Troop 1500,68.0,Documentary,English,Ellen Spiro,
2082141,Looking for Ms. Locklear,57.0,Documentary,English,"Rhett McLaughlin,Link Neal","Rhett McLaughlin,Link Neal"
1715382,Bath Salt Zombies,90.0,"Comedy, Horror",English,Dustin Mills,"Dustin Mills,Clint Weiler"
2464801,Under Suspicion,110.0,Mystery & thriller,English,Stephen Hopkins,"John Wainwright,Claude Miller,Jean Herman,Michel Audiard,Tom Provost,W. Peter Iliff"
2291249,Six-Gun Trail,60.0,Western,English,Sam Newfield,Isadore Bernstein
2138835,My Life in Ruins,96.0,"Romance, Comedy",English,Donald Petrie,Mike Reiss
2019088,Kill or Be Killed,90.0,Adventure,English,Ivan Hall,
2511828,Yellowbeard,101.0,Comedy,English,Mel Damski,"Graham Chapman,Peter Cook,Bernard McKenna"
2482632,Voices of the Children,60.0,Documentary,English,Zuzana Justman,Zuzana Justman
1999974,Jezebeth,80.0,Horror,English,Damien Dante,Damien Dante
2313974,Stoker,98.0,"Horror, Mystery & thriller",English,Park Chan-wook,Wentworth Miller
2346842,The Backpacker,91.0,"Horror, Mystery & thriller",English,Dion Martin Boland,"Dion Martin Boland,Tara Simmonds"
1668294,After the Factory,44.0,Documentary,English,Philip Lauri,
2477925,Vicky Donor,126.0,"Romance, Comedy",Hindi,Shoojit Sircar,Juhi Chaturvedi
2398308,The October Man,86.0,Mystery & thriller,English (United Kingdom),Roy Ward Baker,Eric Ambler
2124952,Moebius,87.0,Mystery & thriller,Spanish,Gustavo Mosquera R.,"Natalia Urruty,Gabriel Lifschitz,Pedro Cristiani,Maria Angeles Mira,Gustavo Mosquera R."
2288231,Silver City Bonanza,67.0,Western,English,George Blair,
2392054,The Mango Tree,95.0,Drama,English (United Kingdom),Kevin James Dobson,
2437090,Time of Fear,88.0,Mystery & thriller,English,Alan Swyer,"Frank Rossi,Alan Swyer"
1652134,A Lot Like Love,107.0,"Romance, Comedy",English,Nigel Cole,Colin Patrick Lynch
2502647,Winners of the West,65.0,"Western, Action",English,"Ford Beebe,Ray Taylor",
2242673,Rhino!,91.0,Adventure,English,Ivan Tors,
2248932,Rolling Thunder,77.0,"Sci-fi, Fantasy",English,Scott Dittrich,
2020640,King of the Travellers,80.0,Drama,English (United Kingdom),Mark O'Connor,Mark O'Connor
2131152,Mountain Rhythm,61.0,Western,English,B. Reeves Eason,Gerald Geraghty
1714793,Baseball in the Time of Cholera,28.0,Documentary,English,"David Darg,Bryn Mooser",
1747302,Broken Silence,,,,Wolfgang Panzer,
1814553,Defense Play,93.0,Mystery & thriller,English,Monte Markham,
2368911,The Fire in the Stone,97.0,"Kids & family, Adventure",English,Gary Conway,
1910478,Gandhi at the Bat,11.0,Comedy,English,"Stephanie Argy,Alec Boehm",
1803990,Dark Heritage,94.0,Horror,English,David McCormick,
1694280,Are We There Yet?,94.0,"Kids & family, Comedy",English,Brian Levant,"Ice Cube,Steven Gary Banks,Claudia Grazioso"
1898374,Forced Entry,83.0,Mystery & thriller,English,Jim Sotos,
1896478,"Follow the Leader: Young, American and Right",120.0,Documentary,English,Jonathan Goodman Levitt,
2022238,Kitty Foyle,108.0,Drama,English,Sam Wood,Dalton Trumbo
1663213,Above Suspicion,95.0,Mystery & thriller,English,Steven Schachter,"Jerry Lazarus,William H. Macy,Steven Schachter"
2212735,Posse,94.0,"Western, Drama",English,Kirk Douglas,Christopher Knopf
2362286,The Devil at 4 O'Clock,126.0,Adventure,English,Mervyn LeRoy,Liam O'Brien
2466588,Unfinished Spaces,86.0,Documentary,English,"Benjamin Murray,Alysa Nahmias",
1959512,Hot Water,60.0,Comedy,English,"Sam Taylor,Fred Newmeyer",
1709013,Bad Medicine,98.0,Comedy,English,Harvey Miller,
2398032,The Notorious Lone Wolf,64.0,Mystery & thriller,English,D. Ross Lederman,
1957184,Hook,144.0,"Kids & family, Fantasy, Adventure",English,Steven Spielberg,"James V. Hart,Malia Scotch Marmo"
2260538,Sanctuary,100.0,Drama,English,Tony Richardson,
2397734,The Nightmare Before Christmas,75.0,"Kids & family, Holiday, Fantasy, Comedy, Animation",English,Henry Selick,"Michael McDowell,Caroline Thompson"
2471039,Utah,78.0,Western,English,John English,"John K. Butler,Jack Townley"
1896458,Follow the Boys,95.0,"Romance, Comedy",English,Richard Thorpe,
2468385,Until They Sail,95.0,Drama,English,Robert Wise,
1853105,Ed's Next Move,86.0,"Romance, Comedy",English,John Walsh,John Walsh
2408521,The Road Home,104.0,"Romance, Drama",English,Drew Johnson,
2470174,Uranya,100.0,Comedy,Greek,Costas Kapakas,Costas Kapakas
2375064,The Greatest,100.0,Drama,English,Shana Feste,Shana Feste
1907366,Funny Lady,136.0,"Musical, Comedy",English,Herbert Ross,"Arnold Schulman,Jay Presson Allen,Arnold Schulman"
2190428,Paranormal Activity,86.0,"Horror, Mystery & thriller",English,Oren Peli,Oren Peli
1834417,Dirty Love,91.0,"Romance, Comedy",English,John Asher,Jenny McCarthy
2248760,"Roll Along, Cowboy",57.0,Western,English,Gus Meins,
1651924,A Little Romance,108.0,"Romance, Comedy",English,George Roy Hill,
2140574,Mystery in Mexico,66.0,"Crime, Drama",English,Robert Wise,
2006991,Jurassic Park,126.0,"Adventure, Action, Sci-fi, Mystery & thriller",English,Steven Spielberg,"Michael Crichton,Michael Crichton,David Koepp,Malia Scotch Marmo"
1891970,Firewall,105.0,Mystery & thriller,English,Richard Loncraine,Joe Forte
1733016,Black Sheep,86.0,"Horror, Comedy",English,Jonathan King,Jonathan King
2094398,Madison County,80.0,Horror,English,Eric England,
1890376,Final Cut,93.0,Drama,English,"Dominic Anciano,Ray Burdis","Ray Burdis,Dominic Anciano"
1982392,In Your Wildest Dreams,87.0,"Comedy, Drama",English,Bruce Neibaur,
1980085,In Like Flint,114.0,Action,English,Gordon Douglas,Hal Fimberg
2377654,The Hills Have Eyes,83.0,Horror,English,Wes Craven,Wes Craven
2051521,Laid to Rest,83.0,Horror,English,Robert Hall,Robert Hall
2174795,Once Were Warriors,102.0,Drama,English (Australia),Lee Tamahori,"Riwia Brown,Alan Duff"
2299787,Some Nudity Required,82.0,Documentary,English,"Johanna Demetrakas,Odette Springer","Johanna Demetrakas,Odette Springer"
1779333,Clive of India,90.0,Biography,English,Richard Boleslawski,
2441995,Tomorrow We Live,66.0,"Crime, Drama",English,Edgar G. Ulmer,Bart Lytton
2191177,"Paris, Texas",148.0,Drama,English,Wim Wenders,"L.M. Kit Carson,Sam Shepard"
2013387,Karma,120.0,Action,Hindi,Subhash Ghai,Osamu Tezuka
2333823,"Tarzan, the Ape Man",82.0,Adventure,English,Joseph M. Newman,
1872207,Erskineville Kings,85.0,Drama,English,Alan White,
1657169,A Simple Wish,89.0,"Kids & family, Fantasy",English,Michael Ritchie,Jeff Rothberg
2174975,One Big Hapa Family,85.0,"Documentary, Animation",English,Jeff Chiba Stearns,Jeff Chiba Stearns
1781212,Code of the Mounted,60.0,Western,English,Sam Newfield,
2287060,Sigma Die!,90.0,"Comedy, Horror",English,Michael Hoffman Jr.,Meghan Jones
1989123,Iqraar: By Chance,,"Comedy, Romance",Hindi,K. Ravi Shankar,Rajeev Agarwal
2262967,Satan's Cannibal Holocaust,70.0,Horror,English,Jim Wayer,
2168232,Ocean's Twelve,125.0,"Comedy, Drama, Crime",English,Steven Soderbergh,George Nolfi
2131035,Moulin Rouge,69.0,"Musical, Romance, Comedy",English,Sidney Lanfield,"Nunnally Johnson,Henry Lehrman"
1699960,Astro Boy,94.0,"Kids & family, Action, Sci-fi, Animation",English,David Bowers,"Timothy Hyde Harris,David Bowers"
2323538,"Surfer, Dude",85.0,Comedy,English,S.R. Bindler,"S.R. Bindler,Cory Van Dyke"
2003680,Jory,97.0,Western,English,Jorge Fons,
2343646,The Adventures of Robin Hood,102.0,"Adventure, Action",English,"Michael Curtiz,William Keighley","Norman Reilly Raine,Seton I. Miller"
2300826,Son of Dracula,78.0,Horror,English,Robert Siodmak,Eric Taylor
1919708,Give Me Shelter,91.0,Documentary,English,Kristin Rizzo,Katie Cleary
1690399,Another Man's Poison,89.0,Drama,English,Irving Rapper,
1891173,Finger of God,105.0,Documentary,English,Darren Wilson,Darren Wilson
1915885,Getting Straight,124.0,"Comedy, Drama",English,Richard Rush,
2432715,Thor,113.0,"Action, Adventure, Fantasy",English,Kenneth Branagh,"Ashley Miller,Zack Stentz,Don Payne"
2086846,Love Is All You Need?,123.0,Drama,English,Kim Rocco Shields,"Kim Rocco Shields,David Tillman"
1879432,Extremities,89.0,Drama,English,Robert M. Young,William Mastrosimone
2422715,The Underneath,85.0,Horror,English,Brian T. Jaynes,David Wilson
2489389,Water Wars,,,,Jim Burroughs,
1970002,I Was Broken,90.0,Drama,English,Kevin Haskin,Kevin Haskin
2162932,Numb,94.0,"Comedy, Drama",English,Harris Goldberg,Harris Goldberg
1823707,Destricted,116.0,Drama,English,"Marina Abramović,Matthew Barney,Marco Brambilla,Larry Clark,Gaspar Noé,Sam Taylor-Johnson",
1822622,Desert Patrol,56.0,Western,English,Sam Newfield,
2094423,Madman,88.0,"Horror, Mystery & thriller",English,Joe Giannone,Joe Giannone
2480427,Virgin Island,84.0,"Romance, Comedy",English,Pat Jackson,
1953946,"Hold Me, Thrill Me, Kiss Me",92.0,Comedy,English,Joel Hershman,
1667501,Afghan Luke,100.0,Drama,English,Mike Clattenburg,"Barrie Dunn,Douglas Bell,Patrick Graham"
1871258,Eraserhead,90.0,Horror,English,David Lynch,David Lynch
1962495,Hu Tu Tu,165.0,Drama,Hindi,Gulzar,"Gulzar,Meghna Gulzar"
2112804,"Memory for Max, Claire, Ida and Company",112.0,Documentary,English,Allan King,
2054284,Last Call at the Gladstone Hotel,65.0,Documentary,English,"Neil Graham,Derreck Roemer","Neil Graham,Derreck Roemer"
1708746,Bad Company,108.0,Drama,English,"James Hong,Damian Harris",
2163584,Nuvvostanante Nenoddantana,165.0,"Romance, Comedy",,Prabhu Deva,
2277399,Seytan,101.0,Horror,Turkish,Metin Erksan,Yilmaz Tümtürk
1953394,Hobgoblins,92.0,Horror,English,Rick Sloane,
1728845,Bill and Coo,61.0,"Musical, Fantasy",English,Dean Riesner,"Royal Foster,Dean Riesner"
1714729,BAS! Beyond the Red Light,75.0,Drama,Nepali,Wendy Champagne,Wendy Champagne
1768913,Chaturanga,125.0,Drama,Bangla,Suman Mukhopadhyay,"Suman Mukhopadhyay,Rabindranath Tagore"
2240745,Resurrection Mary,99.0,"Drama, Mystery & thriller, Horror",English,Michael Lansu,Michael Lansu
2438174,Titanic,97.0,Drama,English,Jean Negulesco,
1740970,Boots of Destiny,56.0,Western,English,Arthur Rosson,
2223200,Punishment Park,88.0,Drama,English,Peter Watkins,Peter Watkins
2207616,Plunder Road,71.0,"Crime, Drama",English,Hubert Cornfield,
1700581,At the End of the World,,,,Penrhyn Stanlaws,
1982869,Incoming Freshmen,,,,Eric Lewald,
1792615,Creature,76.0,Documentary,English,Parris Patton,
1755109,Cafe Romeo,94.0,"Romance, Comedy",English,Rex Bromfield,
2127144,Monopoly,91.0,"Crime, Drama, Mystery & thriller",Korean,Hang-bae Lee,Hang-bae Lee
2020627,King of the Royal Mounted,61.0,Adventure,English,Howard Bretherton,
1834312,Dirty Harry,103.0,"Action, Mystery & thriller, Crime, Drama",English,Don Siegel,"Harry Julian Fink,Harry Julian Fink,Rita M. Fink,Rita M. Fink,Dean Riesner"
1768504,Chasing Cain,97.0,Drama,English,Jerry Ciccoritti,Andrew Rai Berzins
1743196,Boy Toy,91.0,Comedy,English,Christie Will,"Jeff Campagna,Jarrett Golding,Christie Will"
2284099,Shooting Women,53.0,Documentary,Spanish,Alexis Krasilovsky,Alexis Krasilovsky
2423240,The Unsinkable Molly Brown,128.0,"Musical, Comedy",English,Charles Walters,Helen Deutsch
2313489,Still on the Road,107.0,Documentary,English,Sara Wolkowitz,
2150598,Never Love a Stranger,91.0,"Crime, Drama",English,Robert Stevens,Harold Robbins
2404016,The Prince and the Surfer,90.0,"Romance, Comedy",English,"Gregory Gieras,Arye Gross",Gregory Poppen
2365341,The Emperor's New Groove,79.0,"Kids & family, Comedy, Animation",English,Mark Dindal,"David Reynolds,Mark Dindal"
1815151,Delicatessen,98.0,Sci-fi,French (France),"Jean-Pierre Jeunet,Marc Caro","Gilles Adrien,Marc Caro,Jean-Pierre Jeunet"
1896760,Food of Love,109.0,"Romance, Comedy",English,Stephen Poliakoff,Stephen Poliakoff
1825460,Dharkan,147.0,"Drama, Mystery & thriller",Hindi,Devendra Goel,
1746035,Brigham City,119.0,Mystery & thriller,English,Richard Dutcher,Richard Dutcher
2446981,Trancers II,85.0,Sci-fi,English,Charles Band,"Jackson Barr,Charles Band"
2384877,The Last Place on Earth,88.0,Drama,English,James Slocum,James Slocum
2125670,Mom and Dad,97.0,Drama,English,William Beaudine,"Mildred Horn,Kroger Babb"
2405626,The Rack,100.0,Drama,English,Arnold Laven,
2339190,Terra Nova,85.0,Drama,English,Paul Middleditch,
2480244,Violet's Visit,83.0,"Comedy, Drama",English,Richard Turner,"Barry Lowe,Andrew Creagh"
1898076,For Whom the Bell Tolls,170.0,"Drama, Romance, Adventure",English,Sam Wood,Dudley Nichols
2011177,Kamataki,110.0,Drama,English,Claude Gagnon,Claude Gagnon
2443387,Topless Women Talk About Their Lives,87.0,Drama,English,Harry Sinclair,Harry Sinclair
2275253,Seven Days in May,118.0,Mystery & thriller,English,John Frankenheimer,"Fletcher Knebel,Charles W. Bailey II,Rod Serling"
1864059,Electra Glide in Blue,113.0,"Crime, Drama",English,James William Guercio,
2322910,Supernova,90.0,Sci-fi,English,Walter Hill,David Campbell Wilson
2417947,The Suspect,85.0,Mystery & thriller,English,Robert Siodmak,
2495647,When I Die,86.0,Drama,English,Jason Zink,
2454410,Turning Point,120.0,Drama,English,Niyi Towolawi,"Daphne Cayo,Niyi Towolawi"
1836014,Divine Madness,95.0,Documentary,English,Michael Ritchie,"Bette Midler,Bruce Vilanch,Jerry Blatt"
2264965,Scanners,102.0,Sci-fi,English,David Cronenberg,David Cronenberg
2349771,The Big Sleep,99.0,"Mystery & thriller, Crime, Drama",English,Michael Winner,"Raymond Chandler,Michael Winner"
1785381,Comrade X,90.0,"Romance, Comedy",English,King Vidor,"Walter Reisch,Ben Hecht,Charles Lederer"
2352414,The Brave One,100.0,"Kids & family, Drama",English,Irving Rapper,"Dalton Trumbo,Merrill G. White,Harry S. Franklin"
2507901,Wuss,96.0,Comedy,English,Clay Liford,Clay Liford
1732899,Black Rainbow,103.0,Fantasy,English,Mike Hodges,
2321519,Suno Sasurjee,100.0,Comedy,Hindi,Vimal Kumar,
2090635,Lured,102.0,Mystery & thriller,English,Douglas Sirk,Leo Rosten
1942068,Heart of the Rockies,67.0,Western,English,William Witney,
2407717,The Revenge of Frankenstein,91.0,Horror,English (United Kingdom),Terence Fisher,"Hurford Janes,Jimmy Sangster"
2383847,The Land That Time Forgot,91.0,Fantasy,English (United Kingdom),Kevin Connor,"Michael Moorcock,James Cawthorn"
2183858,Outlaws of the Plains,56.0,Western,English,Sam Newfield,A. Fredric Evans
1890733,Finder's Fee,100.0,Drama,English,Jeff Probst,Jeff Probst
2330475,Take Back Your Power: The Smart Meter Agenda Unveiled,55.0,Documentary,English,Josh del Sol,Josh del Sol
1729411,Billy Was a Deaf Kid,89.0,Comedy,English,"Burke Lewis,Rhett Lewis","Burke Lewis,Rhett Lewis"
2488771,Wassup Rockers,111.0,Drama,English,Larry Clark,Larry Clark
2346080,The Assassination of Trotsky,103.0,"History, Drama",English,Joseph Losey,Nicholas Mosley
2077625,Little Miss Sunshine,102.0,"Comedy, Drama",English,"Jonathan Dayton,Valerie Faris",Michael Arndt
1923724,Gone,88.0,"Mystery & thriller, Horror, Drama",English,Ringan Ledwidge,"Andrew Upton,James Watkins"
1734448,Blind Date,99.0,"Crime, Drama",English,Nico Mastorakis,Nico Mastorakis
2235963,Red Heart,95.0,"Comedy, Drama, Romance",English,"Michael Lavers,Eben Bolter","Michael Lavers,Eben Bolter,Andy Edwards,Alison Winter"
1980712,In Search of Oil and Sand,59.0,Documentary,Arabic,"Philippe Dib,Wael Omar",Rasha El Gammal
2097093,Make the Yuletide Gay,89.0,"Holiday, Comedy",English,Rob Williams,Rob Williams
2373319,The Godchild,83.0,Fantasy,English,Philip Spink,Philip Spink
2413766,The Skull,83.0,Horror,English (United Kingdom),Fred Francis,Milton Subotsky
1736413,Blow,124.0,"Crime, Drama, Biography",English,Ted Demme,"Bruce Porter,David McKenna,Nick Cassavetes"
1840291,Don't Say a Word,113.0,Mystery & thriller,English,Gary Fleder,"Anthony Peckham,Patrick Smith Kelly,Andrew Klavan"
1750336,Bullet Code,58.0,Western,English,David Howard,"Doris Schroeder,Bennett Cohen"
2353144,The Brothers,98.0,Drama,English,David MacDonald,
2240709,Resurrecting the Champ,112.0,Drama,English,Rod Lurie,"Michael Bortman,Allison Burnett"
2497202,Where Trails Divide,59.0,Western,English,Robert N. Bradbury,
1645214,A Call to Arms,83.0,Documentary,English,Scott Miller,
2111706,Meisje,93.0,"Drama, Romance",Dutch,Dorothée Van Den Berghe,"Peter Van Kraaij,Dorothée Van Den Berghe"
1896201,Fogo,61.0,Drama,English,Yulene Olaizola,"Diego García,Rubén Imaz,Yulene Olaizola"
1744018,Brandy for the Parson,78.0,Comedy,English,John Eldredge,
1756505,Calypso Rose the Lioness of the Jungle,85.0,Biography,English,Pascale Obolo,
2197173,People Will Talk,110.0,"Comedy, Drama",English,Joseph L. Mankiewicz,
2507327,Wristcutters: A Love Story,92.0,"Romance, Comedy, Drama, Fantasy",English,Goran Dukic,Goran Dukic
2292320,Skirts Ahoy!,109.0,"Musical, Comedy",English,Sidney Lanfield,
2449358,Trespass,90.0,Mystery & thriller,English,Joel Schumacher,Karl Gajdusek
2200934,Phoenix,107.0,"Crime, Drama",English,Danny Cannon,Eddie Richey
1962909,Huddle,104.0,Drama,English,Sam Wood,
1666952,Adventures of Kitty O'Day,63.0,Mystery & thriller,English,William Beaudine,
2241596,Reunion,95.0,Drama,English,Alan Hruska,Alan Hruska
1956936,Honolulu,83.0,"Musical, Comedy",English,Edward Buzzell,
2008894,Kaante,154.0,"Crime, Drama",Hindi,Sanjay Gupta,"Sanjay Gupta,Yash-Vinay,Milap Zaveri"
1780211,Clue,96.0,Mystery & thriller,English,Jonathan Lynn,"John Landis,Jonathan Lynn,Jonathan Lynn"
2362656,The Dhamma Brothers,76.0,Documentary,English,"Jenny Phillips,Andrew Kukura,Anne Marie Stein",Jenny Phillips
1746129,Brighton Wok: The Legend of Ganja Boxing,90.0,"Action, Comedy, Fantasy",English,Gabriel Howard,Nigel Howard
1760967,Carnival,77.0,"Comedy, Drama",English,Walter Lang,
2389291,The Luck o' the Foolish,22.0,Comedy,,Harry Edwards,
1884538,Fast Sofa,110.0,"Comedy, Drama",English,Salomé Breziner,"Bruce Craven,Peter Chase,Salomé Breziner"
2466586,Unfinished Sky,91.0,"Drama, Romance",English,Peter Duncan,
1812491,Death and Taxis,89.0,Drama,English,Kevin Mukherji,
2195328,Peacemaker,90.0,Sci-fi,English,Kevin Tenney,
1761031,Carnival Rock,75.0,Musical,English,Roger Corman,
1815081,Delgo,90.0,"Kids & family, Adventure, Comedy, Fantasy, Romance, Animation",English,"Marc F. Adler,Jason Maurer","Marc F. Adler,Scott Biear,Patrick J. Cowan,Carl Dream"
2318423,Su excelencia,133.0,Comedy,Spanish,Miguel M. Delgado,"Marco Antonio Almazán,Cantinflas"
1766366,Chalo America,93.0,Comedy,Hindi,Piyush Jha,
1641459,4192: The Crowning of the Hit King,115.0,"Documentary, Biography",English,Terry Lukemire,"Mark R. Turner,Ryan Tungate"
1842956,Doubt,104.0,Drama,English,John Patrick Shanley,John Patrick Shanley
2362619,The DeVilles,56.0,Documentary,English,Nicole N. Horanyi,"Anders Frithiof August,Nicole N. Horanyi"
1863408,El Viaje del Acordeón,79.0,"Documentary, Music",Spanish,Andrew Tucker,"Andrew Tucker,Rey Sagbini"
2375348,The Green Slime,88.0,Sci-fi,English,Kinji Fukasaku,"Ivan Reiner,Bill Finger,Tom Rowe,Charles Sinclair"
1763333,Cateto a babor,79.0,Comedy,Spanish,Ramón Fernández,Vicente Coello
2335417,Tears of the Sun,115.0,"Action, Drama",English,Antoine Fuqua,"Alex Lasker,Patrick Cirillo"
2203008,Pilla Zamindar,,Comedy,Telugu,Ashok,
2323968,Surviving Picasso,123.0,Biography,English,James Ivory,"Arianna Huffington,Ruth Prawer Jhabvala"
1860161,El Huaso,78.0,Drama,Spanish,Carlo Guillermo Proto,"Carlo Guillermo Proto,Gustavo Guillermo Proto"
1724182,Between the Folds,56.0,Documentary,English,Vanessa Gould,Vanessa Gould
2380836,The Intruder,84.0,"Comedy, Drama",English,Guy Hamilton,
2442640,Too Late Blues,100.0,Drama,English,John Cassavetes,"Richard Carr,John Cassavetes"
2293050,"Slap Her, She's French!",90.0,Comedy,English,Melanie Mayron,"Robert Lee King,Lamar Damon"
1901944,Frayed,111.0,"Horror, Mystery & thriller",English,"Norbert Caoili,Rob Portmann","Kurt Svennungsen,Dana Svennungsen,Rob Portmann,Dino Moore,Norbert Caoili"
1741269,Border Romance,60.0,Drama,English,Richard Thorpe,
2426967,The Wild Man of the Navidad,86.0,"Drama, Horror, Mystery & thriller",English,"Duane Graves,Justin Meeks","Duane Graves,Justin Meeks,Dale S. Rogers"
1661984,Aaron... Albeit a Sex Hero,82.0,"Action, Comedy, Mystery & thriller",English,Paul Bright,Paul Bright
1832911,Dil Ki Baazi,140.0,Drama,Hindi,Anil Ganguly,
2153879,Night Passage,90.0,Western,English,James Neilson,Borden Chase
2243481,Ride in the Whirlwind,83.0,Western,English,Monte Hellman,
2065950,Leopard in the Snow,90.0,Romance,English,Gerry O'Hara,
2132565,Mr. Jones,112.0,Romance,English,Mike Figgis,"Eric Roth,Michael Cristofer"
2325857,Sweet Bird of Youth,120.0,Drama,English,Richard Brooks,"Tennessee Williams,Richard Brooks"
1675583,All Hallows' Eve,123.0,Horror,English,Damien Leone,Damien Leone
2137123,My 5 Wives,100.0,Comedy,English,Sidney J. Furie,"Harry Basil,Rodney Dangerfield"
1872678,Escape by Night,64.0,Drama,English,Hamilton MacFadden,
1729368,Billy the Kid in Santa Fe,66.0,Western,English,Sam Newfield,
1910048,Game,146.0,"Crime, Drama",Hindi,Shivram Yadav,
2497623,Whisper,95.0,"Horror, Mystery & thriller",English,Stewart Hendler,Christopher Borrelli
2380677,The Interpreter,123.0,"Mystery & thriller, Drama",English,Sydney Pollack,Charles Randolph
2420975,The Tramp and the Dictator,58.0,Documentary,English,"Kevin Brownlow,Michael Kloft","Kevin Brownlow,Christopher Bird"
2406678,The Red Cell,87.0,"Horror, Mystery & thriller",English,Chris Schwartz,Chris Schwartz
2352637,The Bride Walks Out,75.0,Comedy,English,Leigh Jason,
1812959,Death Rides the Plains,53.0,Western,English,Sam Newfield,
1879833,Eyewitness,82.0,"Crime, Drama",English,Muriel Box,Janet Green
1755266,Caged,96.0,"Drama, Lgbtq+",English,John Cromwell,"Virginia Kellogg,Virginia Kellogg,Bernard C. Schoenfeld"
1812934,Death Race,105.0,"Action, Mystery & thriller",English,Paul W.S. Anderson,Paul W.S. Anderson
1970995,I.Q.,95.0,"Romance, Comedy",English,Fred Schepisi,
1992221,It's Only Money,84.0,Comedy,English,Frank Tashlin,
1874611,Eternal,108.0,"Horror, Mystery & thriller, Lgbtq+",English,"Wilhelm Liebenberg,Federico Sanchez","Wilhelm Liebenberg,Federico Sanchez"
2453726,Tumhari Kassam,180.0,"Drama, Romance",Hindi,Ravi Chopra,Kamleshwar
2327230,Sylvia,110.0,"Biography, Drama, Romance",English,Christine Jeffs,John Brownlow
1992101,It's Murphy's Fault,96.0,Comedy,English,Robert J. Smawley,
1782110,Collaborator,87.0,"Comedy, Drama",English,Martin Donovan,Martin Donovan
2056212,Lawless Breed,58.0,Western,English,Wallace Fox,Robert Creighton Williams
1733329,Blackball,94.0,Comedy,English,Mel Smith,Tim Firth
1717731,Beautiful Joe,98.0,"Romance, Comedy",English,Stephen Metcalfe,Stephen Metcalfe
1772052,Children of the Revolution,92.0,Documentary,English,Shane O'Sullivan,
2358862,The Court-Martial of Billy Mitchell,100.0,"History, Drama",English,Otto Preminger,
2365761,The Enemy Below,98.0,War,English,Dick Powell,Wendell Mayes
2420172,The Time of Their Lives,82.0,Comedy,English,Charles Barton,
2256337,Saboteur,108.0,Mystery & thriller,English,Alfred Hitchcock,"Alfred Hitchcock,Peter Viertel,Joan Harrison,Dorothy Parker"
1786338,Confessions of a Nazi Spy,102.0,Mystery & thriller,English,Anatole Litvak,
1885663,Favor,102.0,Mystery & thriller,English,Paul Osborne,Paul Osborne
1904977,From the Hip,110.0,"Comedy, Drama",English,Bob Clark,"David E. Kelley,David E. Kelley,Bob Clark"
2362352,The Devil on Wheels,67.0,Drama,English,Crane Wilbur,Crane Wilbur
2125882,Momentum,96.0,Mystery & thriller,English,James Seale,
2005230,Judgment Night,109.0,"Mystery & thriller, Action",English,Stephen Hopkins,Lewis Colick
2029267,Kush,90.0,"Action, Crime, Drama, Mystery & thriller",English,York Alec Shackleton,York Alec Shackleton
2196063,Peggy Sue Got Married,102.0,"Comedy, Drama",English,Francis Ford Coppola,"Jerry Leichtling,Arlene Sarner"
2095543,Magnolia,188.0,Drama,English,Paul Thomas Anderson,Paul Thomas Anderson
2010469,Kala Bazar,163.0,"Crime, Drama, Action",Hindi,Vijay Anand,Vijay Anand
1811931,Deadly Weapon,89.0,Action,English,Michael Miner,Michael Miner
2244402,Rim of the Canyon,70.0,Western,English,John English,
2472831,Valley of the Zombies,56.0,Horror,English,Philip Ford,
2489403,Water Wrackets,11.0,Fantasy,English (United Kingdom),Peter Greenaway,Peter Greenaway
1658002,A Stranger in Town,67.0,Drama,English,Roy Rowland,
2338834,Tere Mere Phere,120.0,"Comedy, Drama, Romance",Hindi,Deepa Sahi,"Deepa Sahi,Jagrat Desai"
1803355,Dante's Inferno,88.0,Drama,English,Harry Lachman,"Philip Klein,Robert Yost"
2411853,The Set-Up,72.0,Drama,English,Robert Wise,Art Cohn
1881140,Fair Game,90.0,Action,English,Andrew Sipes,
2485666,Wait Up Harriet,86.0,Drama,English,"Angus Benfield,Hanna Eichler",Hanna Eichler
1643593,9 Muses of Star Empire,80.0,"Documentary, Music",Korean,Hark-Joon Lee,
1951486,His Majesty O'Keefe,92.0,Adventure,English,Byron Haskin,"Borden Chase,James Hill"
2175432,One Hour Photo,95.0,"Mystery & thriller, Drama",English,Mark Romanek,Mark Romanek
1882991,Fancy Pants,92.0,"Musical, Comedy",English,George Marshall,"Edmund L. Hartmann,Robert O'Brien"
2513702,You Are Alone,84.0,Drama,English,Gorman Bechard,Gorman Bechard
1724213,Between the Lines: The True Story of Surfers and the Vietnam War,52.0,Documentary,English,"Scott Bass,Ty Ponder",Scott Bass
1780582,Coal Miner's Daughter,125.0,"Biography, Drama",English,Michael Apted,Thomas Rickman
2146630,Natural Born Killers,119.0,"Crime, Drama",English,Oliver Stone,"Quentin Tarantino,David Veloz,Richard Rutowski,Oliver Stone"
1994064,Jack Goes Boating,90.0,"Romance, Comedy",English,Philip Seymour Hoffman,Robert Glaudini
2260034,Samurai Avenger: The Blind Wolf,92.0,Action,English,Kurando Mitsutake,"John Migdal,Kurando Mitsutake"
1762911,Cat Ladies,60.0,Documentary,English,Christie Callan-jones,
2417700,The Sunbeam,17.0,Drama,,D.W. Griffith,
1714748,Basant Bahar,150.0,"Drama, Musical, Romance",Hindi,Raja Nawathe,"Rajinder Singh Bedi,Ta-Ra-Su"
2359418,The Crimson Wing: Mystery of the Flamingos,77.0,Documentary,English,"Matthew Aeberhard,Leander Ward",Melanie Finn
1721478,Ben-Hur,203.0,"History, Drama, Adventure",English,William Wyler,"Lew Wallace,Karl Tunberg"
2478201,Victory,117.0,Action,English,John Huston,"Evan Jones,Yabo Yablonsky"
2376455,The Hardy Bucks Movie,90.0,Comedy,English,Mike Cockayne,"Chris Tordoff,Martin Maloney,Gerry Greaney"
2241469,Return to Tarawa: The Leon Cooper Story,61.0,Documentary,English,Leon Cooper,
2239601,Repo! The Genetic Opera,98.0,"Horror, Musical",English,Darren Bousman,"Darren Smith,Terrance Zdunich"
1757557,Can't Hardly Wait,98.0,Comedy,English,"Deborah Kaplan,Harry Elfont",
2087155,Love Me Tender,89.0,Western,English,Robert D. Webb,
2265195,Scarred,85.0,Drama,English,Rosemarie Turko,Rosemarie Turko
2457048,Two-Minute Heist,95.0,Comedy,English,"Kris Arnold,Dan DeLuca","Kris Arnold,Dan DeLuca"
2464003,Unbroken Glass,55.0,Documentary,English,Dinesh Sabu,
2074272,Life's Passing Me By,,,,Mark Cabaroy,
2080745,London,90.0,Drama,English,Hunter Richards,Hunter Richards
2395236,The Mortal Instruments: City of Bones,130.0,"Fantasy, Action, Adventure",English,Harald Zwart,Jessica Postigo
1931138,Gunfight at the O.K. Corral,122.0,Western,English,John Sturges,"George Scullin,Leon Uris"
2391827,The Man Who Shot Liberty Valance,122.0,Western,English,John Ford,"James Warner Bellah,Willis Goldbeck,Dorothy M. Johnson"
2371560,The Garden of Eden,75.0,"Romance, Comedy",,Lewis Milestone,
2473096,Vampire Circus,87.0,Horror,English,Robert Young,Judson Kinberg
2291237,Six Ways to Sunday,97.0,"Comedy, Drama",English,Adam Bernstein,"Adam Bernstein,Marc Gerald,Charles Perry"
2330434,Take a Giant Step,100.0,Drama,English,Philip Leacock,
2392816,The Mating Season,101.0,Comedy,English,Mitchell Leisen,
1995681,Jam Session,77.0,Musical,English,Charles Barton,
2412968,The Siege of Sidney Street,92.0,Drama,English (United Kingdom),"Robert S Baker,Monty Berman",Jimmy Sangster
1746812,Broadway Bill,90.0,"Romance, Comedy",English,Frank Capra,"Mark Hellinger,Robert Riskin,Sidney Buchman"
2208009,Pocket Maar,180.0,Drama,Hindi,Ramesh Lakhanpal,Kaushal Bharati
2407253,The Replacement Killers,86.0,Action,English,Antoine Fuqua,Ken Sanzel
2506973,Wound,76.0,"Fantasy, Horror",English,David Blyth,
2043235,La Martina,90.0,Drama,Spanish,René Cardona,
2077061,Little Black Book,106.0,"Romance, Comedy",English,Nick Hurran,"Elisa Bell,Melissa Carter"
2509582,Xtro II: The Second Encounter,92.0,Sci-fi,English,Harry Bromley-Davenport,
2272178,Seizure,93.0,Horror,English,Oliver Stone,Oliver Stone
1636761,19 Revolutions,,,,Sridhar Reddy,
2423708,The Vanishing City,54.0,Documentary,English,"Fiore Derosa,Jen Senko","Fiore Derosa,Chris Iversen,Jen Senko"
1762925,Cat on a Hot Tin Roof,108.0,Drama,English,Richard Brooks,"Richard Brooks,James Poe"
2341161,That Wonderful Urge,82.0,"Romance, Comedy",English,Robert B. Sinclair,
2401430,The Perfect Murder,93.0,Mystery & thriller,English,Zafar Hai,
2020949,Kings Point,30.0,Documentary,English,Sari Gilman,
1665291,Ad Fundum,98.0,Drama,Dutch,Erik Van Looy,Marc Punt
2505591,Wonder Women! The Untold Story of American Superheroines,79.0,"Documentary, Fantasy, Sci-fi",English,Kristy Guevara-Flanagan,
2108731,Mayflower!,71.0,"Romance, Comedy",English,Lee Cummings,Dimitry Yakoushkin
2209307,Police Public,127.0,"Crime, Drama",Hindi,Esmayeel Shroff,Moin-ud-din
1793652,Critters,84.0,Sci-fi,English,Stephen Herek,"Domonic Muir,Stephen Herek"
2382917,The King Maker,90.0,"Adventure, Drama",English,Lek Kitiparaporn,
1891013,Finding Shangri-La,107.0,Documentary,English,Ted Vaill,"Peter Facer,Peter Klika,Ted Vaill"
1725401,Bhagwan Shri Krishna,142.0,"Action, Adventure, Fantasy",Hindi,Ram Kumar Bohra,
1675871,All Night,107.0,"Adventure, Comedy, Animation",English,Jacob Lyman,"Jacob Lyman,John Kyle Sutton"
2398471,The Oklahoma Kid,85.0,Western,English,Lloyd Bacon,Warren Duff
2306024,Spiderhole,82.0,Horror,English,Daniel Simpson,Daniel Simpson
2323692,"Surprise, Surprise",85.0,Drama,English,Jerry Turner,"Travis Michael Holder,Jerry Turner"
2489025,"Watch Me, Alone",15.0,"Drama, Mystery & thriller",English,Simon P. Edwards,Simon P. Edwards
1706370,Baanam,115.0,Drama,Telugu,Chaitanya Dantuluri,"Chaitanya Dantuluri,Nagaraju Gandham"
1930200,Guerrilla Midwife,67.0,Documentary,English,Deja Bernhardt,Deja Bernhardt
1969965,I Was a Teenage Feminist,62.0,Documentary,English,Therese Shechter,Therese Shechter
2137493,My Brooklyn,77.0,Documentary,English,Kelly Anderson,
2464544,Undead or Alive: A Zombedy,89.0,"Comedy, Horror, Western",English,Glasgow Phillips,Glasgow Phillips
2455490,Twilight of the Ice Nymphs,91.0,Fantasy,English,Guy Maddin,"Knut Hamsun,George Toles"
2158247,Nobody's Perfect,89.0,Comedy,English,Robert Kaylor,Annie Korzen
2152905,Nickelodeon,121.0,"Comedy, Drama",English,Peter Bogdanovich,"Peter Bogdanovich,W.D. Richter"
2136415,Must Be... Love,100.0,Romance,Tagalog,Dado C. Lumibao,"Melissa Chua,Roumella Monge"
1733898,Blank,94.0,"Comedy, Mystery & thriller",English,Rick L. Winters,Rick L. Winters
2430871,They Were Sisters,110.0,Drama,English,Arthur Crabtree,
2099996,Man Zou: Beijing to Shanghai,100.0,"Documentary, Adventure",English,Jason Reid,
2419490,The Thing on the Doorstep,89.0,"Horror, Mystery & thriller",English,Tom Gliserman,Mary Jane Hansen
2312200,Steel Toes,90.0,Drama,English,"Mark Adam,David Gow",David Gow
2175996,One Night Stand,88.0,Mystery & thriller,English,Talia Shire,
1808165,Dawg Fight,110.0,Documentary,English,Billy Corben,Dhafir Harris
1756944,Camjackers,80.0,Comedy,English,Julian Dahl,"Julian Dahl,Linnea Dahl"
2490087,We Are Family,,"Comedy, Drama",English,Trey Haley,
1848800,Dumbo,64.0,"Kids & family, Fantasy, Animation",English,Ben Sharpsteen,"Joe Grant,Dick Huemer"
1722989,Best Defense,94.0,Comedy,English,Willard Huyck,"Gloria Katz,Willard Huyck"
2264999,Scar,78.0,Mystery & thriller,English,Jed Weintrob,Zack Ford
1964650,Hush,91.0,Mystery & thriller,English,Mark Tonderai,Mark Tonderai
2236464,Red Trousers: The Life of the Hong Kong Stuntmen,93.0,Documentary,English,Robin Shou,
1678989,Alyonka,86.0,Comedy,Russian,Boris Barnet,Sergei Antonov
2315489,Strange Gamble,62.0,Western,English,George Archainbaud,
2144702,Nandha,180.0,"Action, Drama",Tamil,Bala,Bala
1703131,Aurora Borealis,110.0,Drama,English,James C.E. Burke,Brent Boyd
2227241,Queen of the Amazons,61.0,Adventure,English,Edward Finney,
1972100,Idaho,70.0,Western,English,Joseph Kane,
1898515,Foreign Exchange,85.0,Comedy,English,Danny Roth,"Joel Solomon,Elliott Phear"
1922665,Going Under,81.0,Comedy,English,Mark W. Travis,
2326006,Sweet Home Alabama,108.0,"Romance, Comedy",English,Andy Tennant,"Douglas J. Eboch,C. Jay Cox"
1897193,Footsteps in the Dark,96.0,"Mystery & thriller, Comedy",English,Lloyd Bacon,"Lester Cole,John Wexley"
1751163,Burglar,102.0,"Mystery & thriller, Comedy",English,Hugh Wilson,"Lawrence Block,Jeph Loeb,Matthew Weisman,Hugh Wilson"
2387310,The Little Girl Who Lives Down the Lane,91.0,Mystery & thriller,English,Nicolas Gessner,"Laird Koenig,Laird Koenig"
2374603,The Great Escape,172.0,"War, Drama",English,John Sturges,"Paul Brickhill,James Clavell,W. R. Burnett"
2278938,Shame,96.0,Documentary,Urdu,Mohammed Ali Naqvi,Mohammed Ali Naqvi
1681554,American Vagabond,85.0,Drama,English,Susanna Helke,
1987619,Intervista,108.0,"Comedy, Drama",Italian,Federico Fellini,"Gianfranco Angelucci,Federico Fellini"
2081397,Long Shot: The Kevin Laue Story,93.0,Documentary,English,Franklin Martin,Franklin Martin
2358854,The Court Jester,101.0,"Musical, Comedy",English,"Melvin Frank,Norman Panama","Melvin Frank,Norman Panama"
1833201,Diminished Capacity,87.0,"Romance, Comedy",English,Terry Kinney,Sherwood Kiraly
2491739,Welcome Danger,112.0,Comedy,English,Clyde Bruckman,Paul Smith
2292937,Slam,103.0,Drama,English,Marc Levin,"Marc Levin,Richard Stratton,Sonja Sohn,Marc Levin,Bonz Malone,Saul Williams,Richard Stratton"
2311405,Stash House,95.0,Mystery & thriller,English,Eduardo Rodriguez,Gary Spinelli
2318741,Submerged,90.0,"Horror, Mystery & thriller",English (Australia),"Phil Moore,Ben McKenzie","Ben McKenzie,Phil Moore"
1928808,Grind,105.0,Comedy,English,Casey La Scala,Ralph Sall
1708863,Bad Girls Go to Hell,65.0,Drama,English,Doris Wishman,Doris Wishman
2469951,Uprising,85.0,"Documentary, Action, History, Drama",English,Fredrik Stanton,Fredrik Stanton
2333661,Tart,94.0,Drama,English,Christina Wayne,Christina Wayne
2250016,Room,83.0,Drama,English,Kyle Henry,Kyle Henry
2358901,The Covenant,97.0,"Horror, Mystery & thriller",English,Renny Harlin,J.S. Cardone
1910036,"Gambling, Gods and LSD",180.0,Documentary,English,Peter Mettler,Peter Mettler
2328615,T Is for Teacher,71.0,Documentary,English,Rohan Spong,
2375389,The Greening of Whitney Brown,87.0,Adventure,English,Peter Odiorne,Gail Gilchriest
2410177,The Santa Clause 2,104.0,"Kids & family, Holiday, Comedy",English,Michael Lembeck,"Don Rhymer,Cinco Paul,Ken Daurio,Ed Decter,John Strauss,Steve Rudnick,Leo Benvenuti,Steve Rudnick,Leo Benvenuti"
1707120,Baby Face Morgan,60.0,Comedy,English,Arthur Dreifuss,"Jack Rubin,Oscar Brodney,Edward Dein,Jack Rubin"
2454489,Turquaze,96.0,Drama,Turkish,Kadir Balci,Kadir Balci
2408127,The Ring,89.0,"Drama, Romance",,Alfred Hitchcock,"Alfred Hitchcock,Alma Reville"
1842565,Double Happiness,92.0,Drama,English,Mina Shum,
2241484,Return to the Land of Wonders,88.0,Documentary,Arabic,Maysoon Pachachi,
2367831,The Fatal Glass of Beer,18.0,Comedy,English,Clyde Bruckman,
1989596,Iron Man 3,130.0,"Action, Adventure, Sci-fi, Fantasy",English,Shane Black,"Drew Pearce,Shane Black"
2385453,The Lather Effect,92.0,Comedy,English,Sarah Kelly,"Sarah Kelly,Tim Talbott"
2246049,Road Movie,88.0,Drama,English,Joseph Strick,Judith Rascoe
1880613,Faces of Death II,80.0,"Documentary, Horror",English,John Alan Schwartz,John Alan Schwartz
1720651,Believe: The Eddie Izzard Story,102.0,Documentary,English,Sarah Townsend,Sarah Townsend
2389597,The Mad Genius,81.0,Drama,English,Michael Curtiz,"J. Grubb Alexander,Harvey F. Thew"
2224882,Puzzle,93.0,Drama,Romanian,Andrei Zinca,"Adrian Lustig,Andrei Zinca"
2081107,Lonesome Ghosts,9.0,"Comedy, Animation",English,Burt Gillett,Dick Friel
2405934,The Random,89.0,"Drama, Mystery & thriller",Russian,Pavel Khvaleev,Igor Preobrazhensky
1914083,Genocide,82.0,Documentary,English,Arnold Schwartzman,"Arnold Schwartzman,Marvin Hier,Martin Gilbert"
2157652,No Such Thing,101.0,"Fantasy, Comedy",English,Hal Hartley,Hal Hartley
2372177,The Giant Claw,76.0,Sci-fi,English,Fred F. Sears,
1921391,Go Now,81.0,"Comedy, Drama",English,Michael Winterbottom,
1856812,Ek Musafir Ek Hasina,180.0,"Comedy, Action, Mystery & thriller",Hindi,Raj Khosla,Raj Khosla
2225882,Qatil,180.0,Drama,Hindi,Ashok Gaikwad,"Ravi Kapoor,Mohan Kaul"
2340792,ThanksKilling 3,99.0,"Horror, Comedy",English,Jordan Downey,"Jordan Downey,Kevin Stewart,Mike Will Downey"
2246201,Road to Nowhere,90.0,"Drama, Mystery & thriller",Unknown language,Sergio Famiano,Sergio Famiano
2525774,The Shukar Collective Project,76.0,Documentary,Romanian,Matei-Alexandru Mocanu,"Simona Ciotlaus,Matei-Alexandru Mocanu"
2393194,The Member of the Wedding,91.0,Drama,English,Fred Zinnemann,"Carson McCullers,Edna Anhalt,Edward Anhalt"
2417683,The Sun Sets at Dawn,71.0,Drama,English,Paul Sloane,Paul Sloane
2381320,The Jack of Spades,96.0,Mystery & thriller,English,Miceal Og O'Donnell,Thomas Johnson
2321340,Sundowning,123.0,Drama,English,Jim Comas Cole,
1948699,Hidden Agenda,126.0,"Action, Crime, Drama, Mystery & thriller",English,Aaron Warren,"Jordan Smith,Aaron Warren"
2267538,Scott Pilgrim vs. the World,112.0,"Romance, Comedy, Action",English,Edgar Wright,"Michael Bacall,Edgar Wright"
1687172,Andy Hardy's Blonde Trouble,107.0,Comedy,English,George B. Seitz,
1876471,Everybody Dies,76.0,Action,English,Josh Evans,Josh Evans
1745405,Breezy,108.0,Drama,English,Clint Eastwood,
2310719,Starchaser: The Legend of Orin,98.0,"Sci-fi, Adventure, Fantasy, Animation",English,Steven Hahn,Jeffrey Scott
2426492,The White Dawn,110.0,Adventure,English,Philip Kaufman,
2175695,One Man Force,90.0,Action,English,Dale Trevillion,
2371518,The Garden,95.0,"Drama, Lgbtq+",English,Derek Jarman,
1758136,Candle to Water,110.0,Drama,English,Nihat Seven,Nick Green
1755822,California Mail,56.0,Western,English,Noel M. Smith,"Roy Chanslor,Harold Buckley"
1955481,Home Delivery: Aapko... Ghar Tak,,,,Sujoy Ghosh,
2259303,Sam Whiskey,96.0,"Western, Comedy",English,Arnold Laven,
2418222,The System,93.0,Drama,English,Michael Winner,
2226384,Quadrille,91.0,"Comedy, Drama",French (Canada),Sacha Guitry,
1957593,Hope Springs,90.0,"Romance, Comedy",English,Mark Herman,"Mark Herman,Charles Webb"
2350993,The Blue Diner,100.0,"Comedy, Drama, Romance",English,Jan Egleson,
2078919,Living on One Dollar,53.0,Documentary,English,"Zach Ingrasci,Sean Leonard,Chris Temple",
2364720,The Earth Dies Screaming,62.0,Sci-fi,English,Terence Fisher,
1969889,I Want to Go Home,105.0,Comedy,English,Alain Resnais,Jules Feiffer
1822281,Desamuduru,148.0,"Action, Crime, Drama",Telugu,Puri Jagannadh,Puri Jagannadh
2007899,Just This Once,90.0,Comedy,English,Don Weis,Sidney Sheldon
2401463,The Perfect Score,93.0,Comedy,English,Brian Robbins,"Mark Schwahn,Marc Hyman,Jon Zack"
2468142,Unsung Heroes,95.0,Comedy,English,Brett Simmons,"Wesley Freitas,Brett Simmons"
2243718,Riding 79,80.0,"Adventure, Comedy, Drama",English,Karola Hawk,"Jessica Dart,Karola Hawk,Michael Meade"
2373313,The God Who Wasn't There,100.0,Documentary,English,Brian Flemming,
2327547,Synthetic Pleasures,83.0,Documentary,English,Iara Lee,
1647456,A Decade Under the Influence,109.0,Documentary,English,"Richard LaGravenese,Ted Demme",
1878699,Exposed,100.0,Drama,English,James Toback,James Toback
2315836,Strangers When We Meet,117.0,Drama,English,Richard Quine,
2283834,Shoot on Sight,112.0,"Drama, Mystery & thriller",English,Jag Mundhra,Carl Austin
2398276,The Occultist,82.0,Horror,English,Tim Kincaid,
1963099,Hugo Pool,92.0,Comedy,English,Robert Downey Sr.,
2084915,Lost in La Mancha,92.0,Documentary,English,"Keith Fulton,Louis Pepe",
2331756,Tall in the Saddle,87.0,Western,English,Edwin L. Marin,
2243549,"Ride, Rise, Roar",87.0,"Documentary, Music",English,David Hillman Curtis,
2496084,When Soldiers Cry,90.0,"War, Drama",English,Joe Black,Joe Black
2398337,The Odd Way Home,87.0,Drama,English,Rajeev Nirmalakhandan,"Rajeev Nirmalakhandan,Jason Ronstadt"
1767639,Charade,114.0,"Mystery & thriller, Comedy",English,Stanley Donen,"Peter Stone,Marc Behm,Peter Stone"
1786234,Confession of a Child of the Century,116.0,Romance,English,Sylvie Verheyde,Sylvie Verheyde
2011436,Kamillions,91.0,Sci-fi,English,Mike Anderson,
2019443,Killer Tumbleweeds,90.0,"Comedy, Horror",English,Ben L. McCain,
2183822,Outlaw Trail: The Treasure of Butch Cassidy,90.0,Adventure,English,Ryan Little,David Pliler
2429972,Theodora Goes Wild,94.0,Comedy,English,Richard Boleslawski,"Mary McCarthy,Sidney Buchman"
2359283,The Creepy Doll,93.0,Horror,English,P.J. Woodside,P.J. Woodside
2107986,Max Baer's Last Right Hook,54.0,Drama,Hebrew,Avida Livny,Avida Livny
2202503,Piet Piraat en het zwaard van Zilvertand,80.0,"Kids & family, Adventure",Dutch,Bart Van Leemputten,"Bart Van Leemputten,Christophe Ameye,Hans Bourlon,Sven Duym,Gert Verhulst,Johan Horemans,Sven Huybrechts,Anjali Taneja"
2375841,The Gunrunner,83.0,"Crime, Drama",English,Nardo Castillo,
2479131,Vigil in the Night,96.0,Drama,English,George Stevens,
2372507,The Girl Can't Help It,99.0,"Musical, Comedy",English,Frank Tashlin,"Garson Kanin,Frank Tashlin,Herbert Baker"
2244740,Rio Breaks,85.0,Documentary,Portuguese (Brazil),Justin Mitchell,"Justin Mitchell,John Maier,Vince Medeiros"
1658737,A Thousand Acres,105.0,Drama,English,Jocelyn Moorhouse,Laura Jones
1943125,Heera,150.0,"Action, Drama, Crime",Hindi,Sultan Ahmed,Sultan Ahmed
2464407,Uncut,92.0,"Comedy, Drama",English,John Greyson,John Greyson
2235876,Red Dust,83.0,Romance,English,Victor Fleming,John Lee Mahin
2109700,Mean Machine,98.0,"Comedy, Drama",English,Barry Skolnick,"Andy Day,Chris Baker"
2064595,Legal Eagles,114.0,"Comedy, Drama",English,Ivan Reitman,
2411306,The Secret Lives of Dorks,91.0,Comedy,English,Salomé Breziner,"Johnny Severin,Nicholas Brandt"
1670499,Ain't in It for My Health: A Film About Levon Helm,83.0,Documentary,English,Jacob Hatley,
2209235,Police,109.0,Drama,French (Canada),Maurice Pialat,
1888631,Fido,91.0,"Horror, Comedy",English,Andrew Currie,"Robert Chomiak,Andrew Currie,Dennis Heaton"
1903789,Fried Green Tomatoes,130.0,Drama,English,Jon Avnet,"Fannie Flagg,Carol Sobieski"
2408892,The Rocky Horror Picture Show,95.0,"Musical, Comedy",English,Jim Sharman,"Richard O'Brien,Richard O'Brien,Jim Sharman"
1841129,Door Ki Awaaz,135.0,"Drama, Romance",Hindi,Devendra Goel,
2019361,Killer Kid,95.0,Drama,French (Canada),Gilles de Maistre,
2249995,Rookie of the Year,103.0,"Kids & family, Comedy",English,Daniel Stern,Sam Harper
1814439,Deewane Huye Paagal,160.0,"Romance, Comedy",Hindi,Vikram Bhatt,"Kiran Kotrial,Neeraj Vora,Abbas Hirapurwala"
1672658,Aladdin,90.0,"Kids & family, Musical, Comedy, Adventure, Fantasy, Animation",English,"Ron Clements,John Musker","Roger Allers,Ron Clements,Ted Elliott,John Musker,Terry Rossio"
2400924,The Pawnbroker,116.0,Drama,English,Sidney Lumet,"Morton S. Fine,David Friedkin"
2106990,Material Success,83.0,"Documentary, Comedy, Drama",English,Jesse Mann,
1941544,Heading for Heaven,65.0,Comedy,English,Lewis D. Collins,"Lewis D. Collins,Oscar Mugge"
2386861,The Likely Lads,90.0,Comedy,English,Michael Tuchner,"Dick Clement,Ian La Frenais"
2308771,Sri Rama Rajyam,172.0,Drama,Telugu,Bapu,Venkata Ramana Mullapoodi
2019335,Killer Image,97.0,Mystery & thriller,English,David Winning,
2473304,Van Gogh,175.0,Biography,French (Canada),Maurice Pialat,
2301200,Song of the Saddle,58.0,Western,English,Louis King,William Jacobs
2388527,The Lost Boys,97.0,"Horror, Comedy",English,Joel Schumacher,"Jeffrey Boam,Jan Fischer,James Jeremias"
2222658,Pukar,161.0,"Action, Drama",Hindi,Ramesh Behl,"G.R. Kamath,Madan Joshi"
2088569,Low Tide,92.0,Drama,English,Roberto Minervini,Roberto Minervini
1990445,Islamic Art: Mirror of the Invisible World,90.0,Documentary,,Robert H. Gardner,
2007044,Jury Duty,88.0,Comedy,English,John Fortenberry,
2206167,Playback,120.0,"Horror, Mystery & thriller",,Michael A. Nickles,Michael A. Nickles
1898940,Forgive Me Father,136.0,Mystery & thriller,English,Ivan Rogers,"Marisa Caldero,Thomas Fenton,Blair Latta"
2404767,The Proprietor,113.0,Drama,English,Ismail Merchant,"George W.S. Trow,Jean-Marie Besset"
2444763,Touch of Pink,91.0,"Romance, Comedy",English,Ian Iqbal Rashid,Ian Iqbal Rashid
1788128,Coogan's Bluff,94.0,"Crime, Drama",English,Don Siegel,Herman Miller
2503958,Within the Woods,,,,Sam Raimi,
1981922,In the Spirit,93.0,Comedy,English,Sandra Seacat,Jeannie Berlin
2500781,Wild Boys of the Road,68.0,Drama,English,William A. Wellman,Earl Baldwin
1793367,Criminals Within,67.0,Mystery & thriller,English,Joseph H. Lewis,Edward Bennett
1995567,Jalanan,108.0,Drama,Indonesian,Daniel Ziv,"Daniel Ziv,Ernest Hariyanto"
1948504,Hi-De-Ho,72.0,Musical,English,Josh Binney,Hal Seeger
2237605,Regresa,99.0,"Romance, Comedy",Spanish,Alejandro González Padilla,"Alejandro González Padilla,Monica Abin"
2256842,Sadie Thompson,97.0,Drama,,Raoul Walsh,Raoul Walsh
1842522,Double Exposure,95.0,Mystery & thriller,English,William Byron Hillman,
1739213,Bol,165.0,Drama,Urdu,Shoaib Mansoor,Shoaib Mansoor
2281634,Sherlock Holmes and the Secret Weapon,68.0,Mystery & thriller,English,Roy William Neill,"W. Scott Darling,Edmund L. Hartmann,Edward T. Lowe Jr."
2369589,The Flesh and the Fiends,87.0,"Horror, Crime, Drama, Romance",English,John Gilling,"John Gilling,Leon Griffiths"
1784022,Coming Apart,110.0,Drama,English,Milton Moses Ginsberg,Milton Moses Ginsberg
1841717,Dororo,139.0,"Action, Fantasy, Horror",Japanese,Akihiko Shiota,"Osamu Tezuka,Masa Nakamura"
2396634,The Navigator,69.0,Comedy,,"Donald Crisp,Buster Keaton","Clyde Bruckman,Jean Havez,Joseph A. Mitchell"
2368869,The Finishing Touch,82.0,Mystery & thriller,English,Fred Gallo,
1781667,Coisa de Mulher,97.0,Comedy,Portuguese (Brazil),Eliana Fonseca,"Grelo Falante,Evandro Mesquita"
1982846,Incognito,100.0,Drama,French (Canada),Patrice Dally,
2415041,The Space Children,69.0,Sci-fi,English,Jack Arnold,
2153027,Nicotina,90.0,"Comedy, Crime, Drama",Spanish,Hugo Rodriguez,Martin Salinas
2362433,The Devil's Carnival,90.0,"Horror, Musical",English,Darren Bousman,Terrance Zdunich
1651738,A Line in the Sand,90.0,Drama,English,Jeffrey Chernov,Mark Nassar
2377476,The Hide,82.0,Mystery & thriller,English,Marek Losey,Marek Losey
2104948,Martian Child,106.0,"Kids & family, Drama",English,Menno Meyjes,"Seth E. Bass,Jonathan Tolins"
2375820,The Gunfight at Dodge City,81.0,Western,English,Joseph M. Newman,"Daniel Bruce,Martin Goldsmith"
1699336,Assa,153.0,"Drama, Romance, Crime",Russian,Sergei Solovyov,"Sergey Livnev,Sergei Solovyov"
2356220,The Christmas Bunny,100.0,"Holiday, Drama",English,Tom Seidman,Tom Seidman
1851596,Early to Bed,18.0,Comedy,,Emmett J. Flynn,
2432996,Thousands Cheer,126.0,Musical,English,George Sidney,"Paul Jarrico,Richard Collins"
1687074,"Andrus: The Man, the Mind & the Magic",78.0,Documentary,English,Robert Neary,
2087125,Love Me,97.0,Mystery & thriller,English,Rick Bota,Kat Candler
2289524,Sing While You're Able,66.0,"Musical, Comedy",English,Marshall Neilan,
1969149,I Remember Me,74.0,Documentary,English,Kim A. Snyder,
2419769,The Three Faces of Eve,91.0,Drama,English,Nunnally Johnson,Nunnally Johnson
2103568,Mariken,92.0,Fantasy,Spanish,André van Duren,
2317252,Stripped,74.0,Documentary,English,Jill Morley,Jill Morley
2305414,Speed Racer,135.0,"Action, Adventure",English,"Lilly Wachowski,Lana Wachowski","Lilly Wachowski,Lana Wachowski"
2241417,Return to Never Land,72.0,"Kids & family, Fantasy, Adventure, Animation",English,Robin Budd,Temple Mathews
2243629,Riders of the Rockies,57.0,Western,English,Robert N. Bradbury,"Norman Leslie,Robert Emmett Tansey"
1814890,Dekh Kabira Roya,141.0,Romance,Hindi,Amiya Chakrabarty,
1915572,Get Yourself a College Girl,86.0,"Musical, Comedy",English,Sidney Miller,
2374679,The Great Happiness Space: Tale of an Osaka Love Thief,76.0,Documentary,English,Jake Clennell,
2352065,The Boy in Blue,98.0,Biography,English,Charles Jarrott,Douglas Bowie
1822647,Desert Runners,99.0,"Documentary, Adventure, Drama",English,Jennifer Steinman,
1693022,April Showers,94.0,Musical,English,James V. Kern,Peter Milne
2077442,Little John,126.0,"Fantasy, Mystery & thriller",Unknown language,Singeetam Srinivasa Rao,
2153512,Night Eyes,95.0,Mystery & thriller,English,Jag Mundhra,
1986347,InSpectres,85.0,Comedy,English,Darren Orange,"J.A. Dohm,Matt Forbeck"
2175975,One Night of Love,80.0,Musical,English,Victor Schertzinger,
2090803,Luster,90.0,"Comedy, Drama",English,Everett Lewis,Everett Lewis
1768681,Chasing the Dream,105.0,Documentary,English,Angelo Mei,"Maggie Carey,Angelo Mei"
2389045,The Love of Sunya,72.0,Drama,,Albert Parker,
2373082,The Glass Alibi,70.0,"Crime, Drama",English,W. Lee Wilder,
1722547,Bernard and Doris,103.0,"Drama, Lgbtq+",English,Bob Balaban,Hugh Costello
2480624,Virtual Combat,90.0,Fantasy,English,Andrew Stevens,
1871000,Equalizer 2000,79.0,Sci-fi,English,Cirio H. Santiago,
1854136,Eeshwar,180.0,Drama,Hindi,K. Viswanath,K. Viswanath
2385282,The Last Valley,126.0,Adventure,English,James Clavell,
2289643,Singing in the Dark,84.0,Drama,English,Max Nosseck,
2423699,The Vanishing American,110.0,"History, Drama",,George B. Seitz,"Zane Grey,Lucien Hubbard,Ethel Doherty"
2433400,Three Kings,115.0,"War, Comedy, Drama",English,David O. Russell,"David O. Russell,John Ridley"
2490815,Weak Species,34.0,"Comedy, Drama",English,Dan Faltz,Dan Faltz
1794362,Croupier,91.0,Mystery & thriller,English,Mike Hodges,Paul Mayersberg
2433153,Three Brave Men,88.0,Drama,English,Philip Dunne,Philip Dunne
1982851,Incognito,106.0,Mystery & thriller,English,John Badham,
1742875,Box of Shadows,92.0,"Horror, Mystery & thriller",English,Mauro Borrelli,"Scott Svatos,Mauro Borrelli"
2314731,Storm in a Teacup,87.0,Comedy,English,"Victor Saville,Ian Dalrymple","Ian Dalrymple,Donald Bull"
1686898,Andre Gregory: Before and After Dinner,108.0,Documentary,English,Cindy Kleine,
2393813,The Mighty Quinn,98.0,Mystery & thriller,English,Carl Schenkel,Hampton Fancher
2172437,Olympia,76.0,"Comedy, Drama",English,Bob Byington,
1728532,Bike Race,13.0,"Documentary, Comedy, Romance, Animation",English,Tom Schroeder,
2444365,Totally Baked: A Pot-U-Mentary,88.0,"Action, Comedy, Crime, Drama, Fantasy",English,Lee Abbott,"Lee Abbott,Steven D. Binder,Neil Mahoney,Craig Shoemaker"
2316380,Street Dreams,88.0,Drama,English,Chris Zamoscianyk,"Elisa Delson,Rob Dyrdek,Nino Scalia"
2227417,Queens of Country,,Comedy,English,"Ryan Page,Christopher Pomerenke","Ryan Page,Christopher Pomerenke,Serene Dominic"
2195817,Pee Stains and Other Disasters,104.0,"Comedy, Drama",English,Jon Carnoy,Mike Horelick
2410325,The Scalphunters,102.0,"Western, Comedy",English,Sydney Pollack,William W. Norton
2497693,Whispers in the Dark,103.0,Mystery & thriller,English,Christopher Crowe,
1985295,Insaaf,147.0,"Romance, Drama, Musical, Action",Hindi,Mukul Anand,"Madan Joshi,K. K. Shukla"
2420188,The Time Travelers,82.0,Sci-fi,English,Ib Melchior,
2153761,Night of the Ghouls,69.0,Horror,English,Edward D. Wood Jr.,Edward D. Wood Jr.
1815366,Delivered,89.0,"Action, Crime, Drama",English,Michael Madison,Brandon Manbeck
1808497,Day of the Warrior,96.0,Action,English,Andy Sidaris,Andy Sidaris
1764424,Cecilie,93.0,"Horror, Mystery & thriller",Danish,Hans Fabian Wullenweber,"Nikolaj Arcel,Rasmus Heisterberg"
1844175,Dr. No,110.0,"Action, Adventure",English,Terence Young,"Ian Fleming,Richard Maibaum,Johanna Harwood"
1682879,Amu,102.0,Drama,Bangla,Shonali Bose,Shonali Bose
2503502,Wishmaster,90.0,Horror,English,Robert Kurtzman,
1944423,Hello Down There,98.0,Comedy,English,Jack Arnold,
2438858,To Be or Not to Be,99.0,Comedy,English,Ernst Lubitsch,"Melchior Lengyel,Ernst Lubitsch,Edwin Justis Mayer"
2464928,Under the Influence,90.0,"Crime, Drama",English,Eric Gardner,Sean Dash
2525625,Expiration,92.0,"Horror, Mystery & thriller",English,Alastair Orr,"Jonathan Jordaan,Alastair Orr"
2344695,The Amorous Adventures of Moll Flanders,125.0,Comedy,English (United Kingdom),Terence Young,Denis Cannan
2216685,Prey for the Beast,76.0,"Horror, Mystery & thriller",English,Brett Kelly,Jeff O'Brien
1635008,100 Mile Rule,98.0,Comedy,English,Brent Huff,Drew Pillsbury
2433668,Three Sisters,165.0,Drama,English,"Laurence Olivier,John Sichel",Moura Budberg
1940136,Havana 57,,Drama,English,Jim Purdy,Jim Purdy
1999542,Jesus People,88.0,Comedy,English,Jason Naumann,"Dan Ewald,Rajeev Sigamoney"
2063467,Leadville Gunslinger,54.0,Western,English,Harry Keller,M. Coates Webster
2378946,The House on August Street,63.0,Documentary,German,Ayelet Bargur,Noa Berman-Herzberg
2282786,Shinobi,107.0,"Action, Drama, Fantasy, Romance",Japanese,Ten Shimoyama,"Kenya Hirata,Futaro Yamada"
1753354,By the Devil's Hands,90.0,Horror,English,Christopher Abram,Christopher Abram
2452149,Trust,106.0,Mystery & thriller,English,David Schwimmer,Andy Bellin
2327604,Syriana,128.0,"Drama, Mystery & thriller",English,Stephen Gaghan,"Robert Baer,Stephen Gaghan,John Bowker"
1718880,Before and After,108.0,Drama,English,Barbet Schroeder,
1826703,Dick,95.0,Comedy,English,Andrew Fleming,"Andrew Fleming,Sheryl Longin"
1951497,"His Majesty, the Scarecrow of Oz",65.0,Fantasy,,L. Frank Baum,L. Frank Baum
2359698,The Cry Baby Killer,62.0,Mystery & thriller,English,Jus Addiss,
2157564,No Small Ways,90.0,Action,English,Matt Jones,
1981543,In the Living Years,87.0,Drama,English,"John Harwood,Johnny Remo",
1697685,Asambhav,149.0,"Action, Adventure, Romance",Hindi,Rajiv Rai,
2157323,No Place to Hide,97.0,Mystery & thriller,English,Richard Danus,
2152658,Nicholas Nickleby,138.0,Drama,English,Douglas McGrath,"Charles Dickens,Douglas McGrath"
1664808,Across the Tracks,100.0,Drama,English,Sandy Tung,Sandy Tung
2256758,Saddle Legion,61.0,Western,English,Lesley Selander,
1910237,Gamer,95.0,"Action, Mystery & thriller, Sci-fi",English,"Mark Neveldine,Brian Taylor",
2175510,One in the Chamber,91.0,"Action, Crime, Drama, Mystery & thriller",English,William Kaufman,"Chad Law,Evan Law,Derek Kolstad,Benjamin Shahrabani"
2075079,Like Dandelion Dust,104.0,Drama,English,Jon Gunn,"Stephen J. Rivele,Michael Lachance"
2051993,Lambent Fuse,99.0,Drama,English,Matt Cici,
2130197,Motel Hell,106.0,"Horror, Comedy",English,Kevin Connor,
2249486,Rome & Juliet,,"Drama, Romance",English,Connie Macatuno,
2404762,The Proposition,99.0,Adventure,English,Strathford Hamilton,"Paul Matthews,Paul Matthews"
2270368,Secretariat,123.0,"Drama, Biography",English,Randall Wallace,Mike Rich
2055156,Late Night Shopping,91.0,"Romance, Comedy",English,Saul Metzstein,Jack Lothian
1675566,All Good Things,101.0,Mystery & thriller,English,Andrew Jarecki,"Marcus Hinchey,Marc Smerling"
2381551,The Jerk Theory,93.0,Comedy,English,Scott S. Anderson,"Scott S. Anderson,Abraham Taylor"
1694910,Arjun: The Warrior Prince,96.0,"Kids & family, Adventure, History, Drama, Animation",Hindi,Arnab Chaudhuri,Rajesh Devraj
2446977,Trancers,85.0,Sci-fi,English,Charles Band,"Danny Bilson,Paul De Meo"
2495644,When I Came Home,70.0,Documentary,English,Dan Lohaus,
1917480,Gilane,,,,Mohsen Abdolvahab,
2405200,The Quantum Activist,78.0,Documentary,English,"Renee Slade,Ri Stewart",Ted Golder
1705771,Azaad,163.0,"Action, Adventure, Comedy",Hindi,S.M.S. Naidu,
1724109,Between Men,58.0,Western,English,Robert N. Bradbury,Robert N. Bradbury
2064650,"Legally Blonde 2: Red, White & Blonde",94.0,Comedy,English,Charles Herman-Wurmfeld,"Kate Kondell,Eve Ahlert,Dennis Drake,Kate Kondell,Amanda Brown"
2467203,Universalove,83.0,"Romance, Musical",French (France),Thomas Woschitz,
1926466,Gran Torino,117.0,Drama,English,Clint Eastwood,Nick Schenk
2493895,What Do You Think?,11.0,Drama,English,Jacques Tourneur,
1912966,Gehenna,,Horror,English,Joshua Bruening,Joshua Bruening
2132351,Mr. Destiny,111.0,Fantasy,English,James Orr,
1933798,Haiku Tunnel,90.0,Comedy,English,"Jacob Kornbluth,Josh Kornbluth","Josh Kornbluth,Jacob Kornbluth"
2235546,Rectuma,95.0,"Comedy, Horror",English,Mark Pirro,
2366780,The Eyes of the Amaryllis,95.0,Drama,English,Frederick King Keller,
2378935,The House of Usher,92.0,Horror,English,Alan Birkinshaw,
2440208,Tobruk,110.0,War,English,Arthur Hiller,Leo Gordon
2377950,The Hobbit: An Unexpected Journey,169.0,"Fantasy, Adventure",English,Peter Jackson,"Fran Walsh,Philippa Boyens,Peter Jackson,Guillermo del Toro"
1988292,Intruders,99.0,"Horror, Mystery & thriller",English,Juan Carlos Fresnadillo,"Nicolas Casariego,Jaime Marques Olarreaga"
1844546,Dragon Fire,90.0,Action,English,Rick Jacobson,
2077502,Little Lord Fauntleroy,103.0,Drama,English,Jack Gold,Blanche Hanalis
2374910,The Great Sioux Uprising,80.0,Western,English,Lloyd Bacon,"Melvin Levy,J. Robert Bren,Gladys Atwater"
2278259,Shadowman,93.0,Mystery & thriller,English,Piotr Andrejew,
2347921,The Bay of Love and Sorrows,95.0,"Drama, Mystery & thriller",English,Tim Southam,"Tim Southam,David Adams Richards"
2073605,Life Begins,71.0,Drama,English,"James Flood,Elliott Nugent",
1745061,Breakout,96.0,Action,English,Tom Gries,"Howard B. Kreitsek,Marc Norman,Elliott Baker"
1735226,Blonde Crazy,79.0,"Crime, Drama",English,Roy Del Ruth,"Kubec Glasmon,John Bright"
2360545,The Dark Backward,100.0,"Comedy, Drama",English,Adam Rifkin,
1657359,A Small Good Thing,71.0,Documentary,English,Pamela Tanner Boll,"Pamela Tanner Boll,Nancy Kennedy"
2364648,The Eagle and the Hawk,104.0,Western,English,Lewis R. Foster,"Lewis R. Foster,Daniel Mainwaring,Jess Arnold"
2413125,The Silent Enemy,92.0,Adventure,English (United Kingdom),William Fairchild,William Fairchild
1807821,David & Fatima,120.0,Drama,English,Alain Zaloum,"Kari Bian,Patrick Krauss,Alain Zaloum"
2408133,The Ring,115.0,"Horror, Mystery & thriller",English,Gore Verbinski,"Ehren Kruger,Scott Frank,Kôji Suzuki"
2304936,Speakers' Corner: You Have the Right to Remain Vocal,59.0,Documentary,English,Gavin White,
2056208,Lawless,115.0,"Crime, Drama",English,John Hillcoat,Nick Cave
2357565,The Comedians,148.0,Drama,English,Peter Glenville,Graham Greene
2136683,Mutiny in the Big House,83.0,Drama,English,William Nigh,
1695237,Armored Car Robbery,68.0,"Crime, Drama",English,Richard Fleischer,
2350371,The Black Dakotas,65.0,Western,English,Ray Nazarro,"DeVallon Scott,Ray Buffum"
2205449,Planet 51,91.0,"Kids & family, Comedy, Adventure, Sci-fi, Animation",English,Jorge Blanco,Joe Stillman
1746274,Bring on the Night,97.0,Documentary,English,Michael Apted,
2073865,Life Is Beautiful,167.0,"Drama, Romance",Telugu,Sekhar Kammula,Sekhar Kammula
2187519,Pan Tadeusz,125.0,Drama,Polish,Andrzej Wajda,"Jan Nowina-Zarzycki,Andrzej Wajda,Piotr Weresniak"
2341002,That Lucky Touch,89.0,"Romance, Comedy",English,Christopher Miles,
2429350,The Young Visiters,93.0,Drama,English,James Hill,
2361869,The Demolitionist,100.0,Sci-fi,English,Robert Kurtzman,Brian DiMuccio
1913053,Geisha Girl,67.0,"Comedy, Romance",English,"George Breakston,C. Ray Stahl",C. Ray Stahl
2095251,Magic Piano,30.0,"Kids & family, Adventure, Animation",,Martin Clapp,Geoff Lindsey
2321590,Sunset Heat,94.0,Action,English,John Nicolella,
1921880,God's Country and the Man,56.0,Western,English,Robert N. Bradbury,
2457394,Tzvetanka,66.0,Documentary,Bulgarian,Youlian Tabakov,Youlian Tabakov
2374976,The Great Waldo Pepper,107.0,"Adventure, Drama",English,George Roy Hill,
1877459,Ex-Girlfriends,71.0,"Romance, Comedy, Drama",English,Alexander Poe,Alexander Poe
1695504,Around the Block,104.0,Drama,English,Sarah Spillane,Sarah Spillane
1897944,For the Love of the Music: The Club 47 Folk Revival,106.0,Documentary,English,"Todd Kwait,Rob Stegman","Todd Kwait,Rob Stegman,John Delancy"
2020377,King in Chicago,77.0,Documentary,English,Seth McClellan,
2215759,Premium Rush,91.0,"Action, Mystery & thriller",English,David Koepp,"David Koepp,John Kamps"
1877172,Evil Weed,70.0,Horror,English,David Wexler,David Wexler
2180343,Orphans of the Storm,125.0,Drama,,D.W. Griffith,D.W. Griffith
2368750,The Final Payoff,118.0,"Action, Crime, Drama",Greek,Alexander Leontaritis,Alexander Leontaritis
2245672,Rivals,103.0,Drama,English,Krishna Shah,
2309799,Stand by for Action,109.0,War,English,Robert Z. Leonard,
2278061,Shadow of a Doubt,108.0,"Crime, Drama, Mystery & thriller",English,Alfred Hitchcock,"Gordon McDonell,Thornton Wilder,Sally Benson,Alma Reville"
1654771,A Perfect Ending,110.0,"Drama, Lgbtq+",English,Nicole Conn,Nicole Conn
1944530,"Hello, Dolly!",146.0,"Musical, Comedy",English,Gene Kelly,
2370541,The Fourth World,55.0,"Documentary, Adventure, History, Drama",English,Mark Volkers,Mark Volkers
1918058,Giovanni Falcone,124.0,"Crime, Drama",Italian,Giuseppe Ferrara,"Armenia Balducci,Giuseppe Ferrara"
2184580,Overland Riders,49.0,Western,English,Sam Newfield,Ellen Coyle
2174978,One Big Holiday,29.0,Documentary,English,Michael Feld,
2132840,Mr. Reckless,66.0,Drama,English,Frank McDonald,
2189951,Paradise Island,68.0,"Musical, Romance",English,Bert Glennon,
1879557,Eye of God,84.0,Drama,English,Tim Blake Nelson,Tim Blake Nelson
2315504,Strange Illusion,87.0,Drama,English,Edgar G. Ulmer,"Adele Comandini,Fritz Rotter"
2525769,"Burzynski: Cancer Is Serious Business, Part II",107.0,Documentary,English,Eric Merola,"Jon Barratt,Eric Merola"
2231574,Rambo III,101.0,"Action, Adventure",English,Peter MacDonald,"David Morrell,Sylvester Stallone,Sheldon Lettich"
2055612,Laughing at the Moon,,Comedy,English,Alyssa Addison,Alyssa Addison
2273341,Sensation Hunters,73.0,Drama,English,Charles Vidor,
2404095,The Princess and the Goblin,82.0,"Kids & family, Fantasy, Animation",English,József Gémes,Robin Lyons
2463867,Unaccompanied Minors,89.0,"Kids & family, Holiday, Comedy",English,Paul Feig,"Paul Feig,Sandra Tsing Loh"
2128455,Moonwalker,94.0,Musical,English,"Jerry Kramer,Colin Chilvers",
2412582,The Shining,142.0,"Horror, Mystery & thriller",English,Stanley Kubrick,"Stephen King,Stanley Kubrick,Diane Johnson"
2192406,Pascali's Island,106.0,Drama,English (United Kingdom),James Dearden,Barry Unsworth
1937999,Hard Target,94.0,Action,English,John Woo,Chuck Pfarrer
1893639,Flame,91.0,"Musical, Drama",English,Richard Loncraine,"Andrew Birkin,Dave Humphries"
2371501,The Garage,94.0,Drama,English,Carl Thibault,
2344688,The Amityville Horror,89.0,Horror,English,Andrew Douglas,Scott Kosar
1783849,Comfort and Joy,105.0,"Comedy, Drama",English,Bill Forsyth,
2199524,Pete's Meteor,105.0,Drama,English,Joe O'Byrne,Joe O'Byrne
1966201,I Am Dina,128.0,Drama,English,Ole Bornedal,"Ole Bornedal,Jonas Cornell,Herbjørg Wassmo"
1945203,"Henry Aldrich, Editor",72.0,Comedy,English,Hugh Bennett,
1843232,Down by Law,106.0,Comedy,English,Jim Jarmusch,Jim Jarmusch
2352434,The Brazen Bull,85.0,Mystery & thriller,English,Douglas Elford-Argent,
2384956,The Last Ride,84.0,"Mystery & thriller, Crime, Drama",English,Karl Krogstad,Ted Prior
2379466,The Hunting Party,103.0,Drama,English,Richard Shepard,Richard Shepard
2402570,The Plank,58.0,Comedy,English (United Kingdom),Eric Sykes,Eric Sykes
1941576,Headline Shooter,60.0,Drama,English,Otto Brower,
2104421,Marquis,,,,Henri Xhonneux,
1804381,Darkest Hour,96.0,Horror,English,Dan Zachary,"Dan Zachary,John Knox"
1787300,Contact High,98.0,Comedy,German,Michael Glawogger,"Michael Glawogger,Mike Ostrowski"
2287625,Silent,,"Comedy, Horror, Mystery & thriller, Romance",English,Michael Pleckaitis,"Michael Pleckaitis,Carl Frederick,Andrea Pleckaitis"
2239850,Repulsion,105.0,Horror,English,Roman Polanski,"Roman Polanski,Gérard Brach,David Stone"
2262132,Sara,91.0,Drama,Polish,Maciej Slesicki,Maciej Slesicki
2311987,Stealing Las Vegas,87.0,"Crime, Drama",English,Francisco Menéndez,"Francisco Menéndez,Warren D. Cobb,Nr Miller"
1977220,Illicit,81.0,Romance,English,Archie Mayo,
2326722,Swing State,93.0,Documentary,English,"Jason Zone Fisher,John Intrater,H. Spencer Young","Jason Zone Fisher,John Intrater,H. Spencer Young"
1790535,Country Gentlemen,66.0,Comedy,English,Ralph Staub,
1884608,Fastest,110.0,Documentary,English,Mark Neale,Mark Neale
2130519,Mother's Day,98.0,Horror,English,Charles Kaufman,Charles Kaufman
2226750,Quantum Hoops,85.0,Documentary,English,Rick Greenwald,Rick Greenwald
1723806,Better Than Chocolate,101.0,"Romance, Comedy, Lgbtq+",English,Anne Wheeler,Peggy Thompson
1815341,Deliverance,109.0,"Adventure, Drama",English,John Boorman,James Dickey
1921431,Go to Hell,90.0,"Adventure, Comedy, Horror",English,Michael J. Heagle,"Michael J. Heagle,Raymond P. Whalen"
1667675,Africa Screams,79.0,Comedy,English,Charles Barton,Earl Baldwin
2356813,The Clinic,91.0,Mystery & thriller,English,James Rabbitts,James Rabbitts
2025709,Koran by Heart,77.0,Documentary,Arabic,Greg Barker,
1985780,Inside Job,108.0,Documentary,English,Charles Ferguson,Charles Ferguson
1752121,Busking the System,90.0,"Documentary, Biography",English,Justin Michael Morales,"Justin Michael Morales,Chris Parrot,Mike Esasky"
1906665,Full Blast,95.0,Drama,French (Canada),Rodrigue Jean,"Nathalie Loubeyre,Martin Pitre"
1658892,A Time to Die,90.0,Action,English,Charles T. Kanganis,
2169201,Of Unknown Origin,88.0,Horror,English,George P. Cosmatos,
1723766,Better Living,95.0,Comedy,English,Max Mayer,Max Mayer
2156234,No Body Found,86.0,Drama,English,"Angela Rollo,Angela Lyons",Richard L. Rollo
1991656,It's a Girl!,64.0,Documentary,English,Evan Grae Davis,
2132088,Mr. & Mrs. Khiladi,180.0,Comedy,Hindi,David Dhawan,
2354758,The Carrier,90.0,Horror,English,Nathan J. White,
1681498,American Standoff,95.0,Documentary,English,Kristi Jacobson,
1826792,Dick Tracy,110.0,"Crime, Drama, Action",English,Warren Beatty,"Jim Cash,Jack Epps Jr."
2278257,Shadowlands,130.0,Drama,English,Richard Attenborough,William Nicholson
2446084,Trade Winds,90.0,Mystery & thriller,English,Tay Garnett,
2367721,The Farmerette,10.0,"Comedy, Animation",,"Harry Bailey,John Foster",
1844333,Dracula,75.0,Horror,English,Tod Browning,"John L. Balderston,Garrett Fort,Dudley Murphy,Bram Stoker"
2229253,Rachel Is,67.0,Documentary,English,Charlotte Glynn,
1802364,Dangerous Beauty,111.0,"History, Drama",English,Marshall Herskovitz,"Margaret Rosenthal,Jeannine Dominy"
1851622,Earth,108.0,Drama,Hindi,Deepa Mehta,"Deepa Mehta,Bapsi Sidhwa"
2319625,Sugar & Spice,81.0,Comedy,English,Francine McDougall,Mandy Nelson
2250427,Rope of Sand,104.0,Adventure,English,William Dieterle,
1777491,City Limits,85.0,Sci-fi,English,Aaron Lipstadt,
2243575,Riders,,,,Gérard Pirès,
1925010,Google and the World Brain,,,,Ben Lewis,
1774535,Christopher Columbus,104.0,Biography,English (United Kingdom),David MacDonald,Muriel Box
2028088,Kukumi,107.0,Drama,Albanian,Isa Qosja,
1798173,Cyrano de Bergerac,112.0,Drama,English,Michael Gordon,
1709420,Badrinath,132.0,"Action, Drama, Romance, Adventure, Fantasy",Telugu,Vinayak V.V.,"Chinni Krishna,Rajendra Kumar"
1879536,Eye for an Eye,97.0,Drama,English,John Schlesinger,"Erika Holzer,Amanda Silver,Rick Jaffa"
1980417,In Our Name,93.0,Drama,English,Brian Welsh,Brian Welsh
2419870,The Three Stooges,92.0,Comedy,English,"Peter Farrelly,Robert Farrelly","Peter Farrelly,Robert Farrelly,Mike Cerrone"
1771877,Children of a Lesser God,117.0,Drama,English,Randa Haines,"Hesper Anderson,Mark Medoff"
2498966,Who Shot My Father?,72.0,"Documentary, Biography, Crime, Drama, Mystery & thriller",Hebrew,Liora Amir-Barmatz,
2370225,The Forgotten Bomb,95.0,Documentary,English,"Bud Ryan,Stuart Overbey",
2407469,The Return,85.0,Mystery & thriller,English,Asif Kapadia,Adam Sussman
1712527,Bank Robber,91.0,Comedy,English,Nick Mead,Nick Mead
2078069,Little Women,116.0,Drama,English,George Cukor,"Sarah Y. Mason,Victor Heerman"
2154181,Nighthawks,99.0,Mystery & thriller,English,Bruce Malmuth,David Shaber
1792609,Creator,107.0,"Romance, Comedy",English,Ivan Passer,
2271191,Seed Swap,72.0,Documentary,English,Zachariah McCannon,"Brian Campbell,Zachariah McCannon"
1849059,Dunston Checks In,88.0,"Kids & family, Comedy",English,Ken Kwapis,"John Hopkins,Bruce Graham"
2458826,UFOria,100.0,Sci-fi,English,John Binder,
2365325,The Emperor's Candlesticks,89.0,Drama,English,George Fitzmaurice,
2217151,Primary,60.0,Documentary,English,Robert Drew,Robert Drew
2267144,Science Friction,89.0,"Drama, Horror, Sci-fi",English,Liam Kiernan,"Liam Kiernan,Robert G. Ryan"
1740608,Boogie,102.0,"Comedy, Drama",Romanian,Radu Muntean,
1844229,Dr. Seuss' The Cat in the Hat,82.0,"Kids & family, Comedy, Fantasy",English,Bo Welch,"Alec Berg,Jeff Schaffer,David Mandel,Dr. Seuss"
1997215,Jay Jay,132.0,Romance,Tamil,Saran,
2514126,You Never Can Tell,78.0,Fantasy,English,Lou Breslow,
2349344,The Big Bird Cage,93.0,"Crime, Drama",English,Jack Hill,Jack Hill
1898348,Force of Evil,78.0,"Crime, Drama",English,Abraham Polonsky,"Abraham Polonsky,Ira Wolfert"
2368693,The Final Extra,60.0,"Action, Crime, Drama, Romance",,James P. Hogan,"Herbert C. Clark,Delos Sutherland"
1987144,International Lady,102.0,Mystery & thriller,English,Tim Whelan,
2285410,Shukriyaa,90.0,Drama,Hindi,A. C. Trilogchander,Ravi Kapoor
1654753,A Perfect Candidate,81.0,Documentary,English,"R.J. Cutler,David Van Taylor",
2344669,The Americano,60.0,Adventure,,John Emerson,
1949399,High School Hellcats,69.0,"Crime, Drama, Lgbtq+",English,Edward Bernds,
1738980,Boiling Point,93.0,Action,English,James B. Harris,"Gerald Petievich,James B. Harris"
2374031,The Goonies,111.0,"Kids & family, Adventure, Comedy",English,Richard Donner,"Steven Spielberg,Chris Columbus"
2161486,Notting Hill,123.0,"Romance, Comedy",English,Roger Michell,Richard Curtis
1635380,102 Dalmatians,100.0,"Kids & family, Adventure",English,Kevin Lima,"Dodie Smith,Kristen Buckley,Brian Regan,Kristen Buckley,Brian Regan,Bob Tzudiker,Noni White"
1963407,Hum Tum Shabana,138.0,"Comedy, Crime, Drama, Romance",Hindi,Sagar Ballary,"Sagar Ballary,Sharat Katariya,Farhajaan Sheikh"
2095755,Mahal,165.0,Mystery & thriller,Hindi,Kamal Amrohi,
1904639,From Here to Eternity,118.0,Drama,English,Fred Zinnemann,"James Jones,Daniel Taradash"
2086340,Love Bite,91.0,"Comedy, Horror",English,Andy De Emmony,"Ronan Blaney,Cris Cole"
1788997,Cornman: American Vegetable Hero,70.0,"Adventure, Action, Comedy",English,Barak Epstein,Barak Epstein
2080426,Loha,156.0,"Romance, Drama, Musical",Hindi,Kanti Shah,
1747681,Brooklyn's Finest,125.0,"Crime, Drama",English,Antoine Fuqua,"Michael C. Martin,Brad Caleb Kane"
1750532,Bulworth,106.0,"Comedy, Drama",English,Warren Beatty,"Warren Beatty,Jeremy Pikser"
1673590,Alex in Wonder,96.0,Drama,English,Drew Ann Rosenberg,Drew Ann Rosenberg
2333116,Tape,83.0,Drama,English,Richard Linklater,"Stephen Belber,Stephen Belber"
2322430,Super Speedway,50.0,Documentary,English,"Stephen Low,Andrew Kitzanuk",
1734649,Blind Rage,81.0,"Action, Comedy",English,Efren C. Piñon,"Leo Fong,Jerry O. Tirazona"
2180328,Orphans,101.0,"Comedy, Drama",English (United Kingdom),Peter Mullan,Peter Mullan
2002955,Johnny Stecchino,121.0,Comedy,Italian,Roberto Benigni,"Roberto Benigni,Vincenzo Cerami"
2425766,The Way of War,90.0,"Action, Mystery & thriller",English,John R. Carter,"John R. Carter,Scott Schafer"
1770238,Cherry Hill High,87.0,Comedy,English,Alex E. Goiten,
1668557,Aftermath: The Remnants of War,,,,Daniel Sekulich,
2511889,Yentl,134.0,Musical,English,Barbra Streisand,"Jack Rosenthal,Barbra Streisand"
2138708,My Kingdom,117.0,"Crime, Drama",English,Don Boyd,"Nick Davies,Don Boyd"
1638342,200 Cigarettes,101.0,"Romance, Comedy",English,Risa Bramon Garcia,
2407749,The Reverend,98.0,Horror,English,Neil Jones,Neil Jones
2203993,Pioneer,106.0,Mystery & thriller,Norwegian,Erik Skjoldbjærg,"Nikolaj Frobenius,Hans Gunnarsson,Erik Skjoldbjærg,Cathinka Nicolaysen,Kathrine Valen"
2380405,The Inner Circle,88.0,Drama,English,Goran Gajic,
1856776,Ek Hi Bhool,100.0,Drama,Hindi,Rama Rao Tatineni,"K. Bhagyaraja,Rahi Masoom Reza"
2337933,Ten Canoes,91.0,"Adventure, Comedy, Drama",English,"Rolf de Heer,Peter Djigirr",Rolf de Heer
2200846,Phir Milenge,160.0,"Drama, Action",Unknown language,Revathi,
2132627,Mr. Magorium's Wonder Emporium,95.0,"Kids & family, Fantasy, Comedy, Drama",English,Zach Helm,Zach Helm
1931140,Gunfight in Abilene,86.0,Western,English,William Hale,"Berne Giler,John D. F. Black"
2200011,Petrang Kabayo,110.0,"Comedy, Fantasy",Tagalog,Wenn V. Deramas,
2505873,Woody Allen: A Documentary,113.0,Documentary,English,Robert B. Weide,Robert B. Weide
1744320,Brawler,87.0,Drama,English,Chris Sivertson,"Chris Sivertson,Nathan Grubbs"
1761416,Carrotblanca,,,,Douglas McCarthy,
2191338,Parker,118.0,"Action, Crime, Drama, Mystery & thriller",English,Taylor Hackford,John J. McLaughlin
1741295,Border Wolves,57.0,Western,English,Joseph H. Lewis,
1792232,Crazy Love,90.0,Drama,Dutch,Dominique Deruddere,"Dominique Deruddere,Marc Didden"
2216774,Price of Glory,118.0,Drama,English,Carlos Avila,Phil Berger
2190206,Parallel Sons,92.0,Drama,English,John G. Young,
1835777,Diva,125.0,Mystery & thriller,English,Jean-Jacques Beineix,
2497629,Whisper Island,100.0,"Adventure, Fantasy, Romance",English,Mark Goodman,Mark Goodman
2343830,The Affair,81.0,Drama,English,Danny Taylor,Eric Mandelbaum
2175079,One Dark Night,89.0,"Horror, Mystery & thriller",English,Tom McLoughlin,"Tom McLoughlin,Michael Hawes"
2051027,Lady for a Day,95.0,"Comedy, Drama",English,Frank Capra,"Damon Runyon,Robert Riskin"
2001964,"Joe Smith, American",63.0,Mystery & thriller,English,Richard Thorpe,
2501009,Wild on the Beach,77.0,"Musical, Comedy",English,Maury Dexter,Harry Spalding
1928052,Green Dragon,115.0,Drama,English,Timothy Linh Bui,"Timothy Linh Bui,Timothy Linh Bui,Tony Bui"
2274182,Serenades,99.0,Drama,English,Mojgan Khadem,Mojgan Khadem
2224013,Pursuit to Algiers,65.0,Mystery & thriller,English,Roy William Neill,Leonard Lee
2250508,Rosa and the Executioner of the Fiend,,,,Ivan Acosta,
2263763,Savage Africa,68.0,Documentary,French (Canada),Jacques Dupont,
1694878,Arizona Sky,92.0,Drama,English,Jeff London,Jeff London
2403386,The Power of Few,95.0,"Mystery & thriller, Crime, Drama",English,Leone Marucci,Leone Marucci
2395268,The Mosquito Coast,118.0,"Adventure, Drama",English,Peter Weir,Paul Schrader
1868289,Enchanted April,66.0,"Comedy, Drama",English,Harry Beaumont,
1882457,Family,109.0,"Comedy, Drama",English,Faith Trimel,Faith Trimel
1989397,Irish Destiny,73.0,Drama,,George Dewhurst,I.J. Eppel
2320708,Summer School,96.0,Comedy,English,Carl Reiner,Jeff Franklin
1637857,2 Days in New York,95.0,Comedy,English,Julie Delpy,"Julie Delpy,Alexia Landeau"
1647377,A Day Without a Mexican,97.0,Comedy,English,Sergio Arau,"Yareli Arizmendi,Sergio Arau,Sergio Guerrero"
1996106,Jana Gana Mana,105.0,Comedy,,Amit Abhyankar,Sameer Joshi
1733130,Black Swan,90.0,"Comedy, Drama",English,Wendy Ord,"Wendy Ord,Christopher Bruce"
2372669,The Girl in the Picture,90.0,Comedy,English,Cary Parker,
2239439,Reparando,78.0,"Documentary, Biography, History, Drama",Spanish,Scott Owen Moore,"Scott Owen Moore,Bengy Del Villar,Bobby Marko"
2245839,Riverrun,87.0,Drama,English,John Korty,"Bill Brammer,John Korty"
2387433,The Little Patriot,90.0,"History, Drama, Adventure",English,J. Christian Ingvordsen,
1972712,If Looks Could Kill,89.0,Mystery & thriller,English,Chuck Vincent,
2321189,Sunday Dinner for a Soldier,86.0,"Comedy, Drama",English,Lloyd Bacon,"Martha Cheavens,Melvin Levy,Wanda Tuchock"
2287924,Silent Trigger,90.0,"Mystery & thriller, Action",English,Russell Mulcahy,
1995197,Jail,131.0,Drama,Hindi,Madhur Bhandarkar,"Anuradha Tiwari,Manoj Tyagi"
1784453,Commencement,94.0,"Comedy, Drama",English,Steve Albrezzi,Steve Albrezzi
1937385,Happy Mother's Day,,,,Richard Leacock,
2155898,Nitrate Kisses,63.0,Documentary,English,Barbara Hammer,
2393004,The Meat Puppet,80.0,Horror,English,Joe Valenti,"Billy Pepitone,Joseph Pepitone"
2139807,My So-Called Enemy,90.0,Documentary,English,Lisa Gossels,
2495800,When Ladies Meet,105.0,"Romance, Comedy",English,Robert Z. Leonard,
1731926,Black Christmas,98.0,"Holiday, Horror",English,Bob Clark,Roy Moore
2156570,No Footing,82.0,Drama,English,Michael Licisyn,Michael Licisyn
1727833,Big Sister 2000,90.0,Sci-fi,English,"Donald G. Jackson,Scott Shaw",Donald G. Jackson
2073760,Life in Flight,80.0,Drama,English,Tracey Hecht,Tracey Hecht
1949193,High Five,96.0,Documentary,English,Julia Ivanova,Julia Ivanova
2078329,Live Feed,77.0,Horror,Chinese,Ryan Nicholson,"Ryan Nicholson,Roy Nicholson"
1925403,Gory Gory Hallelujah,100.0,Comedy,English,Sue Corcoran,Angie Louise
1885940,Fear Strikes Out,100.0,Biography,English,Robert Mulligan,
2065192,Leila Diniz,101.0,Biography,Portuguese (Brazil),Luiz Carlos Lacerda,"Luiz Carlos Lacerda,Glória Perez"
2366652,The Exterminator,101.0,Action,English,James Glickenhaus,
2361251,The Dead Pool,91.0,"Action, Mystery & thriller",English,Buddy Van Horn,"Steve Sharon,Durk Pearson,Sandy Shaw Lai-King,Steve Sharon"
2269307,Search for the Great Sharks,40.0,Documentary,English,Mal Wolfe,
2477959,Victim of Desire,85.0,Mystery & thriller,English,Jim Wynorski,
1954673,Hollywood High,81.0,Comedy,English,Patrick Wright,
2349672,The Big Picture,100.0,Comedy,English,Christopher Guest,
2460439,Un amor de Borges,92.0,Drama,Spanish,Javier Torre,"Isabel de Estrada,Javier Torre"
1918992,Girls in Chains,72.0,"Crime, Drama",English,Edgar G. Ulmer,
2459402,Ultimate Christian Wrestling,95.0,"Drama, Comedy",English,"Tara Autovino,Jae-Ho Chang",
1770179,Cherry,86.0,"Romance, Comedy",English,"Jon Glascoe,Joseph Pierson",Terry Reed
1785223,Complot,,Drama,Spanish,Jackson Gutiérrez,Jackson Gutiérrez
1846680,Driving Men,68.0,Documentary,English,Susan Mogul,
1780251,Clutter,77.0,Drama,English,Diane Crespo,Paul Marcarelli
2452413,Tryst,86.0,"Mystery & thriller, Drama",English,John Barrett Ashmore,John Barrett Ashmore
1929530,Grumpier Old Men,100.0,Comedy,English,Howard Deutch,Mark Steven Johnson
1851999,Easter Parade,103.0,"Musical, Comedy",English,Charles Walters,"Frances Goodrich,Albert Hackett,Sidney Sheldon,Frances Goodrich,Albert Hackett"
1737783,BoardHeads,85.0,"Documentary, Action",English,Davo Weiss,"Anna Koo,Davo Weiss"
1723085,Best Man Down,91.0,"Comedy, Drama",English,Ted Koland,Ted Koland
2013784,Kasam,180.0,Drama,Hindi,Shibu Mitra,Madan Joshi
1971462,Icebreaker,93.0,Action,English,David Giancola,David Giancola
2104179,Marked Man,94.0,Action,English,Marc F. Voizard,Thomas Ritz
2296709,Snow White and the Huntsman,127.0,"Fantasy, Adventure, Action",English,Rupert Sanders,"Evan Daugherty,Evan Daugherty,John Lee Hancock,Hossein Amini"
2497078,Where the North Begins,42.0,Adventure,English,Howard P. Bretherton,
2315438,Strange Confession,61.0,"Crime, Drama, Horror",English,John Hoffman,
2292893,Slackers,86.0,Comedy,English,Dewey Nicks,David H. Steinberg
2105124,Marty,91.0,Drama,English,Delbert Mann,"Paddy Chayefsky,Paddy Chayefsky"
1640674,31 días,93.0,"Comedy, Romance",Spanish,Erika Grediaga,
2520731,Zombie Crush: A Teenage Zomedy,45.0,Action,English,Tendal Mann,Lawayne Bontrager
2393711,The Midnight Horror Show,81.0,Horror,English (United Kingdom),Andrew Jones,Andrew Jones
2305243,Specter,81.0,"Mystery & thriller, Horror",English,Jordan Graham,Jordan Graham
2448043,Trash and Progress,94.0,Sci-fi,English,Abraham Dieckman,Abraham Dieckman
2183024,Out in the Silence,56.0,Documentary,English,"Dean Hamer,Joe Wilson",
2125673,Mom and Dad Save the World,88.0,"Kids & family, Sci-fi",English,Greg Beeman,
1711776,Banana Leaves,89.0,"Drama, Horror",English,Lanre Sarumi,Lanre Sarumi
1635656,12 Angry Men,95.0,Drama,English,Sidney Lumet,Reginald Rose
1968216,I Love Hip Hop in Morocco,80.0,Documentary,Arabic,"Joshua Asen,Jennifer Needleman",Jennifer Needleman
1794137,Crossing Delancey,97.0,"Romance, Comedy",English,Joan Micklin Silver,Susan Sandler
1912353,Gay Purr-ee,86.0,"Kids & family, Musical, Animation",English,Abe Levitow,Chuck Jones
1640322,3 Strikes,82.0,Comedy,English,DJ Pooh,DJ Pooh
2385011,The Last Run,97.0,Comedy,English,Jonathan Segal,"Todd Camhe,Jonathan Segal"
1804072,Dark Mirror,89.0,"Mystery & thriller, Horror",English,Pablo Proenza,"Matthew Reynolds,Pablo Proenza"
2433577,Three on a Match,64.0,Drama,English,Mervyn LeRoy,Lucien Hubbard
1839904,Don't Bother to Knock,76.0,Drama,English,Roy Ward Baker,
2207516,Ploy,105.0,Drama,English,Pen-Ek Ratanaruang,Pen-Ek Ratanaruang
1838286,Dogville,178.0,Drama,English,Lars von Trier,Lars von Trier
1721005,Bellman and True,122.0,"Crime, Drama",English,Richard Loncraine,
2221181,Prototype,78.0,"Sci-fi, Action, Mystery & thriller",English,Michael Reilly,"Michael Reilly,Thomas Mahoney"
2354220,The Caller,97.0,Horror,English,Arthur Allan Seidelman,
2023062,Knifepoint,83.0,"Crime, Drama, Horror, Mystery & thriller",English,Jed Strahm,Jed Strahm
2200145,Petunia,108.0,"Comedy, Drama",English,Ash Christian,"Ash Christian,Theresa Bennett"
2004468,Journey to Spirit Island,94.0,Adventure,English,László Pal,
2442181,Tongan Ark,93.0,Documentary,English,Paul Janman,
2447242,Transformations,85.0,"Crime, Drama, Mystery & thriller",English,"Edwin Decena,Javier Molina",Javier Molina
1780734,Cocaine Unwrapped,,,,Rachel Seifert,
2496545,When We Were Kings,84.0,Documentary,English,Leon Gast,
1834040,Dirt,95.0,"Comedy, Drama",English,Nancy Savoca,"Nancy Savoca,Richard Guay"
2389873,The Magic of Marciano,97.0,Drama,English,Tony Barbieri,Tony Barbieri
2133039,Mr. Wrong,96.0,Comedy,English,Nick Castle,Chris Matheson
1922336,Goin' South,105.0,"Western, Comedy",English,Jack Nicholson,
2416617,The Story of Esther Costello,103.0,Drama,English,David Miller,
2397827,The Nitwits,81.0,Comedy,English,George Stevens,
1703394,Austenland,96.0,"Romance, Comedy",English,Jerusha Hess,"Jerusha Hess,Shannon Hale"
2420046,The Tie That Binds,98.0,Mystery & thriller,English,Wesley Strick,
1929233,Groupie Girl,86.0,Drama,English,Derek Ford,"Derek Ford,Suzanne Mercer"
2093460,Mad Money,103.0,Comedy,English,Callie Khouri,Glenn Gers
2255734,S.W.A.T.,116.0,"Action, Mystery & thriller",English,Clark Johnson,"David Ayer,David McKenna,Ron Mita,Jim McClain"
2023048,Knife Fight,99.0,Drama,English,Bill Guttentag,Bill Guttentag
2088361,"Lovers, Lovers",86.0,Comedy,English,Serge Rodnunsky,
2019301,Killer Elite,117.0,"Action, Mystery & thriller",English,Gary McKendry,Matt Sherring
2338596,Tentacle 8,124.0,"Drama, Mystery & thriller",English,John Chi,John Chi
2214375,Practical Magic,105.0,"Comedy, Drama",English,Griffin Dunne,"Alice Hoffman,Robin Swicord,Akiva Goldsman,Adam Brooks"
2082549,Lord Jim,154.0,Adventure,English,Richard Brooks,Richard Brooks
1718319,Becoming Jesse Tate,89.0,Drama,English,Ralph E. Portillo,"Jamie Elliott,Jamie Elliott,Steve Horswill-Johnston"
2132707,Mr. Nanny,84.0,"Kids & family, Comedy",English,Michael Gottlieb,"Edward Rugoff,Michael Gottlieb"
2293169,Slaughter Trail,78.0,Western,English,Irving Allen,Sid Kuller
1734676,Blind Spot,86.0,Documentary,English,Adolfo Doring,
2305004,Special,82.0,"Comedy, Drama",English,"Hal Haberman,Jeremy Passmore","Hal Haberman,Jeremy Passmore"
2278421,Shadows of the Past,104.0,Drama,English,Warren Ryan,Warren Ryan
2412691,The Shooting Party,108.0,Drama,English,Alan Bridges,
1967616,I Hate Valentine's Day,98.0,"Romance, Comedy",English,Nia Vardalos,Nia Vardalos
2350886,The Blood Oranges,93.0,Drama,English,Philip Haas,
2003700,Jos ovaj put,97.0,"Drama, Mystery & thriller",Serbian,Dragan Kresoja,Milan Jelic
1875918,Evel Knievel,90.0,Biography,English,Marvin J. Chomsky,
2385129,The Last Straight Man,110.0,"Romance, Comedy, Drama",English,Mark Bessenger,Mark Bessenger
2413171,The Silent Partner,103.0,"Mystery & thriller, Comedy",English,Daryl Duke,
2096934,Makdee,90.0,"Kids & family, Fantasy",Hindi,Vishal Bhardwaj,Vishal Bhardwaj
1810780,Dead & Breakfast,88.0,"Horror, Comedy",English,Matthew Leutwyler,Matthew Leutwyler
2392557,The Mask of Dimitrios,95.0,Mystery & thriller,English,Jean Negulesco,
2339991,Testosterone,105.0,"Comedy, Drama",English,David Moreton,"David Moreton,James Robert Baker,Dennis Hensley"
1966042,I Against I,84.0,"Crime, Drama, Mystery & thriller",English,"Mark Cripps,David Ellison,James Marquand",
2071247,Lethal Tender,89.0,Action,English,John Bradshaw,Tony Johnston
2306988,spOILed,90.0,Documentary,English,Mark Mathis,"Mark Mathis,Kevin Miller"
2432328,This Revolution,95.0,Drama,English,Stephen Marshall,Stephen Marshall
2288224,Silver Circle,90.0,"Mystery & thriller, Action",English,Pasha Roberts,Steven Schwartz
2426279,The Wetonkawa Flash,90.0,Comedy,English,Boyd Hale,Boyd Hale
2305100,Special Needs,86.0,Comedy,English,Isaak James,Isaak James
1845731,Dreams on Spec,88.0,Documentary,English,Daniel Snyder,Daniel Snyder
1919037,Girls Just Want to Have Fun,87.0,"Musical, Comedy",English,Alan Metter,Amy Spies
2155333,Ninja Champion,87.0,"Action, Mystery & thriller",Chinese,Godfrey Ho,Godfrey Ho
1945260,Henry Poole Is Here,101.0,"Comedy, Drama",English,Mark Pellington,Albert Torres
2229196,Race You to the Bottom,75.0,"Romance, Lgbtq+",English,Russell Brown,Russell Brown
2199684,Peter Pan,76.0,"Kids & family, Fantasy, Animation",English,"Clyde Geronimi,Wilfred Jackson,Hamilton Luske","Ted Sears,Erdman Penner,Bill Peet,Joe Rinaldi,Milt Banta,Ralph Wright,William Cottrell"
1698573,Ask a Policeman,82.0,Comedy,English (United Kingdom),Marcel Varnel,Sidney Gilliat
1657054,A Shot in the Dark,101.0,"Comedy, Mystery & thriller",English,Blake Edwards,"Marcel Achard,William Peter Blatty,Blake Edwards,Harry Kurnitz"
2507897,WUSA,115.0,Drama,English,Stuart Rosenberg,Robert Stone
2470255,Urban Legends: Final Cut,98.0,Horror,English,John Ottman,"Silvio Horta,Paul Harris Boardman,Scott Derrickson"
2247484,Rock 'n' Roll High School Forever,94.0,"Musical, Comedy",English,Deborah Brock,
1741271,Border Saddlemates,57.0,Western,English,William Witney,
2386332,The Liars' Club,92.0,Drama,English,Jeffrey Porter,
2494591,What Time Is Left,65.0,Documentary,English,Dakin Henderson,
1656944,A Shine of Rainbows,101.0,"Kids & family, Drama",English,Vic Sarin,"Dennis Foon,Vic Sarin,Catherine Spear"
2502455,Wings in the Dark,77.0,Adventure,English,James Flood,
2151492,New Year's Evil,90.0,Horror,English,Emmett Alston,Leonard Neubauer
2220194,Project Happiness,62.0,Documentary,English,John Sorensen,
1751265,Buried Land,86.0,Drama,English,"Steven Eastwood,Geoffrey Alan Rhodes","Steven Eastwood,Geoffrey Alan Rhodes,Dzenan Medanovic"
1654498,A Pair of Briefs,90.0,Comedy,English (United Kingdom),Ralph Thomas,Nicholas Phipps
2415867,The Stand Up,82.0,Drama,English,David Wexler,David Wexler
2120962,Miracle of the White Stallions,117.0,Adventure,English,Arthur Hiller,
1885803,Fear,96.0,Mystery & thriller,English,Robert A. Ferretti,
1636842,1942: A Love Story,157.0,Romance,Hindi,Vidhu Vinod Chopra,"Sanjay Leela Bhansali,Kamna Chandra"
2434745,Thunderbolt,43.0,Documentary,English,"William Wyler,John Sturges",Lester Koenig
1786074,Condorman,90.0,"Kids & family, Comedy",English,Charles Jarrott,
1882496,Family Band: The Cowsills Story,86.0,Documentary,English,"Louise Palanker,Bill Filipiak","Louise Palanker,Bob Cowsill"
1941478,Head Trauma,84.0,"Horror, Mystery & thriller",English,Lance Weiler,"Lance Weiler,Brian Majeska"
1891313,Finn's Girl,88.0,"Drama, Romance",English,"Dominique Cardona,Laurie Colbert",Laurie Colbert
2463939,Unbeaten,80.0,Documentary,English,Steven C. Barber,
2404417,The Prodigal Planet,127.0,Drama,English,Donald W. Thompson,
1910105,Game of Death,102.0,Adventure,Chinese,Robert Clouse,Robert Clouse
1738973,Boiler Room,120.0,Drama,English,Ben Younger,Ben Younger
2275443,Seven Years in Tibet,136.0,Drama,English,Jean-Jacques Annaud,"Heinrich Harrer,Becky Johnston"
2180856,Osa,92.0,"Crime, Drama",English,Oleg Egorov,Oleg Egorov
2191622,Parsley Days,79.0,"Comedy, Drama",English,Andrea Dorfman,Andrea Dorfman
2218699,Private Moments,85.0,"Drama, Romance",English,Jag Mundhra,Carl Austin
2392107,The Mansion of Madness,100.0,"Comedy, Fantasy, Horror, Mystery & thriller",Spanish,Juan López Moctezuma,"Carlos Illescas,Juan López Moctezuma"
2393236,The Memphis Belle: A Story of a Flying Fortress,43.0,"Documentary, History, Drama, War",English,William Wyler,"Jerome Chodorov,Lester Koenig,William Wyler"
1811805,Deadly Force,95.0,"Crime, Drama",English,Paul Aaron,"Robert Vincent O'Neill,Barry Schneider,Ken Barnett"
1983879,Inescapable,93.0,Mystery & thriller,English,Ruba Nadda,Ruba Nadda
1931514,"Guru, the Mad Monk",62.0,Horror,English,Andy Milligan,Andy Milligan
2296724,Snow White and the Three Stooges,107.0,"Kids & family, Comedy",English,Walter Lang,"Noel Langley,Elwood Ullman"
1935993,Hands of God,83.0,Drama,English,Carlos Corral,
2194210,Patterns of Passion,80.0,Drama,English,Patrick L. Coleman,Patrick L. Coleman
2346515,The Awakening,83.0,Mystery & thriller,English,Vince Rotonda,"Vince Rotonda,Brian Schaefer"
2179519,Orca,92.0,Horror,English,Michael Anderson,
2343912,The Aftermath,96.0,Sci-fi,English,Steve Barkett,Steve Barkett
2274169,Serenade,121.0,Musical,English,Anthony Mann,"Ivan Goff,Ben Roberts,John Twist"
1887576,Ferlinghetti: A City Light,,,,Christopher Felver,
2431836,This Is America,97.0,Documentary,English,Romano Vanderbes,Romano Vanderbes
2242712,Rhubarb,95.0,Comedy,English,Arthur Lubin,
2055322,Latin Dragon,101.0,Action,English,Scott Thomas,"James Becket,Fabian Carrillo,Scott Thomas"
1762814,Casualties,86.0,Mystery & thriller,English,Alex Graves,
1989368,Iris,81.0,Drama,Swedish,Ulrika Bengts,"Annina Enckell,Mikael Wahlforss"
2126910,Monk in Europe,58.0,Documentary,English,Michael Blackwood,
2143865,Naked Beneath the Water,83.0,"Horror, Mystery & thriller",English,Sean Cain,Sean Cain
2500744,Wild Bill,97.0,Western,English,Walter Hill,
2135932,Mushishi,131.0,Fantasy,Japanese,Katsuhiro Ohtomo,"Sadayuki Murai,Katsuhiro Ohtomo"
1674044,Alhelm: Martin Luther King in Palestine,93.0,Drama,English,Connie Field,
2150679,Never Stand Still,78.0,Documentary,English,Ron Honsa,"Ron Honsa,Nan Penman"
2150422,Never a Dull Moment,100.0,Comedy,English,Jerry Paris,
1989156,Irada Pakka,130.0,"Comedy, Romance",Marathi,Kedar Shinde,"Nimish Datt,Omkar M. Datt"
2300862,Son of Rambow,95.0,Comedy,English,Garth Jennings,Garth Jennings
1651660,A Life of Her Own,108.0,Drama,English,George Cukor,Isobel Lennart
1662423,ABC Africa,83.0,Documentary,English,Abbas Kiarostami,
1966605,I Can Get It for You Wholesale,91.0,Drama,English,Michael Gordon,Abraham Polonsky
1921864,God's Cartoonist: The Comic Crusade of Jack Chick,77.0,Documentary,English,Kurt Kuersteiner,
2232626,Rascals,128.0,"Action, Comedy",Hindi,David Dhawan,"Yunus Sajawal,Sanjay Chhel"
2000458,Jihne Mera Dil Luteya,134.0,"Romance, Comedy",Punjabi,Mandeep Kumar,
2345250,The Appearing,92.0,"Horror, Mystery & thriller",English,Daric Gates,"Daric Gates,Matthew J. Ryan"
1823044,Desolate,77.0,"Drama, Sci-fi, Mystery & thriller",English,Rob Grant,
2291275,Sixteen Candles,90.0,Comedy,English,John Hughes,John Hughes
1777427,City by the Sea,108.0,"Crime, Drama",English,Michael Caton-Jones,"Ken Hixon,Michael Caton-Jones"
2391635,The Man Who Came to Dinner,112.0,Comedy,English,William Keighley,"Julius J. Epstein,Philip G. Epstein,Moss Hart,George S. Kaufman"
1912445,Gaza-London,15.0,Drama,Arabic,Dima Hamdan,
2264401,Saw II,93.0,"Horror, Mystery & thriller",English,Darren Bousman,"Darren Bousman,Leigh Whannell"
2077221,Little Deaths,,,,Giula Sandler,
2311815,Stay Hungry,99.0,"Comedy, Drama",English,Bob Rafelson,"Charles Gaines,Bob Rafelson"
2241734,Revelation,90.0,Horror,English,André van Heerden,"Paul Lalonde,Peter Lalonde"
1844635,Dragonfly,103.0,Mystery & thriller,English,Tom Shadyac,"David Seltzer,Brandon Camp,Mike Thompson,Brandon Camp,Mike Thompson"
2305433,Speed to Spare,57.0,Action,English,William Berke,Milton Raison
2520728,Zombie Cop,61.0,Horror,English,J.R. Bookwalter,"J.R. Bookwalter,Matthew Jason Walsh"
2358135,The Constant Nymph,106.0,Drama,English,Edmund Goulding,Kathryn Scola
1714747,Basant,163.0,"Comedy, Drama, Romance",Hindi,Bibhuti Mitra,
2492060,Welcome to the Machine,103.0,Documentary,English,Andreas Steinkogler,"Andreas Steinkogler,Hannes Hoettl"
1705240,Axed,84.0,"Drama, Horror, Mystery & thriller",English,Ryan Lee Driscoll,Ryan Lee Driscoll
2185594,Pablo's Hippos,90.0,"Documentary, Biography",English,"Antonio Von Hildebrand,Lawrence Elman",Antonio Von Hildebrand
2253381,Run for Cover,93.0,Western,English,Nicholas Ray,Winston Miller
2080128,Locked In,85.0,"Drama, Mystery & thriller",English,Suri Krishnamma,
2362063,The Desert Rats,88.0,War,English,Robert Wise,Richard Murphy
2239472,Repeat Performance,91.0,Drama,English,Alfred L. Werker,
2374070,The Gorgeous Hussy,102.0,"History, Drama",English,Clarence Brown,
2004258,Journal of a Contract Killer,90.0,"Action, Crime, Drama, Mystery & thriller",English,Tony Maylam,Tony Maylam
2312201,Steel Town,85.0,Action,English,George Sherman,"Leonard Freeman,Gerald Drayson Adams,Lou Breslow"
2408662,The Road to Nod,100.0,Mystery & thriller,English,M.A. Littler,M.A. Littler
2298837,Soldiers Pay,,,,David O. Russell,
1791895,Crash Landing,89.0,"Action, Mystery & thriller",English,Jim Wynorski,"Paul A. Birkett,William Langlois"
1741261,Border Phantom,60.0,Western,English,S. Roy Luby,
2078217,"Live a Little, Love a Little",90.0,Musical,English,Norman Taurog,
2434580,Thumbelina,94.0,"Kids & family, Fantasy, Animation",English,"Don Bluth,Gary Goldman","Hans Christian Andersen,Don Bluth"
2054327,Last Chance Harvey,92.0,Romance,English,Joel Hopkins,Joel Hopkins
2494431,What Price Crime,63.0,"Crime, Drama",English,Albert Herman,
1969680,I Used to Be Darker,90.0,Drama,English,Matt Porterfield,"Amy Belk,Matt Porterfield"
1823297,Desperately Seeking Paul McCartney,84.0,Comedy,English,Marc Cushman,"Marc Cushman,Susan Osborn"
2115117,Metamorphosen,85.0,Documentary,Russian,Sebastian Mez,
2029628,Kya Kehna,100.0,Drama,Hindi,Kundan Shah,Honey Irani
1725135,Beyond Therapy,93.0,"Comedy, Drama",English,Robert Altman,
1752812,Butterfly,90.0,"Horror, Mystery & thriller",English,Edward E. Romero,Edward E. Romero
1746978,Brokedown Palace,100.0,Drama,English,Jonathan Kaplan,David Arata
2303672,Southland Tales,144.0,"Comedy, Drama",English,Richard Kelly,Richard Kelly
2219195,Priyudu,141.0,"Drama, Romance",Telugu,Shravan,Shravan
2515707,Yozgat Blues,96.0,Drama,Turkish,Mahmut Fazil Coskun,Tarik Tufan
2497146,Where the Wild Things Are,101.0,"Kids & family, Fantasy, Adventure",English,Spike Jonze,"Spike Jonze,Dave Eggers"
2178664,Operation Last Patrol,,,,Frank Cavestani,
1811815,Deadly Games,95.0,Horror,English,Scott Mansfield,Scott Mansfield
1721917,Benny and Babloo,123.0,"Comedy, Drama",Hindi,Yunus Sajawal,
2056178,Law of the Underworld,61.0,"Crime, Drama",English,Lew Landers,
1715775,Battle for the Planet of the Apes,92.0,Sci-fi,English,J. Lee Thompson,"Paul Dehn,John William Corrington,Joyce Hooper Corrington"
2353861,The Butterfly Tattoo,101.0,"Drama, Romance, Mystery & thriller",English,Phil Hawkins,"Stephen Potts,Philip Pullman"
1741351,Bordertown,90.0,"Crime, Drama",English,Archie Mayo,
1846639,Drivers Wanted,94.0,Comedy,English,T. Lee Beideck,T. Lee Beideck
2138879,My Little Chickadee,83.0,"Western, Comedy",English,Edward F. Cline,"W.C. Fields,Mae West"
2382733,The Killer That Stalked New York,79.0,Drama,English,Earl McEvoy,Harry Essex
1883582,Far and Away,140.0,"Drama, Adventure, Romance",English,Ron Howard,"Bob Dolman,Ron Howard"
1851456,Eagle Falls,15.0,Comedy,English,Carrie Madariaga,"Carrie Madariaga,Byron Hord"
2277776,Shackled,82.0,Mystery & thriller,English,Dave McCabe,
2398330,The Odd Job,90.0,Comedy,English,Peter Medak,
2209018,Pokémon 4Ever,79.0,"Kids & family, Adventure, Animation",Japanese,Kunihiko Yuyama,Hideki Sonoda
1923557,Golimar,,Action,Telugu,Puri Jagannadh,
2355173,The Cave,97.0,"Horror, Mystery & thriller",English,Bruce Hunt,"Michael Steinberg,Tegan West"
1645538,A Chairy Tale,12.0,"Comedy, Fantasy",,"Claude Jutra,Norman McLaren",
2414389,The Snows of Kilimanjaro,117.0,Adventure,English,Henry King,
1660131,A Walk on the Moon,107.0,Drama,English,Tony Goldwyn,
2350468,The Black Marble,113.0,"Comedy, Drama",English,Harold Becker,
1958613,Hostel,111.0,"Action, Crime, Drama, Romance, Mystery & thriller",Hindi,Manish Gupta,"Manish Gupta,Virag Mishra"
2093398,Mad Dogs,91.0,Mystery & thriller,English,Ahmed A. Jamal,Simon Louvish
2270437,Secrets,92.0,Drama,English,Philip Saville,
2388316,The Longest Yard,121.0,"Comedy, Drama",English,Robert Aldrich,Tracy Keenan Wynn
1696252,Art of Darkness,,Horror,English,Steve Laurence,"Ben Cannell,Martin Laurence,Steve Laurence"
2396282,The Myth of Fingerprints,93.0,Drama,English,Bart Freundlich,Bart Freundlich
1994617,Jackson County Jail,85.0,Mystery & thriller,English,Michael Miller,
1822968,Desire Me,91.0,Romance,English,"George Cukor,Mervyn LeRoy,Victor Saville,Jack Conway","Zoe Akins,Marguerite Roberts"
1666735,Adventure,130.0,Drama,English,Victor Fleming,
2023079,Knight Knight,85.0,Comedy,English,Christina Bucher,Nicholas Horwood
2405210,The Quarrel,88.0,Drama,English,Eli Cohen,
2257406,Sahara,136.0,Drama,Hindi,Lekhraj Bhakri,Lekhraj Bhakri
1791080,Cover Girl Killer,61.0,"Crime, Drama",English (United Kingdom),Terry Bishop,Terry Bishop
2408231,The Rise and Fall of The Clash,90.0,Documentary,English,Danny Garcia,"Robin Banks,Danny Garcia"
2385953,The Legend of God's Gun,78.0,Western,English,Mike Bruce,Mike Bruce
2126508,Mondo Bobo,100.0,Mystery & thriller,Croatian,Goran Rusinovic,Goran Rusinovic
2377361,The Heroes of Telemark,131.0,"War, Drama",English (United Kingdom),Anthony Mann,"Ivan Moffat,Ben Barzman,Knut Haukelid,John Drummond"
1985108,Innocents in Paris,93.0,Comedy,English,Gordon Parry,
2091136,Lydia Bailey,89.0,Adventure,English,Jean Negulesco,"Michael Blankfort,Philip Dunne"
1734889,Blinker,,,,Filip Van Neyghem,
1873886,Essex Boys,102.0,"Crime, Drama",English,Terry Winsor,"Jeff Pope,Terry Winsor"
2516732,Z,127.0,Mystery & thriller,French (France),Costa-Gavras,"Vassilis Vassilikos,Jorge Semprún,Costa-Gavras"
2365316,The Emperor Jones,80.0,Drama,English,Dudley Murphy,"Eugene O'Neill,DuBose Heyward"
2353448,The Bunker,91.0,"War, Action",English,Joe Black,
2352201,The Boys,123.0,Drama,English,Sidney J. Furie,Douglass Stuart
2396987,The New Daughter,108.0,"Horror, Mystery & thriller",English,Luiso Berdejo,John Travis
2359527,The Cross of Lorraine,90.0,War,English,Tay Garnett,
1789823,Costa Brava,92.0,"Romance, Comedy",English,Marta Balletbò-Coll,"Ana Simón Cerezo,Marta Balletbò-Coll"
1858302,El Cid,184.0,"History, Drama",English,Anthony Mann,"Fredric M Frank,Philip Yordan,Ben Barzman"
1660202,A Warm Wind,93.0,Drama,English,Jeff London,Jeff London
2183303,Out of Sync,90.0,Drama,English,Robert Pena,Robert Pena
1748374,Bruno,108.0,"Comedy, Drama",English,Shirley MacLaine,David Ciminello
1971365,Ice House,80.0,Drama,English,Eagle Pennell,
2398362,The Off Hours,93.0,Drama,English,Megan Griffiths,Megan Griffiths
2146355,National Security,88.0,"Comedy, Action",English,Dennis Dugan,"David Ronn,Jay Scherick"
1956958,Honor Among Lovers,76.0,Drama,English,Dorothy Arzner,"Austin Parker,Gertrude Purcell"
2373517,The Golden Child,91.0,"Comedy, Adventure, Fantasy",English,Michael Ritchie,Dennis Feldman
2398896,The One Lamb,121.0,Drama,English,Bryan Forrest,Bryan Forrest
2282612,Shine a Light,122.0,Documentary,English,Martin Scorsese,
2387708,The Living Matrix,83.0,Documentary,English,Greg Becker,"Greg Becker,Harry Massey"
2089144,Luckey,84.0,Documentary,English,Laura Longsworth,
1724498,Beware: Children at Play,94.0,Horror,English,Mik Cribben,Fred Scharkey
2298731,Soldier,98.0,"Sci-fi, Action, Adventure",English,Paul W.S. Anderson,David Webb Peoples
1921301,Go for Broke,85.0,Comedy,English,Jean-Claude La Marre,Jean-Claude La Marre
1835109,"Dish: Women, Waitressing & the Art of Service",68.0,Documentary,English,Maya Gallus,Maya Gallus
2423923,The Verdict,86.0,"Crime, Drama",English,Don Siegel,
1718485,Bedlam,79.0,Horror,English,Mark Robson,"Val Lewton,Mark Robson"
2351423,The Bone Collector,113.0,"Mystery & thriller, Crime, Drama",English,Phillip Noyce,"Jeffrey Deaver,Jeremy Iacone"
2451911,True Love and Chaos,97.0,Drama,English,Stavros Kazantzidis,Stavros Kazantzidis
2221928,Psychic,92.0,Mystery & thriller,English,George Mihalka,
2181729,Other People's Money,101.0,Comedy,English,Norman Jewison,Alvin Sargent
2342611,The 5th Quarter,98.0,Drama,English,Rick Bieber,Rick Bieber
1663489,Absent Without Leave,96.0,Drama,English,John Laing,Graeme Tetley
2168428,Octopussy,130.0,Action,English,John Glen,"Ian Fleming,George MacDonald Fraser,Richard Maibaum,Michael G. Wilson"
1780932,Cockfighter,83.0,Drama,English,Monte Hellman,Charles Willeford
1869160,Engagement,83.0,Mystery & thriller,English,Jon Lefkovitz,Jon Lefkovitz
2290474,Siruthai,154.0,"Drama, Action",Tamil,Siva,
1724459,Beware of Pity,105.0,"Romance, Drama",English (United Kingdom),Maurice Elvey,"Elizabeth Baron,W.P. Lipscomb,Marguerite Stern"
2370720,The French Connection,104.0,"Crime, Drama, Mystery & thriller",English,William Friedkin,Ernest Tidyman
1771693,Child 31,32.0,Drama,English,Charles Francis Kinnane,"Michael Campo,Cyndi Amaya"
2160770,Not of This Earth,81.0,Sci-fi,English,Jim Wynorski,
1685799,Analyze That,95.0,Comedy,English,Harold Ramis,"Peter Steinfeld,Harold Ramis,Peter Tolan"
2063894,Leaving D.C.,77.0,"Horror, Mystery & thriller",English,Josh Criss,Josh Criss
2278347,Shadows in Paradise,87.0,Action,English,J. Stephen Maunder,J. Stephen Maunder
2520736,Zombie Dearest,85.0,"Comedy, Horror",English,David Kemker,"David Kemker,Mark Cavanagh"
1740379,Bonnie's Kids,105.0,Mystery & thriller,English,Arthur Marks,
2182384,Our Daily Bread,74.0,Drama,English,King Vidor,"King Vidor,Elizabeth Hill,Joseph L. Mankiewicz"
1667187,Aenigma,,,,Lucio Fulci,
2401885,The Phoenix and the Magic Carpet,80.0,Fantasy,English,Zoran Perisic,Florence Fox
2135236,Murder 2,127.0,"Romance, Mystery & thriller",Hindi,Mohit Suri,
1899971,Four Corners of Suburbia,104.0,Drama,English,Elizabeth Puccini,Elizabeth Puccini
1777449,City Hall,111.0,"Drama, Mystery & thriller",English,Harold Becker,"Ken Lipper,Paul Schrader,Nicholas Pileggi,Bo Goldman"
1770887,Chicago,113.0,"Musical, Drama",English,Rob Marshall,Bill Condon
1893917,Flash Gordon,97.0,Sci-fi,English,Frederick Stephani,Frederick Stephani
2109762,Meant to Be,90.0,Romance,English,Paul Breuls,Kara Holden
2294518,Slumdog Millionaire,116.0,"Comedy, Drama",English,Danny Boyle,Simon Beaufoy
2176158,One on One,98.0,Drama,English,Lamont Johnson,
2208369,Poetic Justice,110.0,"Romance, Comedy",English,John Singleton,John Singleton
1750421,Bullied,39.0,"Documentary, Lgbtq+",English,"Bill Brummel,Geoffrey Sharp",Bill Brummel
2456275,Two Girls and a Guy,92.0,Drama,English,James Toback,James Toback
2204188,Piranha,92.0,Horror,English,Joe Dante,John Sayles
2388654,The Lost Jungle,70.0,Adventure,English,"Armand Schaefer,David Howard",
1946899,Herman's House,80.0,Documentary,English,Angad Bhalla,
2265256,Scary Movie 3,84.0,Comedy,English,David Zucker,"Pat Proft,Craig Mazin"
1901172,Frank and Cindy,102.0,Comedy,English,G.J. Echternkamp,"G.J. Echternkamp,Alex Holdridge"
2131503,Movie Crazy,95.0,Comedy,English,"Harold Lloyd,Clyde Bruckman","John Grey,Agnes Christine Johnston,Felix Adler,Vincent Lawrence,Clyde Bruckman,Lex Neal,Frank Terry"
2297144,So Red the Rose,82.0,Drama,English,King Vidor,
2380536,The Insider,157.0,Drama,English,Michael Mann,"Eric Roth,Michael Mann"
1682150,Among Giants,90.0,"Romance, Comedy",English,Sam Miller,Simon Beaufoy
2399608,The Other Side,95.0,"Action, Mystery & thriller",English,Gregg Bishop,Gregg Bishop
2195349,Peach Plum Pear,109.0,Drama,English,Alana Morshead,Samantha Genovese
2433716,Three Texas Steers,56.0,Western,English,George Sherman,"Betty Burbridge,Stanley Roberts"
1842330,Double Bunk,92.0,Comedy,English (United Kingdom),C.M. Pennington-Richards,C.M. Pennington-Richards
2103320,Marianne,112.0,"Musical, Comedy",English,Robert Z. Leonard,
2320022,Suitcase of Love and Shame,70.0,"Documentary, Romance",English,Jane Gillooly,
2092812,MacArthur,128.0,Biography,English,Joseph Sargent,"Hal Barwood,Matthew Robbins"
1656114,A Resurrection,91.0,Horror,English,Matt Orlando,Matt Orlando
1915692,Getting Back to Abnormal,90.0,"Documentary, Comedy, Drama",English,"Louis Alvarez,Paul Stekler,Andy Kolker,Peter Odabashian",
2288275,Silver Linings Playbook,122.0,"Comedy, Drama, Romance",English,David O. Russell,David O. Russell
1930966,Gun,17.0,Drama,English,Spencer Gillis,Spencer Gillis
1772973,Chitra Sutram,102.0,"Fantasy, Romance",Malayalam,Vipan Vijay,Vipan Vijay
1716015,Battlefield Earth,117.0,Sci-fi,English,Roger Christian,"L. Ron Hubbard,Corey Mandell,J.D. Shapiro"
2203505,Ping Pong,80.0,Documentary,English,Hugh Hartford,
2401648,The Pervert's Guide to Cinema,150.0,Documentary,English,Sophie Fiennes,Slavoj Zizek
2028165,Kull the Conqueror,91.0,"Fantasy, Action",English,John Nicolella,Charles Edward Pogue
2189053,Paparazzi,84.0,"Mystery & thriller, Drama",English,Paul Abascal,Forry Smith
2139258,My Name Is Tanino,124.0,Comedy,Italian,Paolo Virzì,"Francesco Bruni,Francesco Piccolo,Paolo Virzì"
2349781,The Big Something,101.0,Comedy,English,Travis Mills,"Ryan Gaumont,Travis Mills"
2384942,The Last Resort,75.0,"Horror, Mystery & thriller",English,Brandon Nutt,"Nathaniel Bozen,Nathan Oliver,Martina Papinchak"
1924776,Goodbye Promise,90.0,Drama,English,David Branin,"David Branin,Gregor Collins"
2428300,The World Is Not Enough,125.0,Action,English,Michael Apted,"Neal Purvis,Robert Wade,Neal Purvis,Robert Wade,Bruce Feirstein"
1725042,Beyond the Poseidon Adventure,114.0,Adventure,English,Irwin Allen,Nelson Gidding
2050781,Ladies Room,90.0,Drama,English,Gabriella Cristiani,"Leila Basen,Natalina Di Leandro,Genevieve Lefebvre,Andrée Pelletier,Charlotte Pitts,Adrianna Plitz,Amanda Roberts,Tony Roman"
2492330,Wendy Cracked a Walnut,87.0,"Romance, Comedy",English,Michael Pattinson,
2409951,The Saint of Fort Washington,108.0,Drama,English,Tim Hunter,Lyle Kessler
1980109,In Love and War,111.0,Romance,English,Philip Dunne,
2145650,Nashville Rebel,95.0,Drama,English,Jay Sheridan,
2378409,The Hook,98.0,War,English,George Seaton,Henry Denker
2451567,Troy,162.0,"Adventure, War, Action, History, Drama",English,Wolfgang Petersen,David Benioff
1919749,Give Us the Moon,95.0,Comedy,English,Val Guest,Val Guest
2104755,Marshal of Gunsmoke,59.0,Action,English,Vernon Keays,William Lively
2137489,My Brilliant Career,101.0,Drama,English,Gillian Armstrong,
1848831,Dummy Hoy: A Deaf Hero,40.0,Biography,English,David Risotto,David Risotto
1923096,Golden Days,95.0,"Documentary, Biography, Music",English,Chris Suchorsky,
2133777,Much Ado About Nothing,110.0,Comedy,English,Kenneth Branagh,"Kenneth Branagh,William Shakespeare"
1756358,Calling Dr. Kildare,86.0,Drama,English,Harold S. Bucquet,"Harry Ruskin,Willis Goldbeck"
2051067,Lady in a Cage,93.0,Mystery & thriller,English,Walter Grauman,Luther Davis
1802565,Dangerous Touch,101.0,Mystery & thriller,English,Lou Diamond Phillips,"Kurt Voss,Lou Diamond Phillips"
2349612,The Big Lift,120.0,Drama,English,George Seaton,George Seaton
1671090,Ajanabee,139.0,"Drama, Romance",Hindi,Shakti Samanta,Gulshan Nanda
1802696,Daniel Boone,75.0,Adventure,English,David Howard,Daniel Jarrett
1963365,Hum Hain Rahi Pyar Ke,180.0,"Comedy, Drama",Hindi,Mahesh Bhatt,Robin Bhatt
2373019,The Girls of Pleasure Island,95.0,"Comedy, Drama",English,"F. Hugh Herbert,Alvin Ganzer",
2278839,Shalako,113.0,Western,English,Edward Dmytryk,
1953431,Hobson's Choice,107.0,Comedy,English,David Lean,"David Lean,Norman Spencer,Wynyard Browne"
1822608,Desert Nights,72.0,Drama,English,William Nigh,"John T. Neville,Dale Van Every"
1930838,Gulliver's Travels,74.0,"Kids & family, Fantasy, Animation",English,Dave Fleischer,
1674750,Alien Species,92.0,Sci-fi,English,Peter Maris,Nancy Newhauer
2500897,Wild Heritage,78.0,Western,English,Charles Haas,
2219424,Problema,95.0,"Documentary, Adventure, Drama",English,Ralf Schmerberg,
2379203,The Human Trial,91.0,Documentary,English,"Lisa Hepner,Guy Mossman",Lisa Hepner
2503614,Witches' Brew,100.0,"Comedy, Drama",English,"Richard Shorr,Herbert L. Strock",
2368306,The Fifth Floor,90.0,Horror,English,Howard Avedis,Michael Adams
1755549,Calamity Jane,101.0,Musical,English,David Butler,
1655530,A Promise to the Dead: The Exile Journey of Ariel Dorfman,91.0,Documentary,English,Peter Raymont,
1726361,Bidaai,145.0,"Musical, Drama",Hindi,L. V. Prasad,
1969990,I Was a Zombie for the F.B.I.,96.0,Sci-fi,English,"Marius Penczner,Maurice Penczner",
2354675,The Caretaker,105.0,Drama,English,Clive Donner,
2399080,The Open Road,90.0,"Comedy, Drama",English,Michael Meredith,Michael Meredith
2490908,Weather Girl,93.0,Comedy,English,Blayne Weaver,Blayne Weaver
2120555,Minnale,165.0,"Comedy, Romance, Musical",,Gautham Menon,
2407538,The Return of Frank James,92.0,Western,English,Fritz Lang,Sam Hellman
1981536,In the Line of Fire,128.0,"Mystery & thriller, Crime, Drama",English,Wolfgang Petersen,Jeff Maguire
1893284,Five Minarets in New York,97.0,"Crime, Drama, Mystery & thriller",Turkish,Mahsun Kirmizigül,Mahsun Kirmizigül
1749679,Buffy the Vampire Slayer,86.0,Comedy,English,Fran Rubel Kuzui,Joss Whedon
2350424,The Black Hole,97.0,Sci-fi,English,Gary Nelson,"Jeb Rosebrook,Gerry Day"
2127674,"Monsters, Inc.",92.0,"Kids & family, Comedy, Fantasy, Adventure, Animation",English,Pete Docter,"Pete Docter,Jill Culton,Jeff Pidgeon,Ralph Eggleston,Andrew Stanton,Daniel Gerson"
2454585,Tusks,99.0,Action,English,Tara Moore,
1756805,Camille,72.0,"Drama, Romance",,Ray C. Smallwood,June Mathis
2252874,Rufus,110.0,"Horror, Mystery & thriller",English,Dave Schultz,Dave Schultz
2003985,Joshua,90.0,Drama,English,Jon Purdy,"Joseph F. Girzone,Brad Mirman,Keith Giglio"
2374885,The Great Sadness of Zohara,38.0,Documentary,,Nina Menkes,
1753199,Bwana,82.0,"Comedy, Drama",Spanish,Imanol Uribe,
2169014,Of All the Things,85.0,"Documentary, Music",English,Jody Lambert,
2491620,Weird Paul: A Lo Fidelity Documentary,66.0,Documentary,English,Stacey Goldschmidt,
2378182,The Home Song Stories,103.0,Drama,Chinese,Tony Ayres,Tony Ayres
2519896,Zindaggi Rocks,,"Drama, Romance",Hindi,Tanuja Chandra,"Tanuja Chandra,Mudassar Aziz,Sayeed Qadri"
1881405,Faith Like Potatoes,113.0,"Drama, Biography",English,Regardt van den Bergh,Regardt van den Bergh
2232842,Rat Race,112.0,"Comedy, Action",English,Jerry Zucker,Andy Breckman
2257633,Saigon Commandos,83.0,Action,English,Clark Henderson,
2434596,Thumbsucker,95.0,"Comedy, Drama",English,Mike Mills,Mike Mills
1987727,Intimate Relations,105.0,"Comedy, Drama",English,Philip Goodhew,
1985444,Insectula!,101.0,"Comedy, Horror, Sci-fi",English,Michael Peterson,Michael Peterson
2336116,Teen-Aged,76.0,"Comedy, Drama",English,Joseph Middleton,"Elliot Honeyman,Lane Middleton"
1714902,Bashment,110.0,"Drama, Lgbtq+",English,Rikki Beadle Blair,Rikki Beadle Blair
2009633,Kahaani,122.0,Mystery & thriller,Hindi,Sujoy Ghosh,"Suresh Nair,Sujoy Ghosh,Ritesh Shah"
2426166,The Weird World of Blowfly,93.0,Documentary,English,Jonathan Furmanski,Jonathan Furmanski
1658907,A Time to Love and a Time to Die,132.0,War,English,Douglas Sirk,
2095339,Magical Universe,78.0,Documentary,English,Jeremy Workman,Jeremy Workman
2488293,Warriors of the Apocalypse,88.0,Action,English,Len Kabasinski,Len Kabasinski
2443022,Toots,85.0,Documentary,English,Kristi Jacobson,
1813011,Death to Smoochy,109.0,Comedy,English,Danny DeVito,Adam Resnick
1878113,Exit Speed,91.0,Mystery & thriller,English,Scott Ziehl,Michael Stokes
2385925,The Legend of DarkHorse County,95.0,Mystery & thriller,English,Shawn Welling,"Jennifer Acres,Shawn Welling"
2183376,Out of the Darkness,79.0,Documentary,English,Stefano Levi,"Stefano Levi,Lisa Wagner"
2430913,They're Out of the Business,89.0,Comedy,English,"Eric Schaeffer,Donal Lardner Ward","Eric Schaeffer,Donal Lardner Ward"
2518574,Zen,127.0,"Drama, Biography",Japanese,Banmei Takahashi,Banmei Takahashi
1791107,Cover-Up,89.0,Action,English,Manny Coto,William Tannen
2147632,Nazarín,94.0,Drama,Spanish,Luis Buñuel,"Julio Alejandro,Luis Buñuel,Emilio Carballido,Benito Pérez Galdós"
2267917,Screen Door Jesus,115.0,"Comedy, Drama",English,Kirk Davis,
1668242,After the Apocalypse,65.0,Documentary,Russian,Antony Butts,
1879583,Eye of the Eagle,80.0,War,English,Cirio H. Santiago,Nigel Hogge
2377221,The Help,146.0,Drama,English,Tate Taylor,Tate Taylor
2269910,Second Skin,95.0,Mystery & thriller,English,Darrell James Roodt,John Lau
1794738,Crush Proof,91.0,Drama,English,Paul Tickell,James Mathers
1661633,Aaj Ke Angaarey,150.0,"Drama, Romance",Hindi,Babbar Subhash,
1762929,Cat People,73.0,Horror,English,Jacques Tourneur,
2112884,Memphis Heat: The True Story of Memphis Wrasslin',91.0,Documentary,English,Chad Schaffler,
2191948,Parts Per Billion,102.0,"Drama, Romance, Sci-fi",English,Brian Horiuchi,Brian Horiuchi
1898018,For Them That Trespass,91.0,Drama,English,Alberto Cavalcanti,J. Lee Thompson
2073984,Life of Pi,125.0,"Adventure, Drama",English,Ang Lee,David Magee
2333764,Tarzan and the Lost Safari,84.0,Adventure,English,H. Bruce Humberstone,
2497105,Where the Sidewalk Ends,95.0,"Crime, Drama",English,Otto Preminger,Ben Hecht
1688256,Angels' Brigade,97.0,"Crime, Drama",English,Greydon Clark,"Alvin L. Fast,Greydon Clark"
2035777,L.A. Vice,83.0,"Crime, Drama",English,Joseph Merhi,
2329100,Taarka,94.0,"Biography, Drama",Estonian,Ain Mäeots,
1747568,Bronies: The Extremely Unexpected Adult Fans of My Little Pony,90.0,Documentary,English,Laurent Malaquais,Nat Segaloff
2084417,Losin' It,100.0,Comedy,English,Curtis Hanson,
2458805,UFO's Are Real,95.0,Documentary,English,Ed Hunt,
2126708,Money Movers,91.0,"Crime, Drama, Mystery & thriller",English,Bruce Beresford,Bruce Beresford
1960115,House,88.0,"Mystery & thriller, Horror",English,Robby Henson,Rob Green
2356614,The Claim,120.0,Drama,English,Michael Winterbottom,"Thomas Hardy,Frank Cottrell Boyce,Frank Cottrell Boyce"
2176640,One Week,94.0,Drama,English,Michael McGowan,Michael McGowan
2163563,Nutty Professor II: The Klumps,106.0,Comedy,English,Peter Segal,"Steve Oedekerk,Barry W. Blaustein,David Sheffield,Barry W. Blaustein,David Sheffield,Paul Weitz,Chris Weitz"
2431508,Thirteen Conversations About One Thing,103.0,Drama,English,Jill Sprecher,"Jill Sprecher,Karen Sprecher"
2374854,The Great Race,150.0,Comedy,English,Blake Edwards,Arthur A. Ross
2431794,This Happy Feeling,92.0,Comedy,English,Blake Edwards,Blake Edwards
2434734,Thunderbirds,87.0,"Kids & family, Sci-fi, Adventure, Action, Fantasy",English,Jonathan Frakes,"Michael McCullers,William Osborne,Peter Hewitt"
2344385,The Amazing Colossal Man,80.0,Sci-fi,English,Bert I. Gordon,"Mark Hanna,Bert I. Gordon"
2238348,Religulous,101.0,Documentary,English,Larry Charles,Bill Maher
2356313,The Chronicles of Narnia: Prince Caspian,144.0,"Kids & family, Fantasy, Adventure",English,Andrew Adamson,"Andrew Adamson,Christopher Markus,Stephen McFeely"
1681226,American Joyride,84.0,"Adventure, Comedy, Drama, Mystery & thriller",English,"Alex Petrovitch,Katherine Randolph","Alex Petrovitch,Katherine Randolph"
1774597,Chrome Angels,90.0,Sci-fi,English,Leigh Scott,Leigh Scott
2280816,She's Out of My League,106.0,"Romance, Comedy",English,Jim Field Smith,"Sean Anders,John Morris"
2006574,Jungle 2 Jungle,105.0,"Kids & family, Comedy",English,John Pasquin,"Bruce A. Evans,Raynold Gideon"
1982707,Incendiary: The Willingham Case,102.0,"Drama, Crime",English,"Joe Bailey Jr.,Steve Mims",
1944323,Heller in Pink Tights,100.0,Western,English,George Cukor,"Walter Bernstein,Louis L'Amour,Dudley Nichols"
1691132,Antisocial,89.0,Horror,English,Cody Calahan,"Chad Archibald,Cody Calahan"
2101988,Map of the Human Heart,106.0,Romance,English,Vincent Ward,
1958365,Horses: The Story of Equus,42.0,Documentary,English,Michael Caulfield,Michael Caulfield
2361806,The Delicate Delinquent,100.0,"Comedy, Drama",English,Don McGuire,Don McGuire
2405545,The Rabbi's Daughter & the Midwife,50.0,Documentary,Hebrew,Ron Ofer,
1662399,Abby,92.0,Horror,English,William Girdler,"William Girdler,Gordon Cornell Layne,Gordon Cornell Layne"
1654040,A New York Love Story,77.0,"Romance, Drama",English,Apolla Echino,Apolla Echino
2275943,Sex and the Single Girl,114.0,Comedy,English,Richard Quine,"Joseph Heller,David R. Schwartz"
1891939,Fires Were Started,90.0,Drama,English,Humphrey Jennings,
2345131,The Antidote,63.0,Drama,English,Randy Cole,Randy Cole
2185596,Pablo's Winter,76.0,Documentary,Spanish,Chico Pereira,
2130374,Mother India,180.0,"Drama, Musical",Hindi,Mehboob Khan,"Mehboob Khan,Wajahat Mirza,S. Ali Raza"
1888554,Fiddler on the Roof,181.0,Musical,English,Norman Jewison,"Sholom Aleichem,Joseph Stein"
1923002,Gold of the Seven Saints,88.0,Western,English,Gordon Douglas,
2139269,My Name Was Bette: The Life and Death of an Alcoholic,59.0,Documentary,English,Sherri L. VandenAkker,Sherri L. VandenAkker
2321637,Sunset Strip,90.0,"Comedy, Drama",English,Adam Collis,"Randall Jahnson,Randall Jahnson,Russell DeGrazier"
1896832,Fool's Gold,112.0,"Action, Adventure, Romance",English,Andy Tennant,"Andy Tennant,John Claflin,Daniel Zelman"
1804431,Darkness,88.0,Horror,English,Jaume Balagueró,"Jaume Balagueró,Fernando de Felipe"
1933604,Haggard: The Movie,140.0,Comedy,English,Bam Margera,
2197221,Pep Squad,92.0,Comedy,English,Steve Balderson,Steve Balderson
2364986,The Egyptian,140.0,"History, Drama",English,Michael Curtiz,"Philip Dunne,Casey Robinson,Mika Waltari"
2135708,Murphy's Romance,107.0,"Romance, Comedy",English,Martin Ritt,
2216299,Presumed Innocent,128.0,Mystery & thriller,English,Alan J. Pakula,
1793439,Crippled Creek,88.0,Horror,English,Hans Hartman,Hans Hartman
2381454,The Jaundiced Eye,90.0,Documentary,English,Nonny de la Pena,Nonny de la Pena
1797450,Curtains,89.0,Horror,English,Richard Ciupka,Robert Guza Jr.
1823211,Desperate Journey,107.0,War,English,Raoul Walsh,Arthur T. Horman
2407255,The Replacements,118.0,Comedy,English,Howard Deutch,Vince McKewin
2378765,The House Across the Street,90.0,Mystery & thriller,English,Arthur Luhn,Arthur Luhn
1897601,For Love of the Game,137.0,Drama,English,Sam Raimi,"Michael Shaara,Dana Stevens"
1949493,High Stakes,82.0,Comedy,English,Larry Kent,
2485787,Waiting for Guffman,84.0,Comedy,English,Christopher Guest,"Christopher Guest,Eugene Levy"
1700151,Asylum,93.0,"Horror, Mystery & thriller",English,David R. Ellis,Ethan Lawrence
2487108,Waltz Time,98.0,Musical,English,Paul Stein,
1933439,Hacks,93.0,"Comedy, Drama",English,Gary Rosen,Gary Rosen
2511746,Yellow Day,98.0,"Drama, Fantasy",English,Carl Lauten,G.P. Galle Jr.
1953050,Hitters Anonymous,92.0,Comedy,English,Monte Young,George Saunders
2212881,Post Mortem,96.0,Drama,Spanish,Pablo Larraín,"Pablo Larraín,Mateo Iribarren"
2067645,Les fils du vent,96.0,"Documentary, Music",French (Canada),Bruno Le Jean,
2364609,The Dying Gaul,101.0,"Drama, Lgbtq+",English,Craig Lucas,Craig Lucas
1965462,Hysterical,87.0,Comedy,English,Chris Bearde,
1972742,If One Thing Matters: A Film About Wolfgang Tillmans,72.0,Documentary,English,Heiko Kalmbach,"Heiko Kalmbach,Alexander Pfeuffer"
2283636,Shoes,60.0,Drama,,Lois Weber,"Stella Wynne Herron,Lois Weber"
2426690,The Whole Nine Yards,101.0,Comedy,English,Jonathan Lynn,Mitchell Kapner
1935080,Hamara Dil Aapke Paas Hai,137.0,Drama,Hindi,Satish Kaushik,
1910069,Game Changers,91.0,Drama,English,Rob Imbs,Rob Imbs
1878731,eXposed: The Making of a Legend,95.0,Documentary,English,Mr. Pam,
2174561,Once Is Not Enough,121.0,"Drama, Lgbtq+",English,Guy Green,"Julius J. Epstein,Jacqueline Susann"
2267800,Scream Blacula Scream,95.0,Horror,English,Bob Kelljan,"Raymond Koenig,Maurice Jules,Joan Torres"
1931319,Guns of the Law,56.0,Western,English,Elmer Clifton,
2351265,The Body Shop,75.0,Horror,English,J.G. Patterson Jr.,J.G. Patterson Jr.
1733916,Blank Generation,85.0,"Musical, Romance",English,Ulli Lommel,"Ulli Lommel,Richard Hell,Robert Madero,Peter Muller"
2352236,The Boys in Blue,91.0,Comedy,English,Val Guest,Val Guest
1691904,Apache Territory,75.0,Western,English,Ray Nazarro,
1960607,Household,90.0,Documentary,English,Craig Saddlemire,
1887103,Female Perversions,110.0,"Drama, Lgbtq+",English,Susan Streitfeld,"Susan Streitfeld,Julie Hébert"
2457045,Two-Legged Rat Bastards,12.0,"Comedy, Drama",English,Scott Weintrob,"Daniel Wallace,Rob Anderson"
1813838,Dedication,111.0,"Romance, Comedy",English,Justin Theroux,David Bromberg
2201807,Picnic,115.0,Drama,English,Joshua Logan,"William Inge,Daniel Taradash"
1848697,Dulhe Raja,149.0,"Comedy, Drama",Hindi,Harmesh Malhotra,Rajeev Kaul
2302279,Sorority Row,101.0,"Horror, Mystery & thriller",English,Stewart Hendler,"Pete Goldfinger,Josh Stolberg"
2020630,King of the Sierras,53.0,Western,English,Samuel Diege,
1909662,Galaxy Quest,104.0,"Comedy, Sci-fi, Adventure, Action",English,Dean Parisot,"David Howard,David Howard,Robert Gordon"
1966359,I Am Suzanne!,98.0,"Musical, Romance",English,Rowland V. Lee,"Rowland V. Lee,Edwin Justus Mayer"
1742764,Bowery at Midnight,63.0,Mystery & thriller,English,Wallace Fox,Gerald Schnitzer
1841042,Doom,104.0,"Sci-fi, Horror, Action",English,Andrzej Bartkowiak,David Callaham
1826958,Didi Quer Ser Criança,84.0,Comedy,Portuguese (Brazil),"Alexandre Boury,Reynaldo Boury",
2006103,Juliette of the Herbs,60.0,Documentary,English,Tish Streeten,
1734130,Blazing Saddles,93.0,"Comedy, Western",English,Mel Brooks,"Andrew Bergman,Andrew Bergman,Mel Brooks,Richard Pryor,Norman Steinberg,Alan Uger"
1806417,Das Rauschen des Meeres,27.0,Drama,German,"Ana R. Fernandes,Torsten Truscheit,Ana Rocha Fernandes","Torsten Truscheit,Ana R. Fernandes"
2474041,Varsham,166.0,Drama,Telugu,Sobhan,Paruchuri Brothers
2388130,The Long Island Cannibal Massacre,95.0,"Horror, Mystery & thriller",English,Nathan Schiff,Nathan Schiff
1643870,99 River Street,83.0,"Crime, Drama, Action",English,Phil Karlson,"Robert Smith,George Zuckerman"
2483474,Voodoo Woman,77.0,Drama,English,Edward L. Cahn,"Russ Bender,V.I. Voss"
2071065,Let's Make It Legal,77.0,Comedy,English,Richard Sale,
2500883,Wild Guitar,87.0,Drama,English,Ray Dennis Steckler,"Arch Hall Sr.,Bob Wehling"
2485826,Waiting for NESARA,77.0,"Drama, War",English,Zeb Haradon,
1699670,Assisted Fishing,101.0,Comedy,English,Joe Crouch,Joe Crouch
2204715,Pitch Black,108.0,"Sci-fi, Horror",English,David Twohy,"Jim Wheat,Ken Wheat,Jim Wheat,Ken Wheat,David Twohy"
1961867,How to Play Baseball,8.0,Comedy,English,Jack Kinney,
1939210,Harvest of Grief,68.0,Documentary,Unknown language,Anwar Jamal,
1706161,B.A. Pass,95.0,Drama,Hindi,Ajay Bahl,Ritesh Shah
2077157,Little Buddha,123.0,Adventure,English,Bernardo Bertolucci,"Bernardo Bertolucci,Rudy Wurlitzer,Mark Peploe"
2077600,Little Miss Marker,80.0,Comedy,English,Alexander Hall,
2378456,The Hopeful,90.0,Documentary,English,Brendan Kirsch,
2223636,Pure Country,112.0,Drama,English,Christopher Cain,
1928570,Grey Owl,117.0,Drama,English,Richard Attenborough,William Nicholson
2360021,The Curse of Micah Rood,35.0,"History, Drama, Horror, Mystery & thriller",English,Alec Asten,Nick Checker
1698597,Ask Father,13.0,Comedy,,Hal Roach,H. M. Walker
1754681,Cabeza de Vaca,105.0,Biography,Latin,Nicolás Echevarría,"Nicolás Echevarría,Alvar Nunez Cabeza de Vaca,Guillermo Sheridan"
2232891,Ratatouille,111.0,"Kids & family, Comedy, Animation",English,Brad Bird,Brad Bird
2157083,No More Road Trips?,79.0,Documentary,English,Rick Prelinger,Rick Prelinger
2386098,The Legend of the Psychotic Forest Ranger,78.0,"Comedy, Horror",English,Brad Mills,Brad Mills
2432539,Thodisi Bewafaii,150.0,Drama,Hindi,Esmayeel Shroff,
2484335,Vroom,89.0,"Comedy, Drama, Romance",English (United Kingdom),Beeban Kidron,Jim Cartwright
1712302,Bangaram,171.0,"Crime, Drama, Action",Telugu,Dharani,Dharani
1901057,Francis Covers the Big Town,86.0,Comedy,English,Arthur Lubin,
2404292,The Private Navy of Sgt. O'Farrell,92.0,Comedy,English,Frank Tashlin,
2384346,The Last Emperor,162.0,"Biography, History, Drama",English,Bernardo Bertolucci,"Mark Peploe,Bernardo Bertolucci,Henry Pu-yi"
2051088,Lady in the Water,110.0,"Fantasy, Drama",English,M. Night Shyamalan,M. Night Shyamalan
1957330,Hooligans at War,66.0,Documentary,English,Tyler Elliott,Tyler Elliott
1902530,Freebie and the Bean,112.0,Action,English,Richard Rush,
2071058,Let's Make a Movie,86.0,Comedy,English,Elana A. Mugdan,Elana A. Mugdan
2350283,The Bituminous Coal Queens of Pennsylvania,89.0,Documentary,English,"David Hunt,Jody Eldred",
1811785,Deadly Dreams,79.0,Horror,English,Kristine Peterson,
1730165,Bird,161.0,"Biography, History, Drama, Music",English,Clint Eastwood,
1764028,Caveat,76.0,Mystery & thriller,English,"Julie Ufema,Isaac Williams",Julie Ufema
2301003,Sonatine,94.0,"Crime, Drama",Japanese,Takeshi Kitano,Takeshi Kitano
2006951,Jupiter Landing,87.0,Comedy,English,Stacy Dymalski,"Stacy Dymalski,Zack Van Eyck"
2323405,Sure Shot Dombrowski,88.0,Comedy,English,Tim McKort,Tim McKort
2072641,License to Drive,90.0,Comedy,English,Greg Beeman,Neil Tolkin
1868284,Enchanted,108.0,"Kids & family, Fantasy, Romance, Comedy, Musical",English,Kevin Lima,Bill Kelly
2425409,The Warrior Within,85.0,Documentary,English,Burt Rashby,
2410485,The Scenesters,102.0,"Comedy, Crime, Drama, Mystery & thriller",English,Todd Berger,Todd Berger
2410634,The Score,85.0,Drama,English,"Kim Collier,Kim Colwell,Kevin Kerr,Jonathon Young","Kim Collier,Kevin Kerr,Jonathon Young,David Hudgins"
2465209,Undercover Man,60.0,Western,English,Albert Ray,Andrew Bennison
2170386,"Oh, Saigon",57.0,Documentary,English,Doan Hoang,"Doan Hoang,Bret Sigler"
2330609,Take Me to Town,81.0,"Comedy, Drama",English,Douglas Sirk,
1870447,Entry Level,85.0,Comedy,English,Douglas Horn,Douglas Horn
2021946,Kissi Se Na Kehna,140.0,"Comedy, Romance",Hindi,Hrishikesh Mukherjee,
2007735,Just One of the Guys,100.0,Comedy,English,Lisa Gottlieb,"Dennis Feldman,Jeff Franklin"
1750608,Bumm Bumm Bole,125.0,"Action, Drama",Hindi,Priyadarsan,"Manisha Korde,Sameer"
1987866,Into the Air: A Kiteboarding Experience,60.0,Documentary,English,"Rachel Janowicz,Marq Morrison,Blake Robertson",
1755582,Calcutta,92.0,Documentary,French (Canada),Louis Malle,Louis Malle
2320680,Summer of the Monkeys,101.0,Drama,English,Michael Anderson,"Wilson Rawls,Jim Strain"
2137393,My Bill,60.0,Drama,English,John Farrow,Vincent Sherman
2150651,Never Say Goodbye,96.0,Drama,English,Jerry Hopper,
2517752,Zappa,100.0,Drama,Danish,Bille August,"Bille August,Bjarne Reuter"
2302044,Sophomore,98.0,Comedy,English,T. Lee Beideck,T. Lee Beideck
2521038,Zomerhitte,96.0,"Drama, Romance, Mystery & thriller",Dutch,Monique van de Ven,Edwin de Vries
2020412,King Kung Fu,95.0,Comedy,English,Lance D. Hayes,Lance D. Hayes
1848997,Duniya,149.0,"Romance, Mystery & thriller",Hindi,T. Prakash Rao,"K.A. Narayan,Vrajendra Gaur"
2042870,La Maison de la radio,99.0,Documentary,French (France),Nicolas Philibert,Nicolas Philibert
2085965,Love Affair,68.0,Romance,English,Thornton Freeland,"Ursula Parrott,Jo Swerling"
2304123,Space Mutiny,93.0,Sci-fi,English,David Winters,
2279232,Shanghai Noon,110.0,"Comedy, Action, Adventure, Western",English,Tom Dey,"Miles Millar,Alfred Gough"
1687776,Angel Eyes,104.0,Drama,English,Luis Mandoki,Gerald Di Pego
1720369,Bekas,97.0,"Drama, Adventure",Kurdish,Karzan Kader,Karzan Kader
1962212,Howling V: The Rebirth,99.0,Horror,English,Neal Sundstrom,
2465283,Underground,87.0,Horror,English,Rafael Eisenman,Charles Morris Jr.
1733762,Blame It on the Night,85.0,Drama,English,Gene Taft,
2306703,Spivs,95.0,"Comedy, Drama",English,Colin Teague,"Mike Loveday,Colin Teague,Gary Young"
1652411,A Man Alone,96.0,Western,English,Ray Milland,John Tucker Battle
1676274,All the King's Men,128.0,Drama,English,Steven Zaillian,Steven Zaillian
1897124,Footlight Parade,102.0,Musical,English,Lloyd Bacon,"Robert Lord,Peter Milne,Manuel Seff,James Seymour,Walter Donaldson"
1850121,Dynamite Jack,100.0,Comedy,French (Canada),Jean Bastia,
2488718,Washington Merry-Go-Round,78.0,Drama,English,James Cruze,
2486128,Wake Island,87.0,War,English,John Farrow,"W. R. Burnett,Frank Butler"
1780515,Coach,100.0,Comedy,English,Bud Townsend,
2432164,This Is Where We Take Our Stand,,,,David Zeiger,
1661896,Aar Ya Paar,154.0,"Mystery & thriller, Drama",Hindi,Ketan Mehta,"Hriday Lani,Ketan Mehta"
2489883,Ways to Live Forever,90.0,Drama,English,Gustavo Ron,Gustavo Ron
1748067,Brown of Harvard,80.0,Drama,,Jack Conway,"Donald Ogden Stewart,Joseph Farnham,A.P. Younger"
1651436,A Lawless Street,78.0,Western,English,Joseph H. Lewis,Kenneth Gamet
1791664,Crackers,92.0,Comedy,English,Louis Malle,
2289744,Single White Female,107.0,Mystery & thriller,English,Barbet Schroeder,Don Roos
2005141,Judge Hardy and Son,87.0,Comedy,English,George B. Seitz,Carey Wilson
2468060,Unspeakable,84.0,Mystery & thriller,English,Marquette Williams,Marquette Williams
1992117,It's My Turn,91.0,"Romance, Comedy",English,Claudia Weill,Eleanor Bergstein
2087374,Love Pyar Whatever,,"Comedy, Drama, Musical",English,Carlos M. Mora,Carlos M. Mora
2198013,Perfect Sport,86.0,Drama,English,Anthony O'Brien,"Mark Harley,Anthony O'Brien"
2450360,Triple Fisher: The Lethal Lolitas of Long Island,80.0,Documentary,English,Dan Kapelovitz,Dan Kapelovitz
2453819,Tunes of Glory,106.0,Drama,English,Ronald Neame,James Kennaway
2311971,Stealing God,93.0,,,Dave Swuz,
2149900,Nerolio,83.0,Drama,Italian,Aurelio Grimaldi,Aurelio Grimaldi
2096683,Majhli Didi,180.0,Drama,Hindi,Hrishikesh Mukherjee,Saratchandra Chatterjee
1934657,Halla Bol,142.0,Drama,Hindi,Rajkumar Santoshi,Rajkumar Santoshi
2494606,What to Expect When You're Expecting,110.0,"Comedy, Drama, Romance",English,Kirk Jones,"Shauna Cross,Heather Hach"
1935266,Hamlet,111.0,Drama,English,Michael Almereyda,"William Shakespeare,Michael Almereyda"
2184559,Overkill,88.0,"Crime, Drama",English,Dean Raphael Ferrandini,
2376574,The Hatchet Man,74.0,"Crime, Drama",English,William A. Wellman,"Achmed Abdullah,David Belasco,J. Grubb Alexander"
1838201,Dogma,135.0,Comedy,English,Kevin Smith,Kevin Smith
2136565,Mutant Chronicles,111.0,"Action, Sci-fi, Adventure",English,Simon Hunter,Philip Eisner
2241799,Revenge,124.0,"Mystery & thriller, Drama",English,Tony Scott,
1894054,Flat Daddy,80.0,Documentary,English,"Nara Garber,Betsy Nagler",
2452083,Trumbo,96.0,Documentary,English,Peter Askin,Christopher Trumbo
2306524,Spirit of the West,68.0,Western,English,Otto Brower,
1689441,Anna and the King of Siam,128.0,Drama,English,John Cromwell,"Talbot Jennings,Sally Benson"
1920645,Glitter,104.0,Drama,English,Vondie Curtis Hall,"Kate Lanier,Cheryl L. West"
2153850,Night on Earth,128.0,"Comedy, Drama",English,Jim Jarmusch,Jim Jarmusch
2181759,Other Voices,104.0,Drama,English,Dan McCormack,Dan McCormack
1639443,24 Hours in London,86.0,"Mystery & thriller, Crime, Drama",English,Alexander Finbow,Alexander Finbow
2362500,The Devil's Henchman,69.0,"Crime, Drama",English,Seymour Friedman,
2431999,This Is My Father,120.0,Drama,English,Paul Quinn,Paul Quinn
2257317,Sagebrush Trail,55.0,Western,English,Armand Schaefer,
1802444,Dangerous Edge: A Life of Graham Greene,,,,Thomas P. O'Connor,
2099798,Man on Fire,95.0,Drama,English,Ranald MacDougall,Ranald MacDougall
1769599,Cheesecake Casserole,92.0,Comedy,English,Renji Philip,Renji Philip
2385227,The Last Time I Committed Suicide,92.0,"Drama, Romance",English,Stephen Kay,"Stephen Kay,Neal Cassady"
2099802,Man on Ground,80.0,Drama,English,Akin Omotoso,Akin Omotoso
2190107,Paragraph 175,76.0,Documentary,English,"Rob Epstein,Jeffrey Friedman",Sharon Wood
2023086,Knight of the Dead,79.0,"Horror, Fantasy",English,Mark Atkins,"Mark Atkins,Jeffrey Giles"
2161967,Now and Then,96.0,"Comedy, Drama",English,Lesli Linka Glatter,
2349120,The Best Things in Life Are Free,104.0,Musical,English,Michael Curtiz,"William Bowers,Phoebe Ephron"
2447156,Transcendent Man,84.0,Documentary,English,Barry Ptolemy,
2389022,The Love of Beer,72.0,"Documentary, Biography",English,Alison Grayson,
2440123,Toastmaster,90.0,Comedy,English,Eric Boadella,Eric Boadella
2516412,Yuppies 2,96.0,Comedy,Italian,Enrico Oldoini,"Enrico Oldoini,Liliane Betti"
2099000,Mama Rainbow,80.0,Documentary,Chinese,Fan Popo,
2433246,Three Days of Rain,98.0,Drama,English,Michael Meredith,Michael Meredith
2424311,The Violent Ones,84.0,Action,English,Fernando Lamas,
2109151,McHale's Navy,93.0,Comedy,English,Edward Montagne,"Si Rose,Frank Gill Jr."
1666490,Adrenaline Rush: The Science of Risk,40.0,Documentary,English,Marc Fafard,
2333763,Tarzan and the Lost City,84.0,Adventure,English,Carl Schenkel,"Edgar Rice Burroughs,Bayard Johnson,J. Anderson Black"
2278449,Shadowzone,90.0,Sci-fi,English,J.S. Cardone,J.S. Cardone
1986042,Inside the Law,65.0,Comedy,English,Hamilton MacFadden,
2362378,The Devil Wears Prada,109.0,"Comedy, Drama",English,David Frankel,Aline Brosh McKenna
2430754,They Made Me a Criminal,92.0,Drama,English,Busby Berkeley,
2188628,Pansy Division: Life in a Gay Rock Band,84.0,Documentary,English,Michael Carmona,
2077918,Little Sparrows,88.0,Drama,English,Yu-Hsiu Camille Chen,Yu-Hsiu Camille Chen
2442623,Too Hot to Handle,90.0,Action,English,Don Schain,"Don Schain,Don Buday"
1811669,Deadline,95.0,Mystery & thriller,English,Curt Hahn,Mark Ethridge
1735950,Blood Ties,113.0,Horror,English,Nathaniel Nose,Nathaniel Nose
1980233,In Montauk,69.0,"Drama, Romance",English,Kim Cummings,Kim Cummings
2017178,Key of Brown,95.0,"Action, Drama, Mystery & thriller",English,Vaughn Christion,Vaughn Christion
1756434,Calm Yourself,71.0,Comedy,English,George B. Seitz,
1985814,Inside Monkey Zetterland,93.0,Comedy,English,Jefery Levy,
2510361,Yai Wanonabalewa: The Enemy God,100.0,Drama,Unknown language,Christopher Bessette,Christopher Bessette
2288245,Silver Dream Racer,111.0,Action,English,David Wickes,"Michael Billington,David Wickes"
1696104,"Arson, Inc.",64.0,"Crime, Drama",English,William Berke,
2459661,Ultrasuede: In Search of Halston,93.0,Documentary,English,Whitney Smith,"Whitney Smith,Anne Goursaud"
2126636,Money and the Woman,80.0,"Crime, Drama",English,William K. Howard,
2404114,The Princess Diaries,115.0,"Kids & family, Comedy",English,Garry Marshall,"Meg Cabot,Gina Wendkos"
1762262,Casino Royale,131.0,Comedy,English,"Val Guest,Ken Hughes,John Huston,Joe McGrath,Robert Parrish","Ian Fleming,Wolf Mankowitz,Michael Sayers"
2436910,Time Bomb,105.0,"Mystery & thriller, Drama",English,Erin Berry,"Erin Berry,David Pluscauskas"
1758957,Capital Games,96.0,"Romance, Lgbtq+",English,Ilo Orleans,Wendell Lu
1682149,Among Giants,90.0,"Romance, Comedy",English,Sam Miller,Simon Beaufoy
2293797,Sleuth,88.0,"Mystery & thriller, Crime, Drama",English,Kenneth Branagh,Harold Pinter
2454282,Turn Off the Lights,77.0,Documentary,Romanian,Ivana Mladenovic,"Ivana Mladenovic,Bianca Oana"
1960611,Household Saints,124.0,Comedy,English,Nancy Savoca,
2343180,The Activist Within,62.0,Drama,English,Rachel Lack,
2054700,Last of the Comanches,85.0,Western,English,Andre de Toth,
2348444,The Bell Jar,112.0,Biography,English,Larry Peerce,
2178696,Operation Pacific,111.0,War,English,George Waggner,
1956911,Honky Tonk Freeway,110.0,Comedy,English,John Schlesinger,Edward Clinton
2175659,One Long Day,,Action,English,Keith Mosher,"David Sean Greider,Keith Mosher"
1745745,Bride of Frankenstein,75.0,Horror,English,James Whale,"William Hurlbut,John L. Balderston,Mary Shelley"
2356754,The Clerk's Tale,14.0,Drama,English,James Franco,James Franco
2303033,Sound It Out,75.0,Documentary,English,Jeanie Finlay,
1944026,Hell Comes to Frogtown,88.0,Sci-fi,English,"Donald G. Jackson,R.J. Kizer",
2051832,Lakshya,185.0,"War, Drama",Hindi,Farhan Akhtar,Javed Akhtar
2111030,Megan Is Missing,86.0,Drama,English,Michael Goi,Michael Goi
2388366,The Looking Glass War,108.0,Mystery & thriller,English (United Kingdom),Frank Pierson,John le Carré
2074348,Lifebreath,90.0,Mystery & thriller,English,P.J. Posner,
1981445,In the House of Flies,89.0,Mystery & thriller,English,Gabriel Carrer,Angus McLellan
1727358,Big Fat Gypsy Gangster,91.0,"Comedy, Crime, Drama",English,Ricky Grover,"Ricky Grover,Maria Grover"
2102066,Maqbool,134.0,"Crime, Drama",Hindi,Vishal Bhardwaj,"Abbas Tyrewala,Vishal Bhardwaj"
2005487,Juggernaut,74.0,Mystery & thriller,English,Henry Edwards,"Cyril Campion,H. Fowler Mear"
2374742,The Great Lie,107.0,Romance,English,Edmund Goulding,
2078952,Living Proof: HIV and the Pursuit of Happiness,72.0,Documentary,English,Kermit Cole,
1740758,Boom,110.0,"Mystery & thriller, Crime, Drama",Hindi,Kaizad Gustad,Kaizad Gustad
2399481,The Other Boleyn Girl,115.0,"History, Drama",English,Justin Chadwick,Peter Morgan
2348258,The Beaver,91.0,Drama,English,Jodie Foster,Kyle Killen
1749793,Bugs Bunny's 3rd Movie: 1001 Rabbit Tales,74.0,"Kids & family, Comedy, Animation",English,Friz Freleng,
1761372,Carrier,91.0,"Horror, Mystery & thriller",English,Erik Rodgers,Erik Rodgers
1745038,Breaking Up Is Hard to Do,108.0,"Comedy, Drama, Romance",English,Tabari Sturdivant,"Nikki Simpson,Tabari Sturdivant"
2399985,The Owl and the Pussycat,98.0,Comedy,English,Herbert Ross,"Buck Henry,Bill Manhoff"
2406785,The Red Pony,89.0,Adventure,English,Lewis Milestone,"John Steinbeck,John Steinbeck"
2231418,Ram Gopal Varma Ki Aag,171.0,Action,Hindi,Ram Gopal Varma,"Rahil Qazi,Ram Gopal Varma"
1715005,Basket Case,91.0,"Horror, Comedy",English,Frank Henenlotter,Frank Henenlotter
1759508,Captive Beauty,73.0,Documentary,Spanish,Jared Goodman,
2086410,Love Comes Lately,86.0,Drama,English,Jan Schutte,Jan Schutte
2355549,The Charge at Feather River,96.0,Western,English,Gordon Douglas,James R. Webb
2171712,Old Mother Riley Meets the Vampire,74.0,"Comedy, Horror",English (United Kingdom),John Gilling,Val Valentine
2169105,Of Love and Shadows,109.0,Drama,English,Betty Kaplan,
2164444,O,95.0,Drama,English,Tim Blake Nelson,"William Shakespeare,Brad Kaaya"
1811888,Deadly Rhapsody,95.0,Mystery & thriller,English,Don Abernathy,Don Abernathy
2491876,Welcome to Collinwood,86.0,Comedy,English,"Anthony Russo,Joe Russo","Anthony Russo,Joe Russo"
2360290,The Damned Don't Cry,103.0,Drama,English,Vincent Sherman,
2115631,Mexican Spitfire,67.0,Comedy,English,Leslie Goodwins,
2135391,Murder in the Clouds,61.0,Action,English,D. Ross Lederman,
2106500,Masterminds,105.0,Mystery & thriller,English,Roger Christian,
2345539,The Arrangement,125.0,Drama,English,Elia Kazan,Elia Kazan
2020418,King Lear,136.0,Drama,English,Peter Brook,William Shakespeare
2265099,Scared Straight!,52.0,"Crime, Drama, Documentary",English,Arnold Shapiro,Arnold Shapiro
1901166,Frank,94.0,Drama,English,Richard Heslop,Richard Heslop
2230079,Raggedy Man,95.0,Drama,English,Jack Fisk,William D. Wittliff
2479607,Villa Rides,125.0,Western,English,Buzz Kulik,"Robert Towne,Sam Peckinpah"
2347438,The Bare Wench Project,76.0,"Comedy, Horror",English,Jim Wynorski,
2299933,Somebody's Hero,81.0,"Romance, Comedy",English,Darin Beckstead,Darin Beckstead
2146475,Nativity 2: Danger in the Manger!,105.0,"Holiday, Comedy",English (United Kingdom),Debbie Isitt,Debbie Isitt
2444590,Totò cerca casa,80.0,Comedy,Italian,Mario Monicelli,
2213906,Powder Blue,108.0,Drama,English,Timothy Linh Bui,Timothy Linh Bui
1896311,Folk,100.0,Documentary,English,Sara Terry,
2214486,Prairie Moon,58.0,Western,English,Ralph Staub,Betty Burbridge
1932150,Gymkata,90.0,Action,English,Robert Clouse,Charles Robert Carner
2518433,Zelary,150.0,"Drama, Romance, War",Czech,Ondrej Trojan,"Kveta Legátová,Petr Jarchovský"
1868403,Encounter Point,88.0,Documentary,Arabic,"Ronit Avni,Julia Bacha",
2499877,Why We Fight,99.0,"Documentary, History, Drama, War",English,Eugene Jarecki,Eugene Jarecki
2115131,Metamorphosis,105.0,"Horror, Mystery & thriller",English,Jenö Hodi,
2427417,The Wisdom Tree,132.0,"Drama, Mystery & thriller, Sci-fi",English,Sunil Shah,Sunil Shah
2089265,Lucky Ducks,94.0,Documentary,English,Tracey Jackson,Tracey Jackson
1947047,Hero Hiralal,180.0,"Action, Comedy, Drama",Hindi,Ketan Mehta,Gul Anand
2385752,The Leap Years,103.0,Romance,English,Jean Yeo,Fina Torres
2317477,Strong!,76.0,Documentary,English,Julie Wyman,
2417863,The Surfer King,95.0,Comedy,English,Bernard Murray Jr.,Bernard Murray Jr.
1766738,Chance,84.0,Action,English,"Addison Randall,Charles T. Kanganis","Joe Hart,Addison Randall"
2063803,Leave It to Beaver,88.0,Comedy,English,Andy Cadiff,"Bob Mosher,Joe Connelly,Brian Levant,Lon Diamond"
2019581,Killing in the Name,39.0,Documentary,English,Jed Rothstein,
2438926,To Catch a Dollar: Muhammad Yunus Banks on America,85.0,Documentary,English,Gayle Ferraro,
2198431,Permanent Midnight,85.0,Drama,English,David Veloz,"Jerry Stahl,David Veloz"
2135519,Murder Weapon,90.0,Horror,English,David DeCoteau,
1911700,Garv: Pride and Honour,162.0,"Crime, Drama, Action, Mystery & thriller",Hindi,Puneet Issar,Anirudh Dhodapkar
2276653,"Sex, Lies, and Videotape",101.0,Drama,English,Steven Soderbergh,
2323198,Supremacy,106.0,"Drama, Mystery & thriller",English,Deon Taylor,Eric J. Adams
2433279,Three Faces West,79.0,Western,English,Bernard Vorhaus,
1662498,Abducted,87.0,Mystery & thriller,English,Boon Collins,Boon Collins
1736909,Blue Gold: World Water Wars,90.0,Documentary,English,Sam Bozzo,Sam Bozzo
1751327,Burlesque Fairytales,83.0,"Drama, Mystery & thriller",English,Susan Luciani,Susan Luciani
1689713,Annarth,180.0,"Action, Mystery & thriller",Hindi,Ravi Dewan,Imtiaz Hussain
1985018,Innocent,,,,Simon Chung,
2087356,Love Potion,86.0,Mystery & thriller,English,Julian Doyle,"Julian Doyle,Mark Ezra"
1998179,Jeena Hai Toh Thok Daal,119.0,Drama,Hindi,Manish Vatsalya,Saurabh Choudhary
1680908,American Courtesans,90.0,Documentary,English,James Johnson,"Kristen DiAngelo,James Johnson"
2373358,The Godfather of Green Bay,85.0,Comedy,English,Pete Schwaba,Pete Schwaba
2419863,The Three Sisters,168.0,Drama,English,Paul Bogart,
2336799,Tehzeeb,143.0,Drama,Hindi,Khalid Mohamed,"Khalid Mohamed,Javed Siddiqui"
1812614,Death Defying Acts,97.0,"Drama, Romance, Mystery & thriller",English,Gillian Armstrong,"Tony Grisoni,Brian Ward"
1903916,Friendly Persuasion,139.0,Drama,English,William Wyler,"Jessamyn West,Michael West"
2409185,The Rose,134.0,Musical,English,Mark Rydell,"Bo Goldman,Bill Kerby"
2204372,Pirates of Tripoli,72.0,Action,English,Felix E. Feist,
1814520,Defenders of the Law,64.0,"Drama, Action, Romance, Crime, Adventure",English,Joseph Levering,
2309836,Stand Up,101.0,Comedy,English,Michael Rainin,
1787881,Convention,95.0,Documentary,English,AJ Schnack,
2056160,Law of the Lawless,87.0,Western,English,William F. Claxton,Steve Fisher
1791635,Cracked Nuts,65.0,Comedy,English,Edward F. Cline,Al Boasberg
1737357,Bluebird,90.0,Drama,English,Lance Edmands,Lance Edmands
2506070,Words Upon the Window Pane,98.0,Drama,English,Mary McGuckian,Mary McGuckian
2354244,The Calling,109.0,"Comedy, Drama",English,Jan Dunn,Jan Dunn
1981483,In the Land of Fireworks,75.0,Drama,English,Joey Curry,Joey Curry
2374687,The Great Hip Hop Hoax,92.0,"Documentary, Comedy, Music",English (United Kingdom),Jeanie Finlay,Jeanie Finlay
1878603,Explorers,104.0,"Kids & family, Sci-fi, Drama",English,Joe Dante,Eric Luke
2236112,Red Lights Ahead,70.0,Comedy,English,Roland D. Reed,
1959782,Hotel Meina,115.0,"History, Drama",Italian,Carlo Lizzani,"Pasquale Squitieri,Dino Gentili,Filippo Gentili,Carlo Lizzani"
1841353,Dor,123.0,Drama,Hindi,Nagesh Kukunoor,Nagesh Kukunoor
2327039,Swordfish,99.0,Mystery & thriller,English,Dominic Sena,Skip Woods
1935235,Hamlet,131.0,Drama,,"Svend Gade,Heinz Schall",
1928288,Greetings,72.0,Horror,English,Kenneth Colley,Kenneth Colley
1734839,Blink,106.0,Mystery & thriller,English,Michael Apted,
2355991,The Children's War,64.0,"Documentary, War",English,Andrew Krakower,
2283745,Sholay,192.0,Adventure,Hindi,Ramesh Sippy,Salim-Javed
2228052,Quicksand,79.0,"Crime, Drama",English,Irving Pichel,
1635359,101 Rent Boys,78.0,Documentary,English,"Fenton Bailey,Randy Barbato",
2430154,There Is No Finish Line,48.0,Documentary,English,Erich Lyttle,Erich Lyttle
1765082,Centaur,86.0,"Drama, Mystery & thriller",English,J.P. Allen,J.P. Allen
2118786,Milenge Milenge,109.0,Romance,Hindi,Satish Kaushik,Shiraz Ahmed
2386250,The Letter,95.0,Drama,English,William Wyler,
2403340,The Power,109.0,Sci-fi,English,Byron Haskin,
2292003,Skiing Everest,82.0,"Documentary, Adventure",English,"Les Guthman,Mike Marolt",Les Guthman
1633389,'Neath Canadian Skies,41.0,Western,English,B. Reeves Eason,
1961894,How to Rob a Bank,81.0,"Comedy, Drama",English,Andrews Jenkins,Andrews Jenkins
2441352,Tom & Viv,125.0,Biography,English,Brian Gilbert,"Michael Hastings,Adrian Hodges"
1960500,House of Women,85.0,Drama,English,"Walter Doniger,Crane Wilbur",Crane Wilbur
2344687,The Amityville Horror,117.0,Horror,English,Stuart Rosenberg,Sandor Stern
1640833,36 Hours,,,,Montgomery Tully,
2366950,The Fabulous Dorseys,88.0,Musical,English,Alfred E. Green,"Richard English,Art Arthur,Curtis Kenyon"
1949881,Hijack,100.0,Action,English,Worth Keeter,Steve Latshaw
1662175,Ab... Bas!,180.0,Mystery & thriller,Hindi,Rajesh Kumar Singh,Atul Sharma
2255986,Saajan Ki Saheli,175.0,Drama,Hindi,Saawan Kumar Tak,Saawan Kumar Tak
1750332,Bullet Ballet,87.0,Drama,Japanese,Shin'ya Tsukamoto,Shin'ya Tsukamoto
2428116,The Woodsman,82.0,"Adventure, Horror, Mystery & thriller",English,Christian Cisneros,"Christian Cisneros,Richard L. Watson"
1717323,Beat the Devil,92.0,"Comedy, Drama",English,John Huston,"James Helvick,Truman Capote,John Huston"
1972568,If a Tree Falls: A Story of the Earth Liberation Front,85.0,"Documentary, Biography, Crime, Drama",English,Marshall Curry,"Marshall Curry,Matthew Hamachek"
1899999,Four Dogs Playing Poker,98.0,Mystery & thriller,English,Paul Rachman,"Shawn David Thompson,William Quist"
2442692,Too Many Girls,85.0,Musical,English,George Abbott,John Twist
2393776,The Mighty,100.0,Drama,English,Peter Chelsom,"Rodman Philbrick,Charles Leavitt"
2498203,White Out,89.0,"Comedy, Drama",English,David B. Grelck,David B. Grelck
2403279,The Postman Always Rings Twice,113.0,"Crime, Drama",English,Tay Garnett,"Harry Ruskin,Niven Busch"
2127217,Monsieur Batignole,101.0,"Comedy, Drama",French (France),Gérard Jugnot,
2064414,Left-Handed Law,62.0,"Romance, Western",English,Lesley Selander,Frances Guihan
2072169,Li'l Abner,114.0,"Musical, Comedy",English,Melvin Frank,
2263883,Savannah,110.0,Drama,English,Annette Haywood-Carter,"Ken Carter,Annette Haywood-Carter"
1676188,All That Jazz,123.0,"Drama, Musical",English,Bob Fosse,"Robert Alan Arthur,Bob Fosse"
1692467,Apology for Murder,65.0,"Crime, Drama",English,Sam Newfield,Fred Myton
2226358,Quackser Fortune Has a Cousin in the Bronx,90.0,"Romance, Comedy",English,Waris Hussein,Gabriel Walsh
2020700,King Solomon's Mines,100.0,Action,English,J. Lee Thompson,"Gene Quintano,James R. Silke"
2075337,Lilies of the Field,94.0,"Comedy, Drama",English,Ralph Nelson,
1935237,Hamlet,153.0,Drama,English,Laurence Olivier,"Laurence Olivier,William Shakespeare"
1736115,Bloodlock,90.0,Horror,English,William Victor Schotten,
2411051,The Second Front,92.0,"Action, Mystery & thriller, History, Drama, War",English,Dmitriy Fiks,
1731694,Black Bart,80.0,Western,English,George Sherman,
2372990,The Girls in the Band,81.0,"Documentary, Music",English,Judy Chaikin,"Judy Chaikin,Edward Osei-Gyimah"
1656197,A Ripple of Hope,55.0,Documentary,English,Donald Boggs,
2293655,Sleepover,89.0,Comedy,English,Joe Nussbaum,Elisa Bell
2424165,The Viking Sagas,83.0,Adventure,English,"Michael Chapman,Tim Van Relim",
1921913,God's Got His Head in the Clouds,13.0,Drama,Italian,Gianluca Sodaro,Gianluca Sodaro
1678858,Always for Pleasure,58.0,"Documentary, Music",English,Les Blank,
2369259,The First Wives Club,102.0,Comedy,English,Hugh Wilson,"Olivia Goldsmith,Robert Harling"
2463865,Unacceptable Levels,80.0,Documentary,English,Ed Brown,Ed Brown
1696587,Article 12,76.0,Documentary,English,Juan Manuel Biaiñ,
1794520,Cruel and Unusual,70.0,"Documentary, Crime, Drama",English,"Janet Baus,Dan Hunt,Reid Williams",
2024348,Kokoda Crescent,83.0,"Comedy, Drama",English,Ted Robinson,
1756976,Camp 14: Total Control Zone,104.0,"Documentary, Biography",Korean,Marc Wiese,
1949540,High Tide,104.0,"Comedy, Drama",English,Gillian Armstrong,
2495585,When Harry Tries to Marry,93.0,"Romance, Comedy",English,Nayan Padrai,"Nayan Padrai,Ralph Stein"
2310969,Starlight Hotel,93.0,Adventure,English,Sam Pillsbury,
2156448,No End in Sight,102.0,Documentary,English,Charles Ferguson,Charles Ferguson
1779471,Close Call,91.0,"Action, Drama",English,Jimmy Lee,Jimmy Lee
2383743,The Lamp,95.0,Drama,English,Tracy Trost,Tracy Trost
1728090,Big Top Bunny,,,,Robert McKimson,
2072312,Liar's Pendulum,94.0,"Action, Sci-fi, Mystery & thriller",English,Andrew William Flores,Andrew William Flores
2309467,Staircase,100.0,Drama,English,Stanley Donen,Charles Dyer
2114043,Mercy,85.0,Mystery & thriller,English,Richard Shepard,
1997742,Jealous of the Birds,78.0,Drama,English,Jordan Bahat,
1658880,A Time of Destiny,118.0,Drama,English,Gregory Nava,
2432386,This Time,111.0,Documentary,English,Victor Mignatti,
2290639,Sister Italy,90.0,"Comedy, Drama",English,Angelo Bonsignore,Angela Sciddurlo Rago
2451194,Tropic of Cancer,87.0,Comedy,English,Joseph Strick,"Joseph Strick,Betty Botley,Henry Miller"
1913658,General Education,85.0,Comedy,English,Tom Morris,"Elliot Feld,Jaz Kalkat,Tom Morris"
2331638,Talk to Me,96.0,Drama,English,Julius Potoscny,
2355949,The Children of Chabannes,92.0,Documentary,English,"Lisa Gossels,Dean Wetherell",
1936234,Hangover Square,77.0,"Crime, Drama",English,John Brahm,
2411174,The Secret Disco Revolution,85.0,Documentary,English,Jamie Kastner,Jamie Kastner
1885925,Fear of the Dark,90.0,Horror,English,Glen Baisley,Glen Baisley
1914728,"Georgia, Georgia",91.0,Drama,English,Stig Björkman,
2001967,Joe Strummer: The Future Is Unwritten,125.0,Documentary,English,Julien Temple,
2508409,Wyoming Outlaw,62.0,Western,English,George Sherman,"Jack Natteford,Betty Burbridge"
2424672,The Volunteer,97.0,Drama,English,Vicky Wight,Vicky Wight
1650640,A House on a Hill,90.0,Drama,English,Chuck Workman,
2186122,Paganini Horror,84.0,Horror,English,Luigi Cozzi,"Luigi Cozzi,Daria Nicolodi"
1994679,Jacob's Ladder,113.0,"Horror, Drama, Mystery & thriller",English,Adrian Lyne,Bruce Joel Rubin
1707638,Bachelorette,93.0,Comedy,English,Leslye Headland,Leslye Headland
2428593,"The World, the Flesh and the Devil",95.0,Sci-fi,English,Ranald MacDougall,Ranald MacDougall
2242014,Reversal of Fortune,120.0,Drama,English,Barbet Schroeder,
2179010,Opposing Force,97.0,Action,English,Eric Karson,Linda J. Cowgill
1676308,All the Rage,105.0,"Comedy, Drama",English,Roland Tec,Roland Tec
1904626,From Hell It Came,71.0,Sci-fi,English,Dan Milner,
1730144,Biradari,139.0,Drama,Hindi,Ram Kamlani,O.P. Dutta
1768186,Charlie's Party,79.0,Comedy,English,Catherine Cahn,Catherine Cahn
1667394,Affairs of Cappy Ricks,57.0,Comedy,English,Ralph Staub,
2284092,Shooting Vegetarians,76.0,Comedy,English,Mikey Jackson,Mikey Jackson
2416109,The Steel Trap,85.0,Mystery & thriller,English,Andrew L. Stone,
1837341,Doc's Kingdom,90.0,Drama,English,Robert Kramer,
2474049,Varsity Show,81.0,"Musical, Comedy",English,William Keighley,"Warren Duff,Sig Herzig,Richard Macaulay,Jerry Wald"
1735849,Blood Relation,75.0,Documentary,Hebrew,Noa Ben Hagaï,Noa Ben Hagaï
1747924,Brothers,98.0,"Comedy, Drama",English,Martin Dunkerton,"Martin Dunkerton,Nick Valentine"
2096229,Maid's Night Out,64.0,Comedy,English,Ben Holmes,Bert Granet
1652546,A Man to Remember,79.0,Drama,English,Garson Kanin,Dalton Trumbo
2150590,Never Let Me Go,94.0,Mystery & thriller,English,Delmer Daves,"Ronald Millar,George Froeschel"
2405701,The Raging Tide,93.0,Drama,English,George Sherman,
1966176,I Am Bish,89.0,"Action, Comedy, Horror",English,"Dave Bishop,Khrob Edmonds",David Bishop
2302748,Soul Food,114.0,"Comedy, Drama",English,George Tillman Jr.,George Tillman Jr.
1825910,Diagnosis: Death,83.0,"Horror, Comedy",English,Jason Stutter,
2380336,The Inheritance,62.0,Drama,English,Charles Henri Belleville,Tim Barrow
2269026,Sea of Sand,78.0,War,English,Guy Green,Robert Westerby
2454307,Turn the River,92.0,Drama,English,Chris Eigeman,Chris Eigeman
2451258,Tropicália,87.0,"Documentary, Music",Portuguese (Brazil),Marcelo Machado,"Marcelo Machado,Vaughn Glover,Di Moretti"
1999230,Jerusalema,118.0,"Action, Crime, Drama",English,Ralph Ziman,Ralph Ziman
2232518,Rapture,90.0,"Mystery & thriller, Horror",English,Royce Freeman,"Royce Freeman,Kurt S. Poulin"
2469355,Up,96.0,"Kids & family, Comedy, Adventure, Animation",English,"Pete Docter,Bob Peterson","Bob Peterson,Pete Docter"
1639178,21 Brothers,98.0,"Drama, War",English,Michael McGuire,"Michael McGuire,Clayton Garrett"
2018257,Kid Galahad,101.0,Drama,English,Michael Curtiz,Seton I. Miller
2219411,Problem Child,81.0,Comedy,English,Dennis Dugan,"Scott Alexander,Larry Karaszewski"
2314009,Stolen Face,72.0,Drama,English,Terence Fisher,
1941510,Headcrusher,74.0,Horror,English,Ricardo Islas,Ricardo Islas
2320760,Summer's Blood,92.0,"Horror, Mystery & thriller",English,Lee Demarbre,"Sean Hogan,Christine Conradt"
2398098,The Numbers Station,89.0,"Action, Mystery & thriller",English,Kasper Barfoed,F. Scott Frazier
2360308,The Dance,79.0,"Comedy, Drama",English,McKay Daines,"McKay Daines,Elizabeth Hansen"
1787351,Container,72.0,Drama,English,Lukas Moodysson,Lukas Moodysson
1734186,Bled,95.0,Horror,English,Christopher Hutson,Sxv'leithan Essex
2073975,Life of Charlie,87.0,Drama,English,David Grimes,"David Grimes,Duff Smith"
2369834,The Flyboys,104.0,Adventure,English,Rocco DeVilliers,Rocco DeVilliers
1802030,Dancing on a Dry Salt Lake,123.0,Comedy,English,Dominique De Fazio,Dominique De Fazio
1926721,Grand Theft Parsons,88.0,"Comedy, Drama",English,David Caffrey,Jeremy Drysdale
1894141,Flawless,112.0,"Comedy, Lgbtq+",English,Joel Schumacher,Joel Schumacher
1744036,Brannigan,111.0,"Crime, Drama",English,Douglas Hickox,"Christopher Trumbo,Michael Butler,William P. McGivern,William W. Norton"
2169478,Offerings,94.0,Horror,English,Christopher Reynolds,
1709218,Badass Showdown,75.0,"Action, Lgbtq+",English,David DeCoteau,Charlie Meadows
2279845,Sharp as Marbles,84.0,Comedy,English,John Banovich,"Erik Vilio,Steve Vilio"
1999299,Jesse James Meets Frankenstein's Daughter,82.0,Horror,English,William Beaudine,Carl K. Hittleman
1794500,Crude Independence,71.0,Documentary,English,Noah Hutton,
1923113,Golden Eighties,96.0,Comedy,French (Canada),Chantal Akerman,"Pascal Bonitzer,Henry Bean,Chantal Akerman,Jean Gruault,Leora Barish"
2513068,Yodha,180.0,"Drama, Action",Hindi,Rahul Rawail,K.K. Singh
1712980,Baran,94.0,Drama,Persian,Majid Majidi,Majid Majidi
2289707,Single Hills,77.0,"Drama, Romance",English,Wilkie Cornelius Jr.,Wilkie Cornelius Jr.
2319254,Sucker Punch,110.0,"Action, Fantasy",English,Zack Snyder,"Zack Snyder,Steve Shibuya"
2350217,The Bishop Murder Case,91.0,Mystery & thriller,English,"Nick Grinde,David Burton",
1991274,It Happened in Athens,92.0,"Romance, Comedy",English,Andrew Marton,
2201520,Piccadilly Third Stop,90.0,"Crime, Drama",English,Wolf Rilla,Leigh Vance
1645830,A Christmas Carol,11.0,"Drama, Fantasy",,"J. Searle Dawley,Charles Kent,Ashley Miller",
2028660,Kunku Zale Vairi,,Drama,Marathi,Nagesh Darak,
1832881,Dil Daulat Duniya,152.0,"Comedy, Drama",Hindi,Prem Narayan Arora,
2248103,Rocky IV,91.0,Drama,English,Sylvester Stallone,Sylvester Stallone
2135298,Murder by Invitation,67.0,Mystery & thriller,English,Phil Rosen,George Bricker
2007922,Just Visiting,88.0,"Comedy, Adventure, Fantasy",English,Jean-Marie Poiré,"Christian Clavier,Jean-Marie Poiré,John Hughes"
1725026,Beyond the Ocean,87.0,Drama,Unknown language,Tony Pemberton,"Tony Pemberton,Alexis Brunner"
1850001,Dying to Live: The Journey Into a Man's Open Heart,,,,Ben Mittleman,
2349312,The Big Bad Wolf,9.0,"Kids & family, Fantasy, Animation",English,Burt Gillett,Ted Sears
2096260,Maidentrip,82.0,Documentary,English,Jillian Schlesinger,"Laura Dekker,Penelope Falk,Jillian Schlesinger"
2427824,The Woman in the Window,99.0,"Mystery & thriller, Crime, Drama",English,Fritz Lang,"Nunnally Johnson,J.H. Wallis"
2223568,Purani Haveli,145.0,Horror,Hindi,Tulsi Ramsey,
2412195,The Shadows,80.0,Mystery & thriller,English,Guillermo R. Rodríguez,Guillermo R. Rodríguez
1705327,Ayaash,180.0,Romance,Hindi,Shakti Samanta,
2260515,Sancharram,106.0,"Romance, Drama",Malayalam,Ligy J. Pullappally,Ligy J. Pullappally
2367638,The Far Side of Jericho,102.0,"Western, Drama",English,Tim Hunter,"Rob Sullivan,James Crumley"
2176768,One-Eyed Horse,98.0,Western,English,Wayne Shipley,Wayne Shipley
2426258,The Westerner,97.0,"Western, Drama, Romance",English,William Wyler,"Jo Swerling,Niven Busch"
2183836,Outlawed in Pakistan,40.0,Documentary,Urdu,"Habiba Nosheen,Hilke Schellmann","Habiba Nosheen,Hilke Schellmann"
2191313,Park Row,83.0,Drama,English,Samuel Fuller,Samuel Fuller
2421857,The Truth Is Out There,144.0,"Documentary, Biography, Comedy",English,Phil Leirness,
1949781,Highway of Tears,79.0,Documentary,English,Matthew Smiley,Matthew Smiley
2359965,The Curse,86.0,Horror,English,David Keith,
2004476,Journey to the Center of the Earth,132.0,Sci-fi,English,Henry Levin,"Walter Reisch,Charles Brackett"
1697227,As High as the Sky,90.0,"Comedy, Drama",English,Nikki Braendlin,Nikki Braendlin
1635889,13 Dead Men,85.0,"Action, Mystery & thriller",English,Art Camacho,Art Camacho
2157846,No Way Home,99.0,Drama,English,Buddy Giovinazzo,Buddy Giovinazzo
2271447,Seeking Wellness: Suffering Through Four Movements,91.0,Drama,English,Dan Schneidkraut,Dan Schneidkraut
2217246,Prime Target,87.0,Action,English,David Heavener,
1756083,Call Me King,118.0,"Action, Crime, Drama, Mystery & thriller",English,R.L. Scott,R.L. Scott
2348353,The Beggar's Opera,94.0,Musical,English,Peter Brook,
2154042,Night Train to Paris,65.0,Mystery & thriller,English,Robert Douglas,Harry Spalding
1813061,Death Wish,93.0,"Crime, Drama",English,Michael Winner,Wendell Mayes
2419880,The Three Stooges Meet Hercules,89.0,Comedy,English,Edward Bernds,
2431390,Third Contact,85.0,Mystery & thriller,English,Simon Horrocks,Simon Horrocks
2172201,Oliver!,146.0,Musical,English,Carol Reed,Vernon Harris
2426495,The White Diamond,,Documentary,English,Werner Herzog,
2308431,Squeal,79.0,Horror,English,Tony Swansey,"Dennis Doornbos,Tony Swansey"
2431806,This Is 40,134.0,"Romance, Comedy",English,Judd Apatow,Judd Apatow
1994818,Jaded,95.0,Drama,English,Caryn Krooth,"Wendy Olinger,Caryn Krooth"
2056221,Lawless Range,54.0,Western,English,Robert N. Bradbury,
2056143,Law Men,55.0,Western,English,Lambert Hillyer,Glenn Tryon
1778877,"Clear Cut: The Story of Philomath, Oregon",72.0,Documentary,English,Peter Richardson,
2468376,Until the River Runs Red,28.0,"Drama, Mystery & thriller",English,Paul Wright,Paul Wright
1834694,Disarm,,,,Brian Liu,
2381068,The Irish in Us,84.0,Comedy,English,Lloyd Bacon,
1782597,Color Adjustment,88.0,Documentary,English,Marlon Riggs,
2086050,Love and Death,85.0,Comedy,English,Woody Allen,Woody Allen
1950314,Himmat,180.0,"Action, Mystery & thriller",Hindi,Sunil Sharma,
2429443,The Zodiac,92.0,"Mystery & thriller, Crime, Drama",English,Alexander Bulkley,"Alexander Bulkley,Kelley Bulkeley"
2149199,Nell Gwyn,70.0,"History, Drama",English,Herbert Wilcox,Miles Malleson
1736951,Blue in Green,92.0,Drama,English,M. David Melvin,"M. David Melvin,Kevin K. Shah"
2008950,Kab? Kyoon? Aur Kahan?,136.0,"Action, Mystery & thriller, Romance",Hindi,Arjun Hingorani,Dhruva Chatterjee
2359497,The Crooked Way,90.0,"Crime, Drama",English,Robert Florey,"Robert Monroe,Richard H. Landau"
2467457,Unlucky,95.0,"Comedy, Fantasy, Sci-fi",English,Ian A. Robertson,Chris McCawley
1838815,Dollgatory,85.0,Comedy,English,Tony Vogiantzis,Tony Vogiantzis
2111989,Melinda and Melinda,100.0,"Comedy, Drama",English,Woody Allen,Woody Allen
2321680,Sunshine,87.0,Drama,English,Adrienne Nelson,Devlyn Garrison
2247506,Rock All Night,62.0,Musical,English,Roger Corman,Charles B. Griffith
2209540,Polis Is This: Charles Olson and the Persistence of Place,56.0,Documentary,English,Henry Ferrini,Ken Riaf
1912103,Gaudi Afternoon,88.0,Comedy,English,Susan Seidelman,James Myhre
1746100,Bright Young Things,105.0,"Comedy, Drama",English,Stephen Fry,Stephen Fry
1945462,Her Best Move,102.0,Comedy,English,Norm Hunter,"Norm Hunter,Tony Vidal"
2457020,Two-Fisted,60.0,Comedy,English,James Cruze,
1896555,Following the Ninth: In the Footsteps of Beethoven's Final Symphony,78.0,Drama,English,Kerry Candaele,Kerry Candaele
1720446,Bela Lugosi Meets a Brooklyn Gorilla,74.0,Comedy,English,William Beaudine,Tim Ryan
2080540,Lola,115.0,Drama,German,Rainer Werner Fassbinder,"Pea Fröhlich,Peter Märthesheimer,Rainer Werner Fassbinder"
2351524,The Book of Caleb,106.0,Comedy,English,Matthew von Manahan,"Michael English,Matthew von Manahan,Joseph Valenti"
2291488,Skagerrak,104.0,Drama,English,Søren Kragh-Jacobsen,"Søren Kragh-Jacobsen,Anders Thomas Jensen"
2373118,The Glass Slipper,82.0,"Comedy, Drama",English,Jarrod Whaley,
1749347,Buddy Boy,105.0,Mystery & thriller,English,Mark Hanlon,Mark Hanlon
1727861,Big Star: Nothing Can Hurt Me,113.0,Documentary,English,Drew DeNicola,
2395775,The Muse,97.0,Comedy,English,Albert Brooks,"Albert Brooks,Monica McGowan Johnson"
2384317,The Last Dragon,109.0,Action,English,Michael Schultz,Louis Venosta
2312635,Steppenwolf,105.0,Drama,English,Fred Haines,
1865216,Ellie Parker,95.0,Comedy,English,Scott Coffey,Scott Coffey
1914440,Geordie,93.0,"Comedy, Drama",English,Frank Launder,
1812509,Death as Life,70.0,Documentary,English,Sofia Wellman,
2134627,Mullet,89.0,"Comedy, Drama",English,David Caesar,David Caesar
2183741,Outer Space,10.0,"Drama, Mystery & thriller, Animation",,Peter Tscherkassky,Peter Tscherkassky
1700275,At Any Price,105.0,Drama,English,Ramin Bahrani,"Ramin Bahrani,Hallie Elizabeth Newton"
1839179,Domestic Violence 2,196.0,Documentary,English,Frederick Wiseman,
2360666,The Dark Side to Love,85.0,"Action, Comedy",English,John Carr,Philip Yordan
1680693,"America, America",168.0,Drama,English,Elia Kazan,Elia Kazan
1936364,Hannah Free,86.0,"Drama, Lgbtq+",English,Wendy Jo Carlton,Claudia Allen
2132295,Mr. Celebrity,68.0,Drama,English,William Beaudine,
1911772,Gas,94.0,Comedy,English,Les Rose,
1961403,How the West Was Won,164.0,Western,English,"John Ford,Henry Hathaway,George Marshall,Richard Thorpe","John Gay,James R. Webb"
2300365,Sometimes a Great Notion,114.0,Drama,English,Paul Newman,John Gay
1811890,Deadly Rivals,92.0,Action,English,James Dodson,
2197582,Perception,107.0,Drama,English,Wade Wofford,Wade Wofford
1714323,Barocco,102.0,"Drama, Mystery & thriller",French (Canada),André Téchiné,"André Téchiné,Marilyn Goldin"
2160498,Not a Photograph: The Mission of Burma Story,70.0,"Documentary, Music",English,"Jeffrey Iwanicki,David A. Kleiler Jr.",
2375753,The Guinea Pig,97.0,Drama,English,Roy Boulting,Mike Riddell
1921447,Go West,69.0,Comedy,,Buster Keaton,
1712130,Bandwagon,103.0,"Comedy, Drama",English,John Schultz,
2143188,Nadja à Paris,13.0,,French (Canada),Éric Rohmer,Nadja Tesich
2296807,Snowed Under,63.0,Comedy,English,Ray Enright,"F. Hugh Herbert,Brown Holmes"
1700174,Asylum Seekers,89.0,"Comedy, Fantasy",English,Rania Ajami,"Rania Ajami,Jake Pilikian"
2363746,The Door in the Floor,111.0,Drama,English,Tod Williams,"John Irving,Tod Williams"
2389991,The Magician,71.0,Fantasy,,Rex Ingram,"Rex Ingram,W. Somerset Maugham"
1893416,Fix,93.0,Drama,English,Tao Ruspoli,"Charles Castaldi,Paul Duran,Jeremy Fels,Tao Ruspoli"
2401928,The Photograph,94.0,Drama,Indonesian,Nan Triveni Achnas,Nan Triveni Achnas
2283109,Shirley Valentine,108.0,"Romance, Comedy",English,Lewis Gilbert,"Willy Russell,Willy Russell"
2077862,Little Saints,98.0,Documentary,English,Oliver Quintanilla,
2169075,Of Human Bondage,83.0,Drama,English,John Cromwell,Lester Cohen
1695132,Armed and Dangerous,88.0,Comedy,English,Mark L. Lester,
2396669,The Neanderthal Man,78.0,Sci-fi,English,E.A. Dupont,
1679923,Amazing Grace,116.0,"History, Drama",English,Michael Apted,Steven Knight
1722278,Berkeley,88.0,Drama,English,Bobby Roth,Bobby Roth
2375434,The Grey Zone,108.0,"History, Drama",English,Tim Blake Nelson,"Tim Blake Nelson,Tim Blake Nelson,Miklos Nyiszli"
2426050,The Wedding Planner,102.0,"Romance, Comedy",English,Adam Shankman,"Pamela Falk,Michael Ellis"
2258331,Salamamgkero,85.0,"Fantasy, Horror",Filipino,Tata Esteban,"Tata Esteban,Grace Hill Serrano"
1922597,Going the Distance,98.0,"Romance, Comedy",English,Nanette Burstein,Geoff LaTulippe
1687644,Angaaray,150.0,"Action, Crime, Drama",Hindi,Mahesh Bhatt,Robin Bhatt
2356084,The Chocolate Farmer,72.0,Documentary,English,Rohan Fernando,Rohan Fernando
2304416,Spanglish,130.0,"Comedy, Drama",English,James L. Brooks,James L. Brooks
2495354,When Boys Fly,62.0,Documentary,English,"Stewart Halpern,Lenid Rolov",
2141976,N-Secure,116.0,Drama,English,David M. Matthews,"Christine Taylor,Julius Lewis"
1950951,His & Hers,80.0,Documentary,English,Ken Wardrop,
1779680,Closer to Home,126.0,Drama,English,Joseph Nobile,"Ruben Arthur Nicdao,Joseph Nobile"
2385315,The Last Warning,,,,Paul Leni,
2388502,The Lost,119.0,"Drama, Horror",English,Chris Sivertson,Chris Sivertson
2311515,State Property,93.0,"Crime, Drama",English,Abdul Malik Abbott,"Abdul Malik Abbott,Ernest ""Tron"" Anderson,Ernest ""Tron"" Anderson"
1721105,Beloved,172.0,"History, Drama",English,Jonathan Demme,"Toni Morrison,Akosua Busia,Richard LaGravenese,Adam Brooks"
2413965,The Sleeping Car,90.0,Horror,English,Douglas Curtis,
2258660,Salmon Fishing in the Yemen,111.0,"Comedy, Drama, Romance",English,Lasse Hallström,Simon Beaufoy
1717285,Beat Girl,93.0,Drama,English,Mairtin De Barra,
2471785,V3,96.0,Drama,English,Jon Steven Ward,Jon Steven Ward
2340252,Texas Masquerade,60.0,Western,English,George Archainbaud,
2206067,Play Nice,90.0,Mystery & thriller,English,Terri Treas,
2137426,My Bloody Valentine,101.0,"Holiday, Horror, Mystery & thriller",English,Patrick Lussier,"Todd Farmer,Zane Smith"
1986054,Inside the Mafia,72.0,"Crime, Drama",English,Edward L. Cahn,
2209957,Polycarp,85.0,"Horror, Mystery & thriller",English,George Lekovic,
1991191,It Conquered the World,68.0,Sci-fi,English,Roger Corman,Lou Rusoff
1951229,His Fighting Blood,60.0,Western,English,John English,
2314776,Storm Warning,93.0,Drama,English,Stuart Heisler,"Daniel Fuchs,Richard Brooks"
2416708,The Story of Ruth,132.0,Drama,English,Henry Koster,Norman Corwin
2363340,The Doberman Gang,87.0,"Kids & family, Action",English,Bryon Chudnow,
2178592,Operation Crossbow,116.0,"War, Drama",English,Michael Anderson,"Emeric Pressburger,Derry Quinn,Ray Rigby"
2456575,Two Mules for Sister Sara,114.0,"Western, Action, Adventure",English,Don Siegel,Albert Maltz
1674782,Alien Warrior,100.0,Sci-fi,English,Ed Hunt,
1851763,Earthworm Tractors,69.0,Comedy,English,Ray Enright,
2405820,The Rainmaker,121.0,Drama,English,Joseph Anthony,N. Richard Nash
2317399,Stroker Ace,96.0,Comedy,English,Hal Needham,"Hugh Wilson,Hal Needham,David Peckinpah"
1635622,11Eleven Project,75.0,Drama,English,Danielle Lauren,
2020673,King Richard and the Crusaders,114.0,"History, Drama",English,David Butler,
1772836,Chippers,52.0,Drama,English,Nino Tropiano,Nino Tropiano
1960383,House of Numbers,92.0,Drama,English,Russell Rouse,"Russell Rouse,Don Mankiewicz"
2000019,Jhankaar Beats,150.0,Comedy,English,Sujoy Ghosh,
1928220,Greener Mountains,90.0,"Comedy, Drama",English,Lee Shallat Chemel,
1745753,Bride of the Monster,68.0,Horror,English,Edward D. Wood Jr.,"Edward D. Wood Jr.,Alex Gordon"
1654256,A Nightmare on Elm Street 3: Dream Warriors,95.0,Horror,English,Chuck Russell,Wes Craven
2273082,Send Me No Flowers,100.0,Comedy,English,Norman Jewison,
2349443,The Big Cube,98.0,Drama,English,Tito Davison,William Douglas Lansford
2423649,The Vampire Lovers,88.0,"Horror, Lgbtq+",English,Roy Ward Baker,"Sheridan Le Fanu,Harry Fine,Tudor Gates,Michael Style,Tudor Gates"
1930566,Guilty as Charged,95.0,"Mystery & thriller, Comedy",English,Sam Irvin,
2374200,The Graffiti Artist,80.0,Drama,English,James Bolton,James Bolton
2243683,Ridin' Down the Canyon,55.0,Western,English,Joseph Kane,
2315821,Strangers May Kiss,85.0,"Comedy, Drama",English,George Fitzmaurice,
1942039,Heart of Stone,84.0,Documentary,English,Beth Toni Kruvant,
2373815,The Good Girl,93.0,"Comedy, Drama",English,Miguel Arteta,Mike White
1857708,El Benny,132.0,"Drama, Musical",Spanish,Jorge Luis Sánchez,"Abrahán Rodríguez,Jorge Luis Sánchez"
1732549,Black Limelight,60.0,Mystery & thriller,English,Paul Stein,
2346624,The Babe,115.0,Biography,English,Arthur Hiller,
2371799,The Gene Generation,95.0,Sci-fi,English,Pearry Reginald Teo,"Keith Collea,Pearry Reginald Teo"
2247114,RoboCop 2,118.0,"Sci-fi, Action",English,Irvin Kershner,"Frank Miller,Walon Green"
2360701,The Darkest Corner of Paradise,72.0,"Drama, Mystery & thriller",English,Henry Weintraub,"Michael Burgner,Henry Weintraub"
2478100,Victor... pendant qu'il est trop tard,86.0,Drama,French (France),Sandrine Veysset,Sandrine Veysset
2350334,The Black Camel,71.0,Mystery & thriller,English,Hamilton MacFadden,
1793226,Crimes Against Humanity,77.0,Comedy,English,Jerzy Rose,"Halle Butler,Jerzy Rose"
1633971,...Around,104.0,Drama,English,David Spaltro,David Spaltro
2174275,On These Shoulders We Stand,75.0,Documentary,English,Glenne McElhinney,
1762825,Casualties of War,113.0,"War, Drama",English,Brian De Palma,David Rabe
2380641,The International,118.0,"Mystery & thriller, Drama",English,Tom Tykwer,Eric Warren Singer
2201523,Picco,105.0,"Crime, Drama, Horror, Mystery & thriller",German,Philip Koch,
2248017,RocknRolla,114.0,"Crime, Drama, Action, Comedy",English,Guy Ritchie,Guy Ritchie
2231754,Ran,160.0,"History, Drama",Japanese,Akira Kurosawa,"Masato Ide,Akira Kurosawa,Hideo Oguni,William Shakespeare"
2196802,Penny Serenade,118.0,Drama,English,George Stevens,"Martha Cheavens,Morrie Ryskind"
1939471,Hasta el viento tiene miedo,88.0,"Horror, Mystery & thriller",Spanish,Gustavo Moheno,
2421454,The Trip,85.0,Fantasy,English,Roger Corman,Jack Nicholson
2200247,Phaedra,115.0,Drama,English,Jules Dassin,
2329284,Taboo,80.0,"Mystery & thriller, Horror",English,Max Makowski,Chris Fisher
1985802,Inside Man,129.0,"Mystery & thriller, Crime, Drama",English,Spike Lee,Adam Erbacher
2236738,Redirected,99.0,"Action, Drama, Mystery & thriller",English,Emilis Velyvis,"Jonas Banys,Lewis Britnell,Emilis Velyvis"
2288770,Simple Men,105.0,"Comedy, Drama, Romance",English,Hal Hartley,Hal Hartley
1678060,Along the Great Divide,88.0,Western,English,Raoul Walsh,"Walter Doniger,Lewis Meltzer"
1660724,A Woman's Devotion,88.0,Mystery & thriller,English,Paul Henreid,
1835598,Distant Shadow,101.0,Mystery & thriller,English,Howard J. Ford,Mark Andrews
2021723,Kiss Me,120.0,Drama,Portuguese,António da Cunha Telles,"Rita Benis,Vicente Alves do Ó"
1838137,Dogfight,95.0,Drama,English,Nancy Savoca,
2275783,Sewing Hope,54.0,Documentary,English,Derek Watson,Derek Watson
2241844,Revenge Is Her Middle Name,108.0,"Drama, Horror",English,Anthony Matthews,Anthony Matthews
1664228,Ace Ventura: When Nature Calls,92.0,"Comedy, Adventure",English,Steve Oedekerk,"Jack Bernstein,Steve Oedekerk"
2346078,The Assassination of Richard Nixon,105.0,Drama,English,Niels Mueller,"Kevin Kennedy,Niels Mueller"
2169725,Offspring,83.0,"Drama, Mystery & thriller",English (Australia),Richard Ryan,Richard Ryan
1932852,H.O.T.S.,95.0,Comedy,English,Gerald Seth Sindell,
1725379,Bhagat Gora Kumbhar,140.0,"History, Drama, Adventure",Hindi,Dinesh Raval,
1924689,Goodbye Baby,87.0,Drama,English,Daniel Schechter,Daniel Schechter
1863951,Eldorado,80.0,"Comedy, Drama",French (Canada),Bouli Lanners,Bouli Lanners
1668609,Aftershock,89.0,"Horror, Mystery & thriller",English,Nicolás López,"Nicolás López,Eli Roth,Guillermo Amoedo"
2280311,She Gods of Shark Reef,63.0,Adventure,English,Roger Corman,
1959664,Hotel Chevalier,13.0,"Drama, Romance",English,Wes Anderson,Wes Anderson
1763544,Cattle Town,71.0,Western,English,Noel M. Smith,
1839316,Dominique,100.0,Horror,English,Michael Anderson,
1908027,Future World: City of Mass Destruction,127.0,"Sci-fi, Action",English,Daniel E. Falicki,
2108777,Maynard Dixon: Art and Spirit,66.0,Documentary,English,Jayne McKay,"Daniel Dixon,Jayne McKay"
2086596,Love Happens,88.0,"Comedy, Drama",English,Tony Cookson,Tony Cookson
2378432,The Hoosier Schoolmaster,71.0,Drama,English,Lewis D. Collins,Charles Logue
1908747,G.I. Joe: Retaliation,110.0,"Action, Adventure",English,Jon M. Chu,"Rhett Reese,Paul Wernick"
1853244,Eden,106.0,Drama,English,Howard Goldberg,
1780977,Cocktail,104.0,"Romance, Comedy, Drama",English,Roger Donaldson,Heywood Gould
2256817,Sadhu Aur Shaitaan,155.0,"Drama, Romance",Hindi,A. Bhimsingh,
2117727,Midnight Run,122.0,"Comedy, Action",English,Martin Brest,George Gallo
1901404,Frankenweenie,27.0,Fantasy,English,Tim Burton,
1654961,A Piece of the Action,135.0,"Comedy, Drama",English,Sidney Poitier,Charles Blackwell
2521356,Zorro,125.0,Adventure,English,Duccio Tessari,Giorgio Arlorio
2249059,Roman,92.0,"Mystery & thriller, Horror",English,Angela Bettis,Lucky McKee
1995776,James,17.0,Drama,English,Connor Clements,Connor Clements
1731159,Bittersweet Monday,88.0,"Drama, Romance",English,Jaime Lee,Jaime Lee
1911032,Gangster,123.0,"Crime, Drama, Romance, Mystery & thriller",Hindi,Anurag Basu,"Mahesh Bhatt,Anurag Basu"
1694590,Arguing the World,109.0,Documentary,English,Joseph Dorman,Joseph Dorman
2379031,The Houseboy,81.0,Drama,English,Spencer Schilly,Spencer Schilly
2415865,The Stand at Apache River,77.0,Western,English,Lee Sholem,
2398852,The One,97.0,"Comedy, Drama, Romance, Lgbtq+",English,Caytha Jentis,Caytha Jentis
2082277,Looney Tunes: Back in Action,91.0,"Kids & family, Comedy, Fantasy",English,Joe Dante,"Larry Doyle,Larry Doyle,John Requa,Glenn Ficarra"
2232108,Rango,105.0,"Kids & family, Comedy, Adventure, Animation",English,Gore Verbinski,John Logan
1987509,Interview,84.0,Drama,English,Steve Buscemi,"Steve Buscemi,David Schechter"
1720182,Being Cyrus,90.0,"Drama, Mystery & thriller",English,Homi Adajania,"Homi Adajania,Kersi Khambatta"
1999946,Jews & Money,90.0,Documentary,French (Canada),Lewis Cohen,
1945292,Henry VIII and His Six Wives,125.0,"History, Drama",English,Waris Hussein,Ian Thorne
2372706,The Girl Next Door,92.0,"Musical, Romance",English,Richard Sale,
2297830,Socket,90.0,Drama,English,Sean Abley,Sean Abley
2367936,The Father's Love,86.0,"Drama, Romance",,Sharon Kon,"Sharon Kon,Mara Measor"
2168626,Ode,48.0,"Romance, Drama",English,Kelly Reichardt,Kelly Reichardt
1885837,Fear and Loathing in Las Vegas,119.0,Comedy,English,Terry Gilliam,"Hunter S. Thompson,Terry Gilliam,Tony Grisoni,Tod Davies,Alex Cox"
2247192,Robot Monster,62.0,Sci-fi,English,Phil Tucker,Wyott Ordung
1735601,Blood for Irina,70.0,Horror,English,Chris Alexander,Chris Alexander
2100948,Maniac,89.0,Horror,English,Franck Khalfoun,"Alexandre Aja,Grégory Levasseur"
2372128,The Ghost Walks,69.0,Mystery & thriller,English,Frank R. Strayer,
2249271,Romance on the Range,63.0,Western,English,Joseph Kane,
2179482,Oratorio for Prague,26.0,War,Czech,Jan Nemec,
1673578,Alex Cross,101.0,"Action, Mystery & thriller",English,Rob Cohen,"Marc Moss,Kerry Williamson"
2116815,Michael Jackson: The Life of an Icon,157.0,Documentary,English,Andrew Eastel,
2053967,Las Vegas Lady,87.0,Drama,English,Noel Nosseck,Walter Dallenbach
1724834,Beyond Right and Wrong: Stories of Justice and Forgiveness,80.0,"Documentary, War",English,"Lekha Singh,Roger Spottiswoode",
2231781,Rana: The Legend of Shadow Lake,96.0,Adventure,English,Bill Rebane,
2223798,Purgatory House,96.0,Drama,English,Cindy Baer,Celeste Davis
2514000,You Gotta Stay Happy,100.0,"Romance, Comedy",English,H. C. Potter,
2203882,Pinocchio in Outer Space,71.0,"Kids & family, Fantasy, Animation",English,Ray Goosens,
1957544,Hope Eternal,120.0,"Drama, Romance",Afrikaans,Karl Francis,Karl Francis
1895079,Flor de Muertos,91.0,Documentary,Spanish,Danny Vinik,Danny Vinik
2385199,The Last Tattoo,109.0,Action,English,John Reid,
2430824,"They Shoot Horses, Don't They?",121.0,Drama,English,Sydney Pollack,
2008884,Kaamchor,135.0,Drama,Hindi,K. Viswanath,
2086776,Love in the Rough,85.0,"Romance, Comedy",English,Charles Reisner,
2373269,The Goat,27.0,Comedy,,"Buster Keaton,Malcolm St. Clair","Buster Keaton,Malcolm St. Clair"
1797428,Curtain Call,94.0,"Romance, Comedy",English,Peter Yates,"Andrew S. Karsch,Todd Alcott"
1635418,108 Teerthyatra,139.0,"Comedy, Drama",Hindi,Rajpati,Keshev Rathod
1688260,"Angels, Devils and Men",120.0,Comedy,English,Lindsay Shonteff,"Lindsay Shonteff,Alexia Shonteff"
1886220,Feed,105.0,Mystery & thriller,English,Brett Leonard,Kieran Galvin
2294027,Slimed,60.0,"Action, Adventure, Comedy",English,"Eric Manche,Jeff Nitzberg","Eric Manche,Jeff Nitzberg"
2264441,Sawan Ki Ghata,147.0,"Romance, Musical",Hindi,Shakti Samanta,
2192997,Passion,84.0,Western,English,Allan Dwan,"Beatrice A. Dresher,Miguel Padilla,Joseph Lejtes,Howard Estabrook,Beatrice A. Dresher,Joseph Lejtes"
2293143,Slattery's Hurricane,83.0,Action,English,Andre de Toth,
2397501,The Night Before the Divorce,62.0,"Comedy, Drama",English,Robert Siodmak,
2112747,Memories of Tomorrow,86.0,"Drama, Mystery & thriller",English,Amit Tripuraneni,
1800106,Dahej,149.0,"Crime, Drama",Hindi,Shantaram Rajaram Vankudre,
1944337,Hellfire,90.0,Western,English,R. G. Springsteen,"Dorrell McGowan,Stuart E. McGowan"
1876674,Everyone Must Die!,71.0,Horror,English,Steve Rudzinski,"Derek Rothermund,Steve Rudzinski"
2340067,Tetro,127.0,Drama,English,Francis Ford Coppola,Francis Ford Coppola
1761109,Carol Channing: Larger Than Life,83.0,Documentary,English,Dori Berinstein,"Dori Berinstein,Adam Zucker"
1937325,Happy Hour,86.0,Comedy,English,John De Bello,"John De Bello,Costa Dillon"
2229181,Race to the Finish,45.0,Drama,English,Greg Robbins,"Peter Kent,Greg Robbins,Nancy Stafford,Richie Derwald"
2419601,The Third Miracle,119.0,Drama,English,Agnieszka Holland,"John Romano,Richard Vetere"
2019384,Killer of Sheep,80.0,Drama,English,Charles Burnett,Charles Burnett
2386958,The Line King: The Al Hirschfeld Story,87.0,Documentary,English,Susan Warms Dryfoos,Susan Warms Dryfoos
2099776,Man of the Year,88.0,Comedy,English,Straw Weisman,
2263634,Saudagar,131.0,Drama,Hindi,Sudhendy Roy,Sudhendu Roy
2351614,The Boost,95.0,Drama,English,Harold Becker,Darryl Ponicsan
2406517,The Reception,75.0,Drama,English,John G. Young,John G. Young
1763248,Catching Hell,102.0,Documentary,English,Alex Gibney,Alex Gibney
2333989,Taste the Blood of Dracula,95.0,Horror,English,Peter Sasdy,
2073468,Life According to Sam,94.0,Documentary,English,"Sean Fine,Andrea Nix",
1921232,Go,110.0,"Romance, Adventure, Mystery & thriller",Hindi,Manish Shrivastav,
2440038,To Whom It May Concern: Ka Shen's Journey,104.0,"Drama, Biography",English,Brian Jamieson,Brian Jamieson
1988613,Investigation of a Flame,43.0,Documentary,English,Lynne Sachs,
2451422,Trouble in the Peace,94.0,Documentary,English,Julian T. Pinder,"Julian T. Pinder,Paul Scherzer"
2422884,The Unforgiven,125.0,Western,English,John Huston,Ben Maddow
2078029,Little White Lies,86.0,"Comedy, Drama",English,Caradog W. James,Helen Griffin
1834182,Dirty Dancing,100.0,"Romance, Drama",English,Emile Ardolino,Eleanor Bergstein
1836427,Django,92.0,Western,Italian,Sergio Corbucci,"Sergio Corbucci,Bruno Corbucci"
2386249,The Letter,62.0,Drama,English,Jean de Limur,"Garrett Fort,Monta Bell"
2002706,John's Gone,22.0,Comedy,English,Josh Safdie,
1664064,Accidents Will Happen,62.0,"Crime, Drama",English,William Clemens,
2252430,Rub & Tug,90.0,Comedy,English,Soo Lyu,
2095172,Magic in the Mirror,86.0,Fantasy,English,Ted Nicolaou,"Ken Carter Jr.,Frank Dietz"
2063655,Learning to Breathe,88.0,Documentary,English,Rocky Romano,Rocky Romano
2450709,Triumphs of a Man Called Horse,90.0,Western,English,John Hough,
2082428,Loose Shoes,74.0,Comedy,English,Ira Miller,
1930761,Gulabi Gang,96.0,Documentary,Hindi,Nishtha Jain,"Torstein Grude,Nishtha Jain"
1837416,DocoBANKSY,59.0,"Documentary, Biography",English,Dominic Wade,
1793345,Criminal Passion,96.0,Mystery & thriller,English,Donna Deitch,
1937369,Happy Landing,102.0,"Musical, Romance",English,Roy Del Ruth,
2018810,Kika,115.0,Comedy,Spanish (Spain),Pedro Almodóvar,
1924684,Goodbye Again,120.0,Romance,English,Anatole Litvak,
2387769,The Lobster and the Liver: The Unique World of Jim Woodring,93.0,Documentary,English,Jonathan Howells,
2007248,Just Another Day,92.0,Drama,English,Peter Spirer,Iain Kennedy
2119509,Milltown Pride,135.0,Drama,English,Tim Rogers,David Burke
2369747,The Florodora Girl,80.0,Musical,English,Harry Beaumont,
2515294,"Young, Single & Angry",91.0,Comedy,English,Richard Waterhouse,Cheri Waterhouse
1649210,A Further Gesture,97.0,Mystery & thriller,English,Robert Dornhelm,"Ronan Bennett,Stephen Rea"
2345482,The Arizona Raiders,57.0,"Western, Comedy",English,James P. Hogan,
2208616,Point of Impact,96.0,Mystery & thriller,English,Bob Misiorowski,
2379676,The Ides of March,100.0,Drama,English,George Clooney,"George Clooney,Grant Heslov,Beau Willimon"
2099822,Man on Wire,90.0,Documentary,English,James Marsh,
1778961,Cleopatra,100.0,Biography,,Charles L. Gaskill,
2372783,The Girl on the Bridge,77.0,Drama,English,Hugo Haas,"Hugo Haas,Arnold Lipp"
2104748,Marshal,115.0,Action,Hindi,Manish R. Khandelwal,Miraq Mirza
2228441,Quo Vadis,165.0,"History, Drama",Polish,Jerzy Kawalerowicz,Jerzy Kawalerowicz
2125537,Molly,89.0,Drama,English,John Duigan,Dick Christie
2448837,Treatment,87.0,"Comedy, Drama",English,"Sean Nelson,Steven Schardt",Sean Nelson
2108680,Maybe Tomorrow,90.0,"Comedy, Drama, Romance",English,"Kenny White,Harry Masengale",Kenny White
2382536,The Kid,90.0,Drama,English,Nick Moran,"Kevin Lewis,Nick Moran"
2379394,The Hunted,110.0,Action,English,J.F. Lawton,J.F. Lawton
2362641,The Devonsville Terror,82.0,Horror,English,Ulli Lommel,
1833063,Dilli Ka Thug,132.0,Comedy,Hindi,S.D. Narang,"S.D. Narang,H.A. Rahi"
1926057,Grace Bedell,17.0,"History, Drama",English,Eric Burdett,Mark Esslinger
1886219,Feed,76.0,Documentary,English,"Kevin Rafferty,James Ridgeway",
2182634,Our Modern Maidens,75.0,Romance,,Jack Conway,"Marian Ainslee,Ruth Cummings"
2239598,Repo Men,111.0,"Sci-fi, Action, Mystery & thriller",English,Miguel Sapochnik,"Eric Garcia,Garrett Lerner"
2135531,Murder à la Mod,,,,Brian De Palma,
2362306,The Devil Horse,100.0,Western,English,Otto Brower,
2420361,The Toll of the Sea,55.0,Romance,,Chester M. Franklin,
2350502,The Black Pimpernel,95.0,"Drama, Romance, Mystery & thriller",English,"Asa Faringer,Ulf Hultberg",Bob Foss
2021834,Kiss or Kill,95.0,Mystery & thriller,English,Bill Bennett,Bill Bennett
2472804,Valley of the Dolls,123.0,Drama,English,Mark Robson,"Helen Deutsch,Jacqueline Susann"
1711306,Ballin' at the Graveyard,83.0,Documentary,English,"Basil Anastassiou,Paul Kentoffio",
2304483,Spanish Judges,98.0,Mystery & thriller,English,Oz Scott,William Rehor
1804140,Dark Queen,83.0,Sci-fi,English,Ken LaVan,Lou Aguilar
2167308,Oasis,132.0,"Romance, Drama",Korean,Lee Chang-dong,Lee Chang-dong
2016323,Kelly's Heroes,145.0,War,English,Brian G. Hutton,Troy Kennedy-Martin
2433175,Three Can Play That Game,91.0,"Romance, Comedy",English,Samad Davis,Mark Brown
2465222,Undercurrent,94.0,Mystery & thriller,English,Frank Kerr,Wayne Behar
2411032,The Second Coming of Suzanne,90.0,Drama,English,Michael Barry,
2000885,Jimmy Zip,112.0,Drama,English,Robert McGinley,Robert McGinley
2433498,Three Miles North of Molkom,112.0,Documentary,English,"Robert Cannan,Corinna McFarlane",
2207710,Pluto,94.0,Comedy,English,Ariel Frenkel,Ari Frenkel
2409291,The Round Table,94.0,Drama,English,"Paul W.L. McDaniel,Avril Z. Speaks",Paul W.L. McDaniel
2021827,Kiss of the Spider Woman,119.0,Drama,Portuguese (Brazil),Hector Babenco,"Leonard Schrader,Manuel Puig"
1791956,Crashing Hollywood,60.0,Comedy,English,Lew Landers,"Paul Yawitz,Gladys Atwater"
1980377,In Old Mexico,54.0,Western,English,Edward Venturini,
2222571,Pufnstuf,98.0,"Kids & family, Fantasy",English,Hollingsworth Morse,"John Fenton Murray,Si Rose"
1742121,Botso,82.0,Documentary,English,Tom Walters,Hilary Grant
1845578,Dreamland,17.0,"Adventure, Drama",Arabic,Alla Volkova,Joe Aaron
1852271,Eat Pray Love,140.0,"Drama, Romance",English,Ryan Murphy,"Ryan Murphy,Jennifer Salt"
1774625,Chronicle,84.0,"Drama, Sci-fi, Mystery & thriller",English,Josh Trank,Max Landis
2376697,The Haunting of Fox Hollow Farm,67.0,Documentary,English,Dan T. Hall,Dan T. Hall
2294060,Slip,98.0,Mystery & thriller,English,Brian Maris,Brian Maris
2489774,Way of the Black Dragon,88.0,"Action, Adventure, Crime, Drama",Chinese,Chih Chen,Chih Chen
2206933,Playtime,93.0,Comedy,French (Canada),Jacques Tati,"Art Buchwald,Jacques Lagrange,Jacques Tati"
1737784,Boarding Gate,93.0,Mystery & thriller,Chinese,Olivier Assayas,Olivier Assayas
2140648,Mystery Ranch,56.0,Western,English,Bernard B. Ray,Rose Gordon
2504865,Wolves of Wall Street,85.0,Mystery & thriller,English,David DeCoteau,Barry Levy
1930580,Guilty by Suspicion,105.0,Drama,English,Irwin Winkler,Irwin Winkler
2333077,Tap Roots,109.0,Drama,English,George Marshall,Alan Le May
2340262,Texas Rangers,90.0,"Western, Adventure",English,Steve Miner,"Scott Busby,Martin Copeland"
1943286,Heidi,88.0,"Kids & family, Drama",English,Allan Dwan,
2422580,The Unbelievable Truth,90.0,"Comedy, Drama",English,Hal Hartley,
1877015,Evil Alien Conquerors,89.0,"Comedy, Sci-fi",English,Chris Matheson,"Chris Matheson,Ryan Rowe"
1966566,I Bury the Living,75.0,Mystery & thriller,English,Albert Band,
2250547,"Rosa la rose, fille publique",87.0,Drama,French (Canada),Paul Vecchiali,Paul Vecchiali
2311942,Steal This Movie,111.0,Drama,English,Robert Greenwald,"Anita Hoffman,Abbie Hoffman,Marty Jezer,Bruce Graham"
2076560,Liquid Wind,60.0,Documentary,English,Charles Maupin,
2271303,Seeing Other People,90.0,"Romance, Comedy",English,Wallace Wolodarsky,
1725783,Bhola Bhala,150.0,"Action, Crime, Drama",Hindi,Satpal,Madhusudan Kalekar
2101810,Manuela Sáenz,97.0,Drama,Spanish,Diego Rísquez,
1673153,Albert Nobbs,113.0,"Drama, Romance",English,Rodrigo Garcia,"Gabriella Prekop,John Banville,Glenn Close"
2345757,The Art of Pain,130.0,Comedy,English,Matt Brookens,
2019218,Killer,95.0,Mystery & thriller,English,Mark Malone,
2087366,Love Potion No. 9,97.0,"Romance, Comedy",English,Dale Launer,Dale Launer
1633937,...All the Marbles,113.0,Comedy,English,Robert Aldrich,
1708244,Backfire,93.0,Mystery & thriller,English,Gilbert Cates,
1744592,Breakaway,101.0,Comedy,English,Robert Lieberman,"Noel S. Baker,Jeff Schechter,Vinay Virmani,Matt Simmons"
2155186,Nineteen and Phyllis,60.0,Comedy,,Joseph De Grasse,"Isabel Johnston,Bernard McConville"
2054398,Last Day of Summer,105.0,"Comedy, Drama",English,Vlad Yudin,Vlad Yudin
2376017,The Half Life of Timofey Berezin,107.0,Drama,English,Scott Z. Burns,Scott Z. Burns
2500913,Wild Horse Hank,94.0,Adventure,English,Eric Till,James Lee Barrett
2050477,Labyrinth,101.0,Fantasy,English (United Kingdom),Jim Henson,"Dennis Lee,Jim Henson,Terry Jones,Elaine May"
2445626,Toy Soldiers,112.0,Action,English,Daniel Petrie Jr.,"Daniel Petrie Jr.,David Koepp"
2127002,Monkey Shines,113.0,Horror,English,George A. Romero,
1935265,Hamlet,242.0,Drama,English,Kenneth Branagh,"William Shakespeare,Kenneth Branagh"
1689503,Anna Karenina,95.0,Drama,English,Clarence Brown,
2023494,Knuckle Draggers,88.0,"Comedy, Romance",English,Alex Ranarivelo,Alex Ranarivelo
1936353,Hannah and Her Sisters,106.0,"Comedy, Drama",English,Woody Allen,Woody Allen
1718749,Beer League,86.0,Comedy,English,Frank Sebastiano,"Frank Sebastiano,Artie Lange"
1951222,His Favorite Pastime,16.0,Comedy,,George Nichols,"Charlie Chaplin,Craig Hutchinson"
1646865,A Dangerous Place,97.0,Drama,English,Jerry P. Jacobs,Sean Dash
1894416,Flex Is Kings,83.0,Documentary,English,"Michael Beach Nichols,Deidre Schoo",
1772122,Children Who Labor,13.0,Drama,,Ashley Miller,
2502095,Winchester '73,92.0,Western,English,Anthony Mann,"Borden Chase,Robert L. Richards"
1762341,Cassadaga,113.0,"Horror, Mystery & thriller",English,Anthony DiBlasi,"Bruce Wood,Scott Poiley"
1868416,Encounters,83.0,"Romance, Comedy, Drama",English,Pat Kelman,Pat Kelman
2367240,The Falcon in Mexico,70.0,Mystery & thriller,English,William Berke,
2269478,Season of the Witch,95.0,"Action, Adventure, Fantasy",English,Dominic Sena,Bragi Schut
1719206,Beginning of the End,76.0,Sci-fi,English,Bert I. Gordon,"Fred Freiberger,Lester Gorn"
1777307,Citizen Kane,119.0,Drama,English,Orson Welles,"Herman J. Mankiewicz,Orson Welles,John Houseman"
1865660,Elvis Found Alive,128.0,"Drama, Comedy",English,Joel Gilbert,
2417029,The Stranglers of Bombay,80.0,Horror,English,Terence Fisher,
2362785,The Diary of Preston Plummer,82.0,"Drama, Romance",English,Sean Ackerman,Sean Ackerman
2467333,Unknown Soldier,78.0,Drama,English,Ferenc Tóth,Ferenc Tóth
2271479,Seems Like Old Times,100.0,"Romance, Comedy",English,Jay Sandrich,Neil Simon
1641825,5 Broken Cameras,90.0,"Documentary, War",Hebrew,"Emad Burnat,Guy Davidi",
1842451,Double Dhamaal,138.0,"Comedy, Crime, Drama",Hindi,Indra Kumar,Tushar Hiranandani
2372349,The Gigolos,95.0,Comedy,English,Richard Bracewell,"Richard Bracewell,Trevor Sather,Sacha Tarter"
1980355,In Old California,88.0,Western,English,William McGann,"Gertrude Purcell,Frances Hyland"
2190547,Parasomnia,103.0,"Horror, Romance, Mystery & thriller",English,William Malone,William Malone
1734751,Blinder,102.0,"Drama, Romance",English,Richard Gray,"Michele Davis-Gray,Scott Didier,Richard Gray"
1910108,Game of Life,102.0,Drama,English,Joseph Merhi,Joseph Merhi
2431246,Things We Lost in the Fire,118.0,Drama,English,Susanne Bier,Allan Loeb
1847862,Duane Incarnate,83.0,Comedy,English,Hal Salwen,Hal Salwen
2317140,Strings,89.0,"Fantasy, Adventure",English,Anders Rønnow Klarlund,"Anders Rønnow Klarlund,Naja Marie Aidt"
2362190,The Detective,114.0,"Crime, Drama, Lgbtq+",English,Gordon Douglas,Abby Mann
1849520,Dusty Ermine,85.0,Drama,English,Bernard Vorhaus,
1811016,Dead Europe,84.0,Drama,English,Tony Krawitz,Louise Fox
1802323,Danger Zone,92.0,Mystery & thriller,English,Allan Eastman,
2203869,Pinocchio,108.0,"Kids & family, Fantasy",Italian,Roberto Benigni,"Roberto Benigni,Vincenzo Cerami,Carlo Collodi"
1704943,Awaken the Dragon,90.0,Documentary,English,Liz Oakley,
2390076,The Magnificent Seven,126.0,Western,English,John Sturges,William Roberts
2315475,Strange Frame: Love & Sax,98.0,"Sci-fi, Animation",English,G.B. Hajim,"G.B. Hajim,Shelley Doty"
2415680,The Square Peg,89.0,Comedy,English,John Paddy Carstairs,"Henry Blyth,Jack Davies,Eddie Leslie,Norman Wisdom"
1882959,Fanci's Persuasion,78.0,Comedy,English,Charles Herman-Wurmfeld,
2040070,La ferme des humains,88.0,Drama,French (Canada),Onur Karaman,Onur Karaman
1648540,A Few Good Men,138.0,Drama,English,Rob Reiner,Aaron Sorkin
2310916,Starkweather,90.0,Drama,English,Byron Werner,Stephen Johnston
2086437,Love Crimes,85.0,Mystery & thriller,English,Lizzie Borden,Allan Moyle
1688747,Animal Factory,90.0,"Drama, Crime",English,Steve Buscemi,
1720605,Believe in Me,108.0,Drama,English,Robert Collector,Robert Collector
1901378,Frankenstein's Army,84.0,"Action, Horror",English,Richard Raaphorst,Miguel Tejada-Flores
1756249,Callback,90.0,"Comedy, Drama",English,Kartik Singh,Kartik Singh
2303993,Space Battleship Yamato,131.0,"Sci-fi, Adventure",Japanese,Takashi Yamazaki,"Shimako Sato,Yoshinobu Nishizaki"
1727336,Big Eden,119.0,"Comedy, Drama, Lgbtq+",English,Thomas Bezucha,Thomas Bezucha
2088258,Lover Girl,87.0,Drama,English,"Lisa Addario,Joe Syracuse",Lisa Addario
2512231,Yesterday,87.0,Drama,Polish,Radoslaw Piwowarski,
2017518,Khatta Meetha,150.0,Comedy,Hindi,Basu Chatterjee,
1883847,Farewell to My Country,,,,Andrzej Krakowski,
1733007,Black Shampoo,85.0,Drama,English,Greydon Clark,"Alvin L. Fast,Greydon Clark"
1782703,Colorado Kid,60.0,Western,English,Sam Newfield,
2418282,The Tailor's Apprentice,84.0,"Crime, Drama, Mystery & thriller",English,Jeff Lehman,Jeff Lehman
1657189,A Single Man,99.0,"Drama, Lgbtq+",English,Tom Ford,"Tom Ford,David Scearce"
2397067,The New Janitor,16.0,Comedy,,Charlie Chaplin,Charlie Chaplin
1764495,Ceiling Zero,95.0,Adventure,English,Howard Hawks,Frank Wead
1775216,Chunky Monkey,,,,Greg Cruttwell,
2359360,The Criminal,99.0,Mystery & thriller,English,Julian Simpson,Julian Simpson
1948192,Hex,92.0,Mystery & thriller,English,Leo Garen,
1661870,Aap Ke Deewane,180.0,"Drama, Romance",Hindi,Surendra Mohan,Madan Joshi
2377190,The Helen Morgan Story,118.0,Biography,English,Michael Curtiz,
1716845,Beach Babes 2: Cave Girl Island,,,,David DeCoteau,
1882609,Family Honeymoon,90.0,Comedy,English,Claude Binyon,
2008327,Jwalamukhi,120.0,"Crime, Drama",Hindi,Prakash Mehra,
2183625,Out to Sea,109.0,"Romance, Comedy",English,Martha Coolidge,
2400889,The Patsy,101.0,Comedy,English,Jerry Lewis,
2231706,Ramrod,94.0,Western,English,Andre de Toth,"C. Graham Baker,Cecile Kramer,Jack Moffitt"
1727009,Big Business,19.0,Comedy,,"James W. Horne,Leo McCarey","H. M. Walker,Leo McCarey"
1751743,Bury Me Dead,71.0,Mystery & thriller,English,Bernard Vorhaus,
1808753,Days of Wine and Roses,117.0,Drama,English,Blake Edwards,J.P. Miller
2418707,The Teacher,98.0,Mystery & thriller,English,Howard Avedis,Howard Avedis
2374384,The Gray Area,95.0,Drama,English,Chapin Hemmingway,"Chapin Hemmingway,Tyson Balcomb"
2407744,The Revengers' Comedies,82.0,Comedy,English,Malcolm Mowbray,
2238198,Relative Values,87.0,Comedy,English,Eric Styles,
1802475,Dangerous Intimacy: The Untold Story of Mark Twain's Final Years,73.0,"Documentary, Biography",English,Richard Altomonte,Richard Altomonte
1893217,Five Easy Pieces,96.0,Drama,English,Bob Rafelson,"Carole Eastman,Bob Rafelson"
2127560,Monster Road,79.0,Documentary,English,Brett Ingram,
1721854,"Benjamin Franklin, Jr.",11.0,Comedy,English,Herbert Glazer,"Hal Law,Robert A. McGowan"
2072494,Liberty Heights,127.0,"Comedy, Drama",English,Barry Levinson,Barry Levinson
1759826,Carandiru,148.0,"Drama, Crime",Portuguese (Brazil),Hector Babenco,"Hector Babenco,Victor Navas,Fernando Bonassi,Drauzio Varella"
2231918,Random Encounters,94.0,"Romance, Comedy",English,Boris Undorf,"Nate Barlow,Boris Undorf"
2007036,Jurrat,179.0,"Crime, Drama",,David Dhawan,
1993907,Jack,113.0,Fantasy,English,Francis Ford Coppola,"James DeMonaco,Gary Nadeau"
2125604,Molly's Theory of Relativity,102.0,Drama,English,Jeff Lipsky,Jeff Lipsky
1768044,Charlie Chan's Secret,71.0,Mystery & thriller,English,Gordon Wiles,Robert Ellis
1638453,2001: Do Hazaar Ek,130.0,"Crime, Drama, Mystery & thriller",Hindi,Raj N. Sippy,Anand S. Vardhan
1929105,Grotesque,79.0,Horror,English,Joe Tornatore,
1827150,Die and Let Live,75.0,"Horror, Romance, Comedy",English,Justin Channell,
2321727,Sunshine State,141.0,Drama,English,John Sayles,John Sayles
2258861,Salt n' Pepper,132.0,"Drama, Romance",Malayalam,Aashiq Abu,"Dileesh Nair,Shyam Pushkar"
2352615,The Bride Market of Imilchil,80.0,Documentary,Arabic,"Christian Pierce,Steffen Pierce",
2524713,Évocateur: The Morton Downey Jr. Movie,91.0,Documentary,English,"Seth Kramer,Daniel A. Miller,Jeremy Newberger",Daniel A. Miller
2340370,Tha Eastsidaz,75.0,"Action, Crime, Drama",English,Michael Martin,
1768496,Chasing Beauty,90.0,Documentary,English,Brent Huff,"Brent Huff,Pete Sepenuk"
1793061,Crime by Night,72.0,Mystery & thriller,English,William Clemens,
1642666,65_RedRoses,,,,Philip Lyall,
2490105,We Are Modeselektor,72.0,Documentary,German,"Romi Agel,Holger Wick","Romi Agel,Holger Wick"
2007601,Just Like Heaven,95.0,"Romance, Comedy",English,Mark Waters,"Peter Tolan,Leslie Dixon,Marc Levy"
2274320,Serial,92.0,Comedy,English,Bill Persky,
1733390,Blackenstein,87.0,Horror,English,William A. Levey,Frank R. Saletri
1660707,A Woman Under the Influence,155.0,Drama,English,John Cassavetes,
2386055,The Legend of Sorrow Creek,74.0,"Drama, Horror, Mystery & thriller",English,Michael Penning,Michael Penning
2448746,Treasure of Monte Cristo,79.0,Drama,English,William Berke,
2263825,Savage Sisters,89.0,Action,English,Eddie Romero,
2054770,Last Resort,86.0,Comedy,English,Zane Buzby,
2299104,Solitary Man,89.0,"Comedy, Drama",English,"Brian Koppelman,David Levien",Brian Koppelman
1707921,Back to Bataan,97.0,War,English,Edward Dmytryk,
1770152,Chernobyl Diaries,86.0,"Horror, Mystery & thriller",English,Bradley Parker,"Oren Peli,Carey Van Dyke,Shane Van Dyke"
2189874,Paradise,100.0,Romance,English,Stuart Gillard,Stuart Gillard
1985995,Inside the Circle,102.0,Documentary,English,Marcy Garriott,
2174389,On Your Toes,93.0,"Musical, Comedy",English,Ray Enright,"Jerry Wald,Richard Macaulay"
2285605,Shutter,95.0,"Mystery & thriller, Horror",Thai,"Parkpoom Wongpoom,Banjong Pisanthanakun",
1674740,Alien Seed,88.0,Sci-fi,English,Bob James,
1781543,Coffin Rock,92.0,Mystery & thriller,English,Rupert Glasson,Rupert Glasson
2367246,The Falcon's Alibi,62.0,Mystery & thriller,English,Ray McCarey,
1843242,Down by the River,116.0,Drama,English,"William Leonardo Molina,Sean Johnson",Sean Johnson
2093837,Madame X,95.0,Drama,English,Lionel Barrymore,
2333329,Tara Road,97.0,Drama,English,Gillies MacKinnon,"Cynthia Cidre,Shane Connaughton"
2388710,The Lost Patrol,74.0,War,English,John Ford,"Dudley Nichols,Garrett Fort"
2416147,The Stepford Wives,93.0,Comedy,English,Frank Oz,"Ira Levin,Paul Rudnick"
2491316,Weekend King,120.0,"Romance, Comedy",English,Bill Levesque,Bill Levesque
2093655,Madame Bovary,102.0,Romance,English,Jean Renoir,
1922355,Going Attractions: The Definitive Story of the American Drive-in Movie,85.0,Documentary,English,April Wright,April Wright
2409945,The Saint in New York,72.0,Mystery & thriller,English,Ben Holmes,
2006687,Jungle Manhunt,66.0,Adventure,English,Lew Landers,
2183877,Outliving Dracula: Le Fanu's Carmilla,60.0,"Documentary, Biography, Fantasy",English,"Fergus Daly,Katherine Waugh",
1999057,Jerry and Tom,106.0,"Crime, Drama",English,Saul Rubinek,Rick Cleveland
1777440,City for Conquest,101.0,Drama,English,Anatole Litvak,
1881137,Fair Game,85.0,"Mystery & thriller, Action",English,Mario Andreacchio,Rob George
1792118,Crazy Again,,,,Zalman King,
1825976,Dial M for Murder,105.0,"Crime, Drama, Mystery & thriller",English,Alfred Hitchcock,Frederick Knott
2350859,The Blood Beast Terror,88.0,Horror,English,Vernon Sewell,
2247462,Rock 'n Tokyo,90.0,"Documentary, Music",Japanese,Pamela Valente,Pamela Valente
2293562,Sleeping Dogs,96.0,Sci-fi,English,Micheal Bafaro,
1895952,Flying Saucer Rock 'N' Roll,85.0,"Sci-fi, Comedy",English,Eric Callero,Joe Callero
2296696,Snow White,83.0,"Kids & family, Fantasy",English,Michael Berz,Michael Berz
1832265,"Die, Monster, Die!",78.0,"Horror, Mystery & thriller, Sci-fi",English,Daniel Haller,Jerry Sohl
1737334,Bluebeard's Eighth Wife,85.0,Comedy,English,Ernst Lubitsch,"Charlton Andrews,Charles Brackett,Alfred Savoir,Billy Wilder"
2409236,The Rose Tattoo,117.0,Drama,English,Daniel Mann,"Tennessee Williams,Hal Kanter,Tennessee Williams"
1707667,Bachna Ae Haseeno,152.0,Romance,Hindi,Siddharth Anand,"Devika Bhagat,Aditya Chopra"
2289982,Sinners in Paradise,65.0,Drama,English,James Whale,
2252910,Ruggles of Red Gap,92.0,Comedy,English,Leo McCarey,
2106494,Masterji,178.0,"Drama, Romance",Hindi,K. Raghavendra Rao,Bhagyaraj
1793936,Cross Channel,61.0,"Crime, Drama",English,R. G. Springsteen,
2069356,Les soeurs fâchées,,,,Alexandra Leclère,
1680164,Ambition,100.0,Mystery & thriller,English,Scott D. Goldstein,
1712085,Bandits,112.0,Drama,German,Katja von Garnier,"Uwe Wilhelm,Katja von Garnier"
2417756,The Sunshine Boys,111.0,Comedy,English,Herbert Ross,Neil Simon
2235129,Recep Ivedik,90.0,Comedy,Turkish,Togan Gökbakar,"Serkan Altunigne,Sahan Gökbakar"
1683287,An American Romance,151.0,Drama,English,King Vidor,
1948697,Hidden Agenda,94.0,Mystery & thriller,English,Marc S. Grenier,Les Weldon
2080793,London Dreams,153.0,Musical,Hindi,Vipul Amrutlal Shah,
2468022,Unsettled,81.0,Documentary,English,Adam Hootnick,Adam Hootnick
2140522,Mysterious Mr. Moto,62.0,"Crime, Drama",English,Norman Foster,
2139313,My New Life,80.0,Mystery & thriller,English,Kevin Rhoades,Kevin Rhoades
2516503,Yuva,168.0,Drama,Hindi,Mani Ratnam,"Mani Ratnam,Anurag Kashyap"
1724597,Beyond a Reasonable Doubt,105.0,"Crime, Drama, Mystery & thriller",English,Peter Hyams,Peter Hyams
2052048,Lamerica,116.0,Drama,Italian,Gianni Amelio,Alessandro Sermoneta
1751391,Burn 'Em Up O'Connor,70.0,Drama,English,Edward Sedgwick,
1811349,Dead Poets Society,128.0,Drama,English,Peter Weir,Tom Schulman
2389663,The Maddening,94.0,Mystery & thriller,English,Danny Huston,
2227291,Queen of the Sun: What Are the Bees Telling Us?,82.0,"Documentary, Drama",English,Taggart Siegel,
2510175,Yaad Rakhegi Duniya,180.0,"Drama, Romance",Hindi,Deepak Anand,Anees Bazmee
2321588,Sunset Grill,103.0,Action,English,Kevin Connor,
2352254,The Boys of Ghost Town,102.0,Drama,English,Pablo Véliz,Manuel Garcia
2138456,My Grandfather's Clock,17.0,"Musical, Comedy, Mystery & thriller",English,Felix E. Feist,Felix E. Feist
2362127,The Despair,90.0,Horror,English,Mike Crawford,
2454380,Turning Green,85.0,"Comedy, Drama",English,"Michael Aimette,John G. Hofmann","Michael Aimette,John G. Hofmann"
2039200,La dolce vita,175.0,Drama,English,Federico Fellini,"Federico Fellini,Ennio Flaiano,Pier Paolo Pasolini,Tullio Pinelli"
2333378,Tarantula,80.0,Sci-fi,English,Jack Arnold,
2027851,Kuch Tum Kaho Kuch Hum Kahein,171.0,"Drama, Romance, Action",Hindi,Ravi Shankar,
2138637,My Hustler,79.0,Drama,English,"Andy Warhol,Chuck Wein",
2089359,Lucky Partners,102.0,Comedy,English,Lewis Milestone,"Allan Scott,John Van Druten"
1740995,Booty Call,79.0,Comedy,English,Jeff Pollack,Takashi Bufford
2333180,Tapestries of Hope,76.0,Documentary,English,Michealene Cristini Risley,
1702085,Au galop,93.0,Comedy,French (France),Louis-Do de Lencquesaing,Louis-Do de Lencquesaing
2387564,The Little Traitor,89.0,Drama,English,Lynn Roth,Lynn Roth
1650631,A House Is Not a Home,98.0,Biography,English,Russell Rouse,"Russell Rouse,Clarence Greene"
2150379,Nevada,108.0,Drama,English,Gary Tieche,Gary Tieche
1717792,Beautiful Son,63.0,Documentary,English,"Don King,Julianne Yamamoto King",
2469923,Upperworld,72.0,"Crime, Drama",English,Roy Del Ruth,
2318137,Stunt Pilot,62.0,Action,English,George Waggner,
1764785,Cellar Dweller,77.0,Horror,English,John Carl Buechler,
2499372,Whoopee!,93.0,"Musical, Comedy",English,Thornton Freeland,
1726561,Big,104.0,"Kids & family, Comedy, Fantasy",English,Penny Marshall,"Gary Ross,Anne Spielberg"
1824271,Detour,70.0,Comedy,English,David Dellecese,David Dellecese
2446642,Train Ride to Hollywood,89.0,"Comedy, Drama, Fantasy",English,Charles Rondeau,Dan Gordon
2080057,Lock 'n' Load,86.0,Action,English,David A. Prior,
1680855,American Cannibal: The Road to Reality,91.0,Documentary,English,"Perry Grebin,Michael Nigro",
2342745,The 7th Voyage of Sinbad,89.0,"Fantasy, Adventure",English,Nathan Juran,"Ken Kolb,Ray Harryhausen,Jerome Thoms"
2381838,The Joneses,93.0,"Comedy, Drama",English,Derrick Borte,Derrick Borte
1740904,Boot Hill Bandits,59.0,Western,English,S. Roy Luby,
2493013,Westbound,72.0,Western,English,Budd Boetticher,
1924209,Good Fortune,73.0,Documentary,English,Landon Van Soest,
2179937,Ori,85.0,Drama,Spanish,Miguel Ángel Jiménez,Luis Moya
1735615,Blood Harvest,90.0,Horror,English,Bill Rebane,
2350924,The Bloody Indulgent,80.0,"Comedy, Horror, Musical, Mystery & thriller",English,Ken Roht,Ken Roht
1768148,Charlie's Angels,98.0,"Action, Comedy",English,McG,"John August,Ryan Rowe"
